Workbook
Name Lst_Banka_Kasa: [2]!Tbl_Banka_Kasa[Banka-Kasa]
Name lst_EmlakTipi: [3]!tbl_ayar_EmlakTipi[Emlak Tipi]
Name Lst_Maliye_Kategorileri: OFFSET([2]Pvt_Listeler!$A$3,1,0,COUNTA([2]Pvt_Listeler!$A:$A)-1,1)
Name lst_Müşteriler: [3]!Tablo1[İsim Soyisim]
Name Lst_Ödeme_Yön: [2]!Tbl_Ödeme_Yön[Ödeme Yöntemi]
Name lst_Satılık_Kiralık: [3]!tbl_ayar_Satılık[Satılık/Kiralık]
Name Lst_Satış_Per: [5]!Tablo2[Ad Soyad]
Name Lst_Servis: [2]!Tbl_Sektör_Kategori[Servis]
Name Lst_TümHisseler: [6]!TÜM_HİSSELER_1[Menkul]
Name Lst_Ürün_Ailesi: [2]!Tbl_Ürün_Ailesi[Ürün Ailesi]
Name Lst_Ürünler: Tbl_Ürünler[Ürün Adı]
Name Lst_Ürünlerim: [7]!Tablo2[Ürün Adı]
Name Lst_Yıl_Ay: [2]!Tablo8[Tarihler]
Name oran: [8]Ürün_Fiyat_Listesi!$E$3

Sheet G_Sipariş Fişi
B2: SİPARİŞ FİŞİ | E2: Şirket Logosu
B5: Tarih: | C5: =NOW() -> 45036.561
B6: Sipariş No: | C6: SPR-001 | E6: Sipariş Toplamı | F6: =SUM(Tablo6[Toplam Tutar*]) -> 383.6
B9: Sıra No | C9: Ürün Adı | D9: Adet | E9: Birim Fiyat (TRY)* | F9: Toplam Tutar*
B10: 1 | C10: peyn | D10: 2 | E10: =IFERROR(VLOOKUP(Tablo6[[#This Row],[Ürün Adı]],Tbl_Ürünler[],2,0),"") | F10: =IFERROR(Tablo6[[#This Row],[Birim Fiyat (TRY)*]]*Tablo6[[#This Row],[Adet]],"")
B11: 2 | C11: DANA KUSBASI | D11: 5 | E11: =IFERROR(VLOOKUP(Tablo6[[#This Row],[Ürün Adı]],Tbl_Ürünler[],2,0),"") -> 23.9 | F11: =IFERROR(Tablo6[[#This Row],[Birim Fiyat (TRY)*]]*Tablo6[[#This Row],[Adet]],"") -> 119.5
B12: 3 | C12: BEBELAC 1 900 GR BEBEK SÜTÜ DOĞ.İTİBAREN | D12: 2 | E12: =IFERROR(VLOOKUP(Tablo6[[#This Row],[Ürün Adı]],Tbl_Ürünler[],2,0),"") -> 26.65 | F12: =IFERROR(Tablo6[[#This Row],[Birim Fiyat (TRY)*]]*Tablo6[[#This Row],[Adet]],"") -> 53.3
B13: 4 | C13: F NEFFIS TAZE KASAR PEYNIRI 1000 GR | D13: 3 | E13: =IFERROR(VLOOKUP(Tablo6[[#This Row],[Ürün Adı]],Tbl_Ürünler[],2,0),"") -> 15.75 | F13: =IFERROR(Tablo6[[#This Row],[Birim Fiyat (TRY)*]]*Tablo6[[#This Row],[Adet]],"") -> 47.25
B14: 5 | C14: P.BAHCE CAMASIR SEPETI RATTAN | D14: 1 | E14: =IFERROR(VLOOKUP(Tablo6[[#This Row],[Ürün Adı]],Tbl_Ürünler[],2,0),"") -> 27.95 | F14: =IFERROR(Tablo6[[#This Row],[Birim Fiyat (TRY)*]]*Tablo6[[#This Row],[Adet]],"") -> 27.95
B15: 6 | C15: CALGONIT QUANTUM 60 LI TABLET | D15: 4 | E15: =IFERROR(VLOOKUP(Tablo6[[#This Row],[Ürün Adı]],Tbl_Ürünler[],2,0),"") -> 33.9 | F15: =IFERROR(Tablo6[[#This Row],[Birim Fiyat (TRY)*]]*Tablo6[[#This Row],[Adet]],"") -> 135.6
B16: 7 | E16: =IFERROR(VLOOKUP(Tablo6[[#This Row],[Ürün Adı]],Tbl_Ürünler[],2,0),"") | F16: =IFERROR(Tablo6[[#This Row],[Birim Fiyat (TRY)*]]*Tablo6[[#This Row],[Adet]],"")
B17: 8 | E17: =IFERROR(VLOOKUP(Tablo6[[#This Row],[Ürün Adı]],Tbl_Ürünler[],2,0),"") | F17: =IFERROR(Tablo6[[#This Row],[Birim Fiyat (TRY)*]]*Tablo6[[#This Row],[Adet]],"")
B18: 9 | E18: =IFERROR(VLOOKUP(Tablo6[[#This Row],[Ürün Adı]],Tbl_Ürünler[],2,0),"") | F18: =IFERROR(Tablo6[[#This Row],[Birim Fiyat (TRY)*]]*Tablo6[[#This Row],[Adet]],"")
B19: 10 | E19: =IFERROR(VLOOKUP(Tablo6[[#This Row],[Ürün Adı]],Tbl_Ürünler[],2,0),"") | F19: =IFERROR(Tablo6[[#This Row],[Birim Fiyat (TRY)*]]*Tablo6[[#This Row],[Adet]],"")

Sheet Ürünlerim
B2: ÜRÜNLERİM
B5: Ürün Adı | C5: Fiyat
B6: CANPED POLITENLI BUYUK BOY 30'LU | C6: 35.65
B7: SAMSUN 216 SOFT | C7: 5.5
B8: SİHİRLİ ELLER CİG KÖFTE 200GR | C8: 17.99
B9: TOZ SEKER | C9: 2.65
B10: F NEFFIS UN 25 KG | C10: 29.9
B11: DANA BONFILE | C11: 32.9
B12: CAYKUR RIZE TURIST CAYI 1 KG+500 GR | C12: 17.99
B13: OSMANCIK PIRINC KG. | C13: 3.75
B14: DANA KUSBASI | C14: 23.9
B15: KUZU KOL | C15: 23.5
B16: DANA GULAS | C16: 23.9
B17: DOGUS FILIZ CAY 1 KG +TOMURCUK CAY | C17: 12.9
... B756: CANBEBE AVANTAJ PK. MINI 88 AD 3-6KG | C756: 21.95

Sheet Searchable
B4: Ürün1 | E4: Ürün2 | H4: Ürün3 | K4: Ürün4 | N4: Ürün5 | Q4: Ürün6 | T4: Ürün7 | W4: Ürün8 | Z4: Ürün9 | AC4: Ürün10
A5: Ürünler | B5: Search | C5: Freq | D5: List | E5: Search | F5: Freq | G5: List | H5: Search | I5: Freq | J5: List | K5: Search | L5: Freq | M5: List | N5: Search | O5: Freq | P5: List | Q5: Search | R5: Freq | S5: List | T5: Search | U5: Freq | V5: List | W5: Search | X5: Freq | Y5: List | Z5: Search | AA5: Freq | AB5: List | AC5: Search | AD5: Freq | AE5: List
A6: =Tbl_Ürünler[[#This Row],[Ürün Adı]] -> CANPED POLITENLI BUYUK BOY 30'LU | B6: =IF(ISERROR(SEARCH('G_Sipariş Fişi'!$C$10,$A6)),0,1) -> 0 | C6: =IF(B6=0,0,COUNTIF($B$6:B6,1)) -> 0 | D6: =IFERROR(INDEX($A:$A,MATCH(ROW(C5)-4,C:C,0)),"") -> SUTAS TOST KASAR PEYNIR 700 GR | E6: =IF(ISERROR(SEARCH('G_Sipariş Fişi'!$C$11,$A6)),0,1) -> 0 | F6: =IF(E6=0,0,COUNTIF($E$6:E6,1)) -> 0 | G6: =IFERROR(INDEX($A:$A,MATCH(ROW(F5)-4,F:F,0)),"") -> DANA KUSBASI | H6: =IF(ISERROR(SEARCH('G_Sipariş Fişi'!$C$12,$A6)),0,1) -> 0 | I6: =IF(H6=0,0,COUNTIF(H$6:$H6,1)) -> 0 | J6: =IFERROR(INDEX($A:$A,MATCH(ROW(I5)-4,I:I,0)),"") -> BEBELAC 1 900 GR BEBEK SÜTÜ DOĞ.İTİBAREN | K6: =IF(ISERROR(SEARCH('G_Sipariş Fişi'!$C$13,$A6)),0,1) -> 0 | L6: =IF(K6=0,0,COUNTIF($K$6:K6,1)) -> 0 | M6: =IFERROR(INDEX($A:$A,MATCH(ROW(L5)-4,L:L,0)),"") -> F NEFFIS TAZE KASAR PEYNIRI 1000 GR | N6: =IF(ISERROR(SEARCH('G_Sipariş Fişi'!$C$14,$A6)),0,1) -> 0 | O6: =IF(N6=0,0,COUNTIF($N$6:N6,1)) -> 0 | P6: =IFERROR(INDEX($A:$A,MATCH(ROW(O5)-4,O:O,0)),"") -> P.BAHCE CAMASIR SEPETI RATTAN | Q6: =IF(ISERROR(SEARCH('G_Sipariş Fişi'!$C$15,$A6)),0,1) -> 0 | R6: =IF(Q6=0,0,COUNTIF($Q$6:Q6,1)) -> 0 | S6: =IFERROR(INDEX($A:$A,MATCH(ROW(R5)-4,R:R,0)),"") -> CALGONIT QUANTUM 60 LI TABLET | T6: =IF(ISERROR(SEARCH('G_Sipariş Fişi'!$C$16,$A6)),0,1) -> 1 | U6: =IF(T6=0,0,COUNTIF($T$6:T6,1)) -> 1 | V6: =IFERROR(INDEX($A:$A,MATCH(ROW(U5)-4,U:U,0)),"") -> CANPED POLITENLI BUYUK BOY 30'LU | W6: =IF(ISERROR(SEARCH('G_Sipariş Fişi'!$C$17,$A6)),0,1) -> 1 | X6: =IF(W6=0,0,COUNTIF($W$6:W6,1)) -> 1 | Y6: =IFERROR(INDEX($A:$A,MATCH(ROW(X5)-4,X:X,0)),"") -> CANPED POLITENLI BUYUK BOY 30'LU | Z6: =IF(ISERROR(SEARCH('G_Sipariş Fişi'!$C$18,$A6)),0,1) -> 1 | AA6: =IF(Z6=0,0,COUNTIF($Z$6:Z6,1)) -> 1 | AB6: =IFERROR(INDEX($A:$A,MATCH(ROW(AA5)-4,AA:AA,0)),"") -> CANPED POLITENLI BUYUK BOY 30'LU | AC6: =IF(ISERROR(SEARCH('G_Sipariş Fişi'!$C$19,$A6)),0,1) -> 1 | AD6: =IF(AC6=0,0,COUNTIF($AC$6:AC6,1)) -> 1 | AE6: =IFERROR(INDEX($A:$A,MATCH(ROW(AD5)-4,AD:AD,0)),"") -> CANPED POLITENLI BUYUK BOY 30'LU
A7: =Tbl_Ürünler[[#This Row],[Ürün Adı]] -> SAMSUN 216 SOFT | B7: =IF(ISERROR(SEARCH('G_Sipariş Fişi'!$C$10,$A7)),0,1) -> 0 | C7: =IF(B7=0,0,COUNTIF($B$6:B7,1)) -> 0 | D7: =IFERROR(INDEX($A:$A,MATCH(ROW(C6)-4,C:C,0)),"") -> SUTAS BEYAZ PEYNIR 1KG PLAS. | E7: =IF(ISERROR(SEARCH('G_Sipariş Fişi'!$C$11,$A7)),0,1) -> 0 | F7: =IF(E7=0,0,COUNTIF($E$6:E7,1)) -> 0 | G7: =IFERROR(INDEX($A:$A,MATCH(ROW(F6)-4,F:F,0)),"") | H7: =IF(ISERROR(SEARCH('G_Sipariş Fişi'!$C$12,$A7)),0,1) -> 0 | I7: =IF(H7=0,0,COUNTIF(H$6:$H7,1)) -> 0 | J7: =IFERROR(INDEX($A:$A,MATCH(ROW(I6)-4,I:I,0)),"") | K7: =IF(ISERROR(SEARCH('G_Sipariş Fişi'!$C$13,$A7)),0,1) -> 0 | L7: =IF(K7=0,0,COUNTIF($K$6:K7,1)) -> 0 | M7: =IFERROR(INDEX($A:$A,MATCH(ROW(L6)-4,L:L,0)),"") | N7: =IF(ISERROR(SEARCH('G_Sipariş Fişi'!$C$14,$A7)),0,1) -> 0 | O7: =IF(N7=0,0,COUNTIF($N$6:N7,1)) -> 0 | P7: =IFERROR(INDEX($A:$A,MATCH(ROW(O6)-4,O:O,0)),"") | Q7: =IF(ISERROR(SEARCH('G_Sipariş Fişi'!$C$15,$A7)),0,1) -> 0 | R7: =IF(Q7=0,0,COUNTIF($Q$6:Q7,1)) -> 0 | S7: =IFERROR(INDEX($A:$A,MATCH(ROW(R6)-4,R:R,0)),"") | T7: =IF(ISERROR(SEARCH('G_Sipariş Fişi'!$C$16,$A7)),0,1) -> 1 | U7: =IF(T7=0,0,COUNTIF($T$6:T7,1)) -> 2 | V7: =IFERROR(INDEX($A:$A,MATCH(ROW(U6)-4,U:U,0)),"") -> SAMSUN 216 SOFT | W7: =IF(ISERROR(SEARCH('G_Sipariş Fişi'!$C$17,$A7)),0,1) -> 1 | X7: =IF(W7=0,0,COUNTIF($W$6:W7,1)) -> 2 | Y7: =IFERROR(INDEX($A:$A,MATCH(ROW(X6)-4,X:X,0)),"") -> SAMSUN 216 SOFT | Z7: =IF(ISERROR(SEARCH('G_Sipariş Fişi'!$C$18,$A7)),0,1) -> 1 | AA7: =IF(Z7=0,0,COUNTIF($Z$6:Z7,1)) -> 2 | AB7: =IFERROR(INDEX($A:$A,MATCH(ROW(AA6)-4,AA:AA,0)),"") -> SAMSUN 216 SOFT | AC7: =IF(ISERROR(SEARCH('G_Sipariş Fişi'!$C$19,$A7)),0,1) -> 1 | AD7: =IF(AC7=0,0,COUNTIF($AC$6:AC7,1)) -> 2 | AE7: =IFERROR(INDEX($A:$A,MATCH(ROW(AD6)-4,AD:AD,0)),"") -> SAMSUN 216 SOFT
A8: =Tbl_Ürünler[[#This Row],[Ürün Adı]] -> SİHİRLİ ELLER CİG KÖFTE 200GR | B8: =IF(ISERROR(SEARCH('G_Sipariş Fişi'!$C$10,$A8)),0,1) -> 0 | C8: =IF(B8=0,0,COUNTIF($B$6:B8,1)) -> 0 | D8: =IFERROR(INDEX($A:$A,MATCH(ROW(C7)-4,C:C,0)),"") -> EKICI TAM YAGLI BEYAZ PEYNIR | E8: =IF(ISERROR(SEARCH('G_Sipariş Fişi'!$C$11,$A8)),0,1) -> 0 | F8: =IF(E8=0,0,COUNTIF($E$6:E8,1)) -> 0 | G8: =IFERROR(INDEX($A:$A,MATCH(ROW(F7)-4,F:F,0)),"") | H8: =IF(ISERROR(SEARCH('G_Sipariş Fişi'!$C$12,$A8)),0,1) -> 0 | I8: =IF(H8=0,0,COUNTIF(H$6:$H8,1)) -> 0 | J8: =IFERROR(INDEX($A:$A,MATCH(ROW(I7)-4,I:I,0)),"") | K8: =IF(ISERROR(SEARCH('G_Sipariş Fişi'!$C$13,$A8)),0,1) -> 0 | L8: =IF(K8=0,0,COUNTIF($K$6:K8,1)) -> 0 | M8: =IFERROR(INDEX($A:$A,MATCH(ROW(L7)-4,L:L,0)),"") | N8: =IF(ISERROR(SEARCH('G_Sipariş Fişi'!$C$14,$A8)),0,1) -> 0 | O8: =IF(N8=0,0,COUNTIF($N$6:N8,1)) -> 0 | P8: =IFERROR(INDEX($A:$A,MATCH(ROW(O7)-4,O:O,0)),"") | Q8: =IF(ISERROR(SEARCH('G_Sipariş Fişi'!$C$15,$A8)),0,1) -> 0 | R8: =IF(Q8=0,0,COUNTIF($Q$6:Q8,1)) -> 0 | S8: =IFERROR(INDEX($A:$A,MATCH(ROW(R7)-4,R:R,0)),"") | T8: =IF(ISERROR(SEARCH('G_Sipariş Fişi'!$C$16,$A8)),0,1) -> 1 | U8: =IF(T8=0,0,COUNTIF($T$6:T8,1)) -> 3 | V8: =IFERROR(INDEX($A:$A,MATCH(ROW(U7)-4,U:U,0)),"") -> SİHİRLİ ELLER CİG KÖFTE 200GR | W8: =IF(ISERROR(SEARCH('G_Sipariş Fişi'!$C$17,$A8)),0,1) -> 1 | X8: =IF(W8=0,0,COUNTIF($W$6:W8,1)) -> 3 | Y8: =IFERROR(INDEX($A:$A,MATCH(ROW(X7)-4,X:X,0)),"") -> SİHİRLİ ELLER CİG KÖFTE 200GR | Z8: =IF(ISERROR(SEARCH('G_Sipariş Fişi'!$C$18,$A8)),0,1) -> 1 | AA8: =IF(Z8=0,0,COUNTIF($Z$6:Z8,1)) -> 3 | AB8: =IFERROR(INDEX($A:$A,MATCH(ROW(AA7)-4,AA:AA,0)),"") -> SİHİRLİ ELLER CİG KÖFTE 200GR | AC8: =IF(ISERROR(SEARCH('G_Sipariş Fişi'!$C$19,$A8)),0,1) -> 1 | AD8: =IF(AC8=0,0,COUNTIF($AC$6:AC8,1)) -> 3 | AE8: =IFERROR(INDEX($A:$A,MATCH(ROW(AD7)-4,AD:AD,0)),"") -> SİHİRLİ ELLER CİG KÖFTE 200GR
A9: =Tbl_Ürünler[[#This Row],[Ürün Adı]] -> TOZ SEKER | B9: =IF(ISERROR(SEARCH('G_Sipariş Fişi'!$C$10,$A9)),0,1) -> 0 | C9: =IF(B9=0,0,COUNTIF($B$6:B9,1)) -> 0 | D9: =IFERROR(INDEX($A:$A,MATCH(ROW(C8)-4,C:C,0)),"") -> FAVORIM TAM YAGLI EZINE PEYNIRI | E9: =IF(ISERROR(SEARCH('G_Sipariş Fişi'!$C$11,$A9)),0,1) -> 0 | F9: =IF(E9=0,0,COUNTIF($E$6:E9,1)) -> 0 | G9: =IFERROR(INDEX($A:$A,MATCH(ROW(F8)-4,F:F,0)),"") | H9: =IF(ISERROR(SEARCH('G_Sipariş Fişi'!$C$12,$A9)),0,1) -> 0 | I9: =IF(H9=0,0,COUNTIF(H$6:$H9,1)) -> 0 | J9: =IFERROR(INDEX($A:$A,MATCH(ROW(I8)-4,I:I,0)),"") | K9: =IF(ISERROR(SEARCH('G_Sipariş Fişi'!$C$13,$A9)),0,1) -> 0 | L9: =IF(K9=0,0,COUNTIF($K$6:K9,1)) -> 0 | M9: =IFERROR(INDEX($A:$A,MATCH(ROW(L8)-4,L:L,0)),"") | N9: =IF(ISERROR(SEARCH('G_Sipariş Fişi'!$C$14,$A9)),0,1) -> 0 | O9: =IF(N9=0,0,COUNTIF($N$6:N9,1)) -> 0 | P9: =IFERROR(INDEX($A:$A,MATCH(ROW(O8)-4,O:O,0)),"") | Q9: =IF(ISERROR(SEARCH('G_Sipariş Fişi'!$C$15,$A9)),0,1) -> 0 | R9: =IF(Q9=0,0,COUNTIF($Q$6:Q9,1)) -> 0 | S9: =IFERROR(INDEX($A:$A,MATCH(ROW(R8)-4,R:R,0)),"") | T9: =IF(ISERROR(SEARCH('G_Sipariş Fişi'!$C$16,$A9)),0,1) -> 1 | U9: =IF(T9=0,0,COUNTIF($T$6:T9,1)) -> 4 | V9: =IFERROR(INDEX($A:$A,MATCH(ROW(U8)-4,U:U,0)),"") -> TOZ SEKER | W9: =IF(ISERROR(SEARCH('G_Sipariş Fişi'!$C$17,$A9)),0,1) -> 1 | X9: =IF(W9=0,0,COUNTIF($W$6:W9,1)) -> 4 | Y9: =IFERROR(INDEX($A:$A,MATCH(ROW(X8)-4,X:X,0)),"") -> TOZ SEKER | Z9: =IF(ISERROR(SEARCH('G_Sipariş Fişi'!$C$18,$A9)),0,1) -> 1 | AA9: =IF(Z9=0,0,COUNTIF($Z$6:Z9,1)) -> 4 | AB9: =IFERROR(INDEX($A:$A,MATCH(ROW(AA8)-4,AA:AA,0)),"") -> TOZ SEKER | AC9: =IF(ISERROR(SEARCH('G_Sipariş Fişi'!$C$19,$A9)),0,1) -> 1 | AD9: =IF(AC9=0,0,COUNTIF($AC$6:AC9,1)) -> 4 | AE9: =IFERROR(INDEX($A:$A,MATCH(ROW(AD8)-4,AD:AD,0)),"") -> TOZ SEKER
A10: =Tbl_Ürünler[[#This Row],[Ürün Adı]] -> F NEFFIS UN 25 KG | B10: =IF(ISERROR(SEARCH('G_Sipariş Fişi'!$C$10,$A10)),0,1) -> 0 | C10: =IF(B10=0,0,COUNTIF($B$6:B10,1)) -> 0 | D10: =IFERROR(INDEX($A:$A,MATCH(ROW(C9)-4,C:C,0)),"") -> PINAR KAH.KEYFI BEYAZ PEYNIR 800 GR | E10: =IF(ISERROR(SEARCH('G_Sipariş Fişi'!$C$11,$A10)),0,1) -> 0 | F10: =IF(E10=0,0,COUNTIF($E$6:E10,1)) -> 0 | G10: =IFERROR(INDEX($A:$A,MATCH(ROW(F9)-4,F:F,0)),"") | H10: =IF(ISERROR(SEARCH('G_Sipariş Fişi'!$C$12,$A10)),0,1) -> 0 | I10: =IF(H10=0,0,COUNTIF(H$6:$H10,1)) -> 0 | J10: =IFERROR(INDEX($A:$A,MATCH(ROW(I9)-4,I:I,0)),"") | K10: =IF(ISERROR(SEARCH('G_Sipariş Fişi'!$C$13,$A10)),0,1) -> 0 | L10: =IF(K10=0,0,COUNTIF($K$6:K10,1)) -> 0 | M10: =IFERROR(INDEX($A:$A,MATCH(ROW(L9)-4,L:L,0)),"") | N10: =IF(ISERROR(SEARCH('G_Sipariş Fişi'!$C$14,$A10)),0,1) -> 0 | O10: =IF(N10=0,0,COUNTIF($N$6:N10,1)) -> 0 | P10: =IFERROR(INDEX($A:$A,MATCH(ROW(O9)-4,O:O,0)),"") | Q10: =IF(ISERROR(SEARCH('G_Sipariş Fişi'!$C$15,$A10)),0,1) -> 0 | R10: =IF(Q10=0,0,COUNTIF($Q$6:Q10,1)) -> 0 | S10: =IFERROR(INDEX($A:$A,MATCH(ROW(R9)-4,R:R,0)),"") | T10: =IF(ISERROR(SEARCH('G_Sipariş Fişi'!$C$16,$A10)),0,1) -> 1 | U10: =IF(T10=0,0,COUNTIF($T$6:T10,1)) -> 5 | V10: =IFERROR(INDEX($A:$A,MATCH(ROW(U9)-4,U:U,0)),"") -> F NEFFIS UN 25 KG | W10: =IF(ISERROR(SEARCH('G_Sipariş Fişi'!$C$17,$A10)),0,1) -> 1 | X10: =IF(W10=0,0,COUNTIF($W$6:W10,1)) -> 5 | Y10: =IFERROR(INDEX($A:$A,MATCH(ROW(X9)-4,X:X,0)),"") -> F NEFFIS UN 25 KG | Z10: =IF(ISERROR(SEARCH('G_Sipariş Fişi'!$C$18,$A10)),0,1) -> 1 | AA10: =IF(Z10=0,0,COUNTIF($Z$6:Z10,1)) -> 5 | AB10: =IFERROR(INDEX($A:$A,MATCH(ROW(AA9)-4,AA:AA,0)),"") -> F NEFFIS UN 25 KG | AC10: =IF(ISERROR(SEARCH('G_Sipariş Fişi'!$C$19,$A10)),0,1) -> 1 | AD10: =IF(AC10=0,0,COUNTIF($AC$6:AC10,1)) -> 5 | AE10: =IFERROR(INDEX($A:$A,MATCH(ROW(AD9)-4,AD:AD,0)),"") -> F NEFFIS UN 25 KG
A11: =Tbl_Ürünler[[#This Row],[Ürün Adı]] -> DANA BONFILE | B11: =IF(ISERROR(SEARCH('G_Sipariş Fişi'!$C$10,$A11)),0,1) -> 0 | C11: =IF(B11=0,0,COUNTIF($B$6:B11,1)) -> 0 | D11: =IFERROR(INDEX($A:$A,MATCH(ROW(C10)-4,C:C,0)),"") -> AL GUNDUZ TRAKYA BEYAZ PEYNIR | E11: =IF(ISERROR(SEARCH('G_Sipariş Fişi'!$C$11,$A11)),0,1) -> 0 | F11: =IF(E11=0,0,COUNTIF($E$6:E11,1)) -> 0 | G11: =IFERROR(INDEX($A:$A,MATCH(ROW(F10)-4,F:F,0)),"") | H11: =IF(ISERROR(SEARCH('G_Sipariş Fişi'!$C$12,$A11)),0,1) -> 0 | I11: =IF(H11=0,0,COUNTIF(H$6:$H11,1)) -> 0 | J11: =IFERROR(INDEX($A:$A,MATCH(ROW(I10)-4,I:I,0)),"") | K11: =IF(ISERROR(SEARCH('G_Sipariş Fişi'!$C$13,$A11)),0,1) -> 0 | L11: =IF(K11=0,0,COUNTIF($K$6:K11,1)) -> 0 | M11: =IFERROR(INDEX($A:$A,MATCH(ROW(L10)-4,L:L,0)),"") | N11: =IF(ISERROR(SEARCH('G_Sipariş Fişi'!$C$14,$A11)),0,1) -> 0 | O11: =IF(N11=0,0,COUNTIF($N$6:N11,1)) -> 0 | P11: =IFERROR(INDEX($A:$A,MATCH(ROW(O10)-4,O:O,0)),"") | Q11: =IF(ISERROR(SEARCH('G_Sipariş Fişi'!$C$15,$A11)),0,1) -> 0 | R11: =IF(Q11=0,0,COUNTIF($Q$6:Q11,1)) -> 0 | S11: =IFERROR(INDEX($A:$A,MATCH(ROW(R10)-4,R:R,0)),"") | T11: =IF(ISERROR(SEARCH('G_Sipariş Fişi'!$C$16,$A11)),0,1) -> 1 | U11: =IF(T11=0,0,COUNTIF($T$6:T11,1)) -> 6 | V11: =IFERROR(INDEX($A:$A,MATCH(ROW(U10)-4,U:U,0)),"") -> DANA BONFILE | W11: =IF(ISERROR(SEARCH('G_Sipariş Fişi'!$C$17,$A11)),0,1) -> 1 | X11: =IF(W11=0,0,COUNTIF($W$6:W11,1)) -> 6 | Y11: =IFERROR(INDEX($A:$A,MATCH(ROW(X10)-4,X:X,0)),"") -> DANA BONFILE | Z11: =IF(ISERROR(SEARCH('G_Sipariş Fişi'!$C$18,$A11)),0,1) -> 1 | AA11: =IF(Z11=0,0,COUNTIF($Z$6:Z11,1)) -> 6 | AB11: =IFERROR(INDEX($A:$A,MATCH(ROW(AA10)-4,AA:AA,0)),"") -> DANA BONFILE | AC11: =IF(ISERROR(SEARCH('G_Sipariş Fişi'!$C$19,$A11)),0,1) -> 1 | AD11: =IF(AC11=0,0,COUNTIF($AC$6:AC11,1)) -> 6 | AE11: =IFERROR(INDEX($A:$A,MATCH(ROW(AD10)-4,AD:AD,0)),"") -> DANA BONFILE
A12: =Tbl_Ürünler[[#This Row],[Ürün Adı]] -> CAYKUR RIZE TURIST CAYI 1 KG+500 GR | B12: =IF(ISERROR(SEARCH('G_Sipariş Fişi'!$C$10,$A12)),0,1) -> 0 | C12: =IF(B12=0,0,COUNTIF($B$6:B12,1)) -> 0 | D12: =IFERROR(INDEX($A:$A,MATCH(ROW(C11)-4,C:C,0)),"") -> DERYA TAMYAGLI BEYAZ PEYNIR | E12: =IF(ISERROR(SEARCH('G_Sipariş Fişi'!$C$11,$A12)),0,1) -> 0 | F12: =IF(E12=0,0,COUNTIF($E$6:E12,1)) -> 0 | G12: =IFERROR(INDEX($A:$A,MATCH(ROW(F11)-4,F:F,0)),"") | H12: =IF(ISERROR(SEARCH('G_Sipariş Fişi'!$C$12,$A12)),0,1) -> 0 | I12: =IF(H12=0,0,COUNTIF(H$6:$H12,1)) -> 0 | J12: =IFERROR(INDEX($A:$A,MATCH(ROW(I11)-4,I:I,0)),"") | K12: =IF(ISERROR(SEARCH('G_Sipariş Fişi'!$C$13,$A12)),0,1) -> 0 | L12: =IF(K12=0,0,COUNTIF($K$6:K12,1)) -> 0 | M12: =IFERROR(INDEX($A:$A,MATCH(ROW(L11)-4,L:L,0)),"") | N12: =IF(ISERROR(SEARCH('G_Sipariş Fişi'!$C$14,$A12)),0,1) -> 0 | O12: =IF(N12=0,0,COUNTIF($N$6:N12,1)) -> 0 | P12: =IFERROR(INDEX($A:$A,MATCH(ROW(O11)-4,O:O,0)),"") | Q12: =IF(ISERROR(SEARCH('G_Sipariş Fişi'!$C$15,$A12)),0,1) -> 0 | R12: =IF(Q12=0,0,COUNTIF($Q$6:Q12,1)) -> 0 | S12: =IFERROR(INDEX($A:$A,MATCH(ROW(R11)-4,R:R,0)),"") | T12: =IF(ISERROR(SEARCH('G_Sipariş Fişi'!$C$16,$A12)),0,1) -> 1 | U12: =IF(T12=0,0,COUNTIF($T$6:T12,1)) -> 7 | V12: =IFERROR(INDEX($A:$A,MATCH(ROW(U11)-4,U:U,0)),"") -> CAYKUR RIZE TURIST CAYI 1 KG+500 GR | W12: =IF(ISERROR(SEARCH('G_Sipariş Fişi'!$C$17,$A12)),0,1) -> 1 | X12: =IF(W12=0,0,COUNTIF($W$6:W12,1)) -> 7 | Y12: =IFERROR(INDEX($A:$A,MATCH(ROW(X11)-4,X:X,0)),"") -> CAYKUR RIZE TURIST CAYI 1 KG+500 GR | Z12: =IF(ISERROR(SEARCH('G_Sipariş Fişi'!$C$18,$A12)),0,1) -> 1 | AA12: =IF(Z12=0,0,COUNTIF($Z$6:Z12,1)) -> 7 | AB12: =IFERROR(INDEX($A:$A,MATCH(ROW(AA11)-4,AA:AA,0)),"") -> CAYKUR RIZE TURIST CAYI 1 KG+500 GR | AC12: =IF(ISERROR(SEARCH('G_Sipariş Fişi'!$C$19,$A12)),0,1) -> 1 | AD12: =IF(AC12=0,0,COUNTIF($AC$6:AC12,1)) -> 7 | AE12: =IFERROR(INDEX($A:$A,MATCH(ROW(AD11)-4,AD:AD,0)),"") -> CAYKUR RIZE TURIST CAYI 1 KG+500 GR
A13: =Tbl_Ürünler[[#This Row],[Ürün Adı]] -> OSMANCIK PIRINC KG. | B13: =IF(ISERROR(SEARCH('G_Sipariş Fişi'!$C$10,$A13)),0,1) -> 0 | C13: =IF(B13=0,0,COUNTIF($B$6:B13,1)) -> 0 | D13: =IFERROR(INDEX($A:$A,MATCH(ROW(C12)-4,C:C,0)),"") -> ICIM BEYAZ PEYNIR 1000GR | E13: =IF(ISERROR(SEARCH('G_Sipariş Fişi'!$C$11,$A13)),0,1) -> 0 | F13: =IF(E13=0,0,COUNTIF($E$6:E13,1)) -> 0 | G13: =IFERROR(INDEX($A:$A,MATCH(ROW(F12)-4,F:F,0)),"") | H13: =IF(ISERROR(SEARCH('G_Sipariş Fişi'!$C$12,$A13)),0,1) -> 0 | I13: =IF(H13=0,0,COUNTIF(H$6:$H13,1)) -> 0 | J13: =IFERROR(INDEX($A:$A,MATCH(ROW(I12)-4,I:I,0)),"") | K13: =IF(ISERROR(SEARCH('G_Sipariş Fişi'!$C$13,$A13)),0,1) -> 0 | L13: =IF(K13=0,0,COUNTIF($K$6:K13,1)) -> 0 | M13: =IFERROR(INDEX($A:$A,MATCH(ROW(L12)-4,L:L,0)),"") | N13: =IF(ISERROR(SEARCH('G_Sipariş Fişi'!$C$14,$A13)),0,1) -> 0 | O13: =IF(N13=0,0,COUNTIF($N$6:N13,1)) -> 0 | P13: =IFERROR(INDEX($A:$A,MATCH(ROW(O12)-4,O:O,0)),"") | Q13: =IF(ISERROR(SEARCH('G_Sipariş Fişi'!$C$15,$A13)),0,1) -> 0 | R13: =IF(Q13=0,0,COUNTIF($Q$6:Q13,1)) -> 0 | S13: =IFERROR(INDEX($A:$A,MATCH(ROW(R12)-4,R:R,0)),"") | T13: =IF(ISERROR(SEARCH('G_Sipariş Fişi'!$C$16,$A13)),0,1) -> 1 | U13: =IF(T13=0,0,COUNTIF($T$6:T13,1)) -> 8 | V13: =IFERROR(INDEX($A:$A,MATCH(ROW(U12)-4,U:U,0)),"") -> OSMANCIK PIRINC KG. | W13: =IF(ISERROR(SEARCH('G_Sipariş Fişi'!$C$17,$A13)),0,1) -> 1 | X13: =IF(W13=0,0,COUNTIF($W$6:W13,1)) -> 8 | Y13: =IFERROR(INDEX($A:$A,MATCH(ROW(X12)-4,X:X,0)),"") -> OSMANCIK PIRINC KG. | Z13: =IF(ISERROR(SEARCH('G_Sipariş Fişi'!$C$18,$A13)),0,1) -> 1 | AA13: =IF(Z13=0,0,COUNTIF($Z$6:Z13,1)) -> 8 | AB13: =IFERROR(INDEX($A:$A,MATCH(ROW(AA12)-4,AA:AA,0)),"") -> OSMANCIK PIRINC KG. | AC13: =IF(ISERROR(SEARCH('G_Sipariş Fişi'!$C$19,$A13)),0,1) -> 1 | AD13: =IF(AC13=0,0,COUNTIF($AC$6:AC13,1)) -> 8 | AE13: =IFERROR(INDEX($A:$A,MATCH(ROW(AD12)-4,AD:AD,0)),"") -> OSMANCIK PIRINC KG.
A14: =Tbl_Ürünler[[#This Row],[Ürün Adı]] -> DANA KUSBASI | B14: =IF(ISERROR(SEARCH('G_Sipariş Fişi'!$C$10,$A14)),0,1) -> 0 | C14: =IF(B14=0,0,COUNTIF($B$6:B14,1)) -> 0 | D14: =IFERROR(INDEX($A:$A,MATCH(ROW(C13)-4,C:C,0)),"") -> CEBEL TULUM PEYNIRI BEZ 1KG | E14: =IF(ISERROR(SEARCH('G_Sipariş Fişi'!$C$11,$A14)),0,1) -> 1 | F14: =IF(E14=0,0,COUNTIF($E$6:E14,1)) -> 1 | G14: =IFERROR(INDEX($A:$A,MATCH(ROW(F13)-4,F:F,0)),"") | H14: =IF(ISERROR(SEARCH('G_Sipariş Fişi'!$C$12,$A14)),0,1) -> 0 | I14: =IF(H14=0,0,COUNTIF(H$6:$H14,1)) -> 0 | J14: =IFERROR(INDEX($A:$A,MATCH(ROW(I13)-4,I:I,0)),"") | K14: =IF(ISERROR(SEARCH('G_Sipariş Fişi'!$C$13,$A14)),0,1) -> 0 | L14: =IF(K14=0,0,COUNTIF($K$6:K14,1)) -> 0 | M14: =IFERROR(INDEX($A:$A,MATCH(ROW(L13)-4,L:L,0)),"") | N14: =IF(ISERROR(SEARCH('G_Sipariş Fişi'!$C$14,$A14)),0,1) -> 0 | O14: =IF(N14=0,0,COUNTIF($N$6:N14,1)) -> 0 | P14: =IFERROR(INDEX($A:$A,MATCH(ROW(O13)-4,O:O,0)),"") | Q14: =IF(ISERROR(SEARCH('G_Sipariş Fişi'!$C$15,$A14)),0,1) -> 0 | R14: =IF(Q14=0,0,COUNTIF($Q$6:Q14,1)) -> 0 | S14: =IFERROR(INDEX($A:$A,MATCH(ROW(R13)-4,R:R,0)),"") | T14: =IF(ISERROR(SEARCH('G_Sipariş Fişi'!$C$16,$A14)),0,1) -> 1 | U14: =IF(T14=0,0,COUNTIF($T$6:T14,1)) -> 9 | V14: =IFERROR(INDEX($A:$A,MATCH(ROW(U13)-4,U:U,0)),"") -> DANA KUSBASI | W14: =IF(ISERROR(SEARCH('G_Sipariş Fişi'!$C$17,$A14)),0,1) -> 1 | X14: =IF(W14=0,0,COUNTIF($W$6:W14,1)) -> 9 | Y14: =IFERROR(INDEX($A:$A,MATCH(ROW(X13)-4,X:X,0)),"") -> DANA KUSBASI | Z14: =IF(ISERROR(SEARCH('G_Sipariş Fişi'!$C$18,$A14)),0,1) -> 1 | AA14: =IF(Z14=0,0,COUNTIF($Z$6:Z14,1)) -> 9 | AB14: =IFERROR(INDEX($A:$A,MATCH(ROW(AA13)-4,AA:AA,0)),"") -> DANA KUSBASI | AC14: =IF(ISERROR(SEARCH('G_Sipariş Fişi'!$C$19,$A14)),0,1) -> 1 | AD14: =IF(AC14=0,0,COUNTIF($AC$6:AC14,1)) -> 9 | AE14: =IFERROR(INDEX($A:$A,MATCH(ROW(AD13)-4,AD:AD,0)),"") -> DANA KUSBASI
A15: =Tbl_Ürünler[[#This Row],[Ürün Adı]] -> KUZU KOL | B15: =IF(ISERROR(SEARCH('G_Sipariş Fişi'!$C$10,$A15)),0,1) -> 0 | C15: =IF(B15=0,0,COUNTIF($B$6:B15,1)) -> 0 | D15: =IFERROR(INDEX($A:$A,MATCH(ROW(C14)-4,C:C,0)),"") -> DERYA YAGLI BEYAZ PEYNİR 1KG | E15: =IF(ISERROR(SEARCH('G_Sipariş Fişi'!$C$11,$A15)),0,1) -> 0 | F15: =IF(E15=0,0,COUNTIF($E$6:E15,1)) -> 0 | G15: =IFERROR(INDEX($A:$A,MATCH(ROW(F14)-4,F:F,0)),"") | H15: =IF(ISERROR(SEARCH('G_Sipariş Fişi'!$C$12,$A15)),0,1) -> 0 | I15: =IF(H15=0,0,COUNTIF(H$6:$H15,1)) -> 0 | J15: =IFERROR(INDEX($A:$A,MATCH(ROW(I14)-4,I:I,0)),"") | K15: =IF(ISERROR(SEARCH('G_Sipariş Fişi'!$C$13,$A15)),0,1) -> 0 | L15: =IF(K15=0,0,COUNTIF($K$6:K15,1)) -> 0 | M15: =IFERROR(INDEX($A:$A,MATCH(ROW(L14)-4,L:L,0)),"") | N15: =IF(ISERROR(SEARCH('G_Sipariş Fişi'!$C$14,$A15)),0,1) -> 0 | O15: =IF(N15=0,0,COUNTIF($N$6:N15,1)) -> 0 | P15: =IFERROR(INDEX($A:$A,MATCH(ROW(O14)-4,O:O,0)),"") | Q15: =IF(ISERROR(SEARCH('G_Sipariş Fişi'!$C$15,$A15)),0,1) -> 0 | R15: =IF(Q15=0,0,COUNTIF($Q$6:Q15,1)) -> 0 | S15: =IFERROR(INDEX($A:$A,MATCH(ROW(R14)-4,R:R,0)),"") | T15: =IF(ISERROR(SEARCH('G_Sipariş Fişi'!$C$16,$A15)),0,1) -> 1 | U15: =IF(T15=0,0,COUNTIF($T$6:T15,1)) -> 10 | V15: =IFERROR(INDEX($A:$A,MATCH(ROW(U14)-4,U:U,0)),"") -> KUZU KOL | W15: =IF(ISERROR(SEARCH('G_Sipariş Fişi'!$C$17,$A15)),0,1) -> 1 | X15: =IF(W15=0,0,COUNTIF($W$6:W15,1)) -> 10 | Y15: =IFERROR(INDEX($A:$A,MATCH(ROW(X14)-4,X:X,0)),"") -> KUZU KOL | Z15: =IF(ISERROR(SEARCH('G_Sipariş Fişi'!$C$18,$A15)),0,1) -> 1 | AA15: =IF(Z15=0,0,COUNTIF($Z$6:Z15,1)) -> 10 | AB15: =IFERROR(INDEX($A:$A,MATCH(ROW(AA14)-4,AA:AA,0)),"") -> KUZU KOL | AC15: =IF(ISERROR(SEARCH('G_Sipariş Fişi'!$C$19,$A15)),0,1) -> 1 | AD15: =IF(AC15=0,0,COUNTIF($AC$6:AC15,1)) -> 10 | AE15: =IFERROR(INDEX($A:$A,MATCH(ROW(AD14)-4,AD:AD,0)),"") -> KUZU KOL
A16: =Tbl_Ürünler[[#This Row],[Ürün Adı]] -> DANA GULAS | B16: =IF(ISERROR(SEARCH('G_Sipariş Fişi'!$C$10,$A16)),0,1) -> 0 | C16: =IF(B16=0,0,COUNTIF($B$6:B16,1)) -> 0 | D16: =IFERROR(INDEX($A:$A,MATCH(ROW(C15)-4,C:C,0)),"") -> F NEFFIS TAZE KASAR PEYNIRI 500 GR | E16: =IF(ISERROR(SEARCH('G_Sipariş Fişi'!$C$11,$A16)),0,1) -> 0 | F16: =IF(E16=0,0,COUNTIF($E$6:E16,1)) -> 0 | G16: =IFERROR(INDEX($A:$A,MATCH(ROW(F15)-4,F:F,0)),"") | H16: =IF(ISERROR(SEARCH('G_Sipariş Fişi'!$C$12,$A16)),0,1) -> 0 | I16: =IF(H16=0,0,COUNTIF(H$6:$H16,1)) -> 0 | J16: =IFERROR(INDEX($A:$A,MATCH(ROW(I15)-4,I:I,0)),"") | K16: =IF(ISERROR(SEARCH('G_Sipariş Fişi'!$C$13,$A16)),0,1) -> 0 | L16: =IF(K16=0,0,COUNTIF($K$6:K16,1)) -> 0 | M16: =IFERROR(INDEX($A:$A,MATCH(ROW(L15)-4,L:L,0)),"") | N16: =IF(ISERROR(SEARCH('G_Sipariş Fişi'!$C$14,$A16)),0,1) -> 0 | O16: =IF(N16=0,0,COUNTIF($N$6:N16,1)) -> 0 | P16: =IFERROR(INDEX($A:$A,MATCH(ROW(O15)-4,O:O,0)),"") | Q16: =IF(ISERROR(SEARCH('G_Sipariş Fişi'!$C$15,$A16)),0,1) -> 0 | R16: =IF(Q16=0,0,COUNTIF($Q$6:Q16,1)) -> 0 | S16: =IFERROR(INDEX($A:$A,MATCH(ROW(R15)-4,R:R,0)),"") | T16: =IF(ISERROR(SEARCH('G_Sipariş Fişi'!$C$16,$A16)),0,1) -> 1 | U16: =IF(T16=0,0,COUNTIF($T$6:T16,1)) -> 11 | V16: =IFERROR(INDEX($A:$A,MATCH(ROW(U15)-4,U:U,0)),"") -> DANA GULAS | W16: =IF(ISERROR(SEARCH('G_Sipariş Fişi'!$C$17,$A16)),0,1) -> 1 | X16: =IF(W16=0,0,COUNTIF($W$6:W16,1)) -> 11 | Y16: =IFERROR(INDEX($A:$A,MATCH(ROW(X15)-4,X:X,0)),"") -> DANA GULAS | Z16: =IF(ISERROR(SEARCH('G_Sipariş Fişi'!$C$18,$A16)),0,1) -> 1 | AA16: =IF(Z16=0,0,COUNTIF($Z$6:Z16,1)) -> 11 | AB16: =IFERROR(INDEX($A:$A,MATCH(ROW(AA15)-4,AA:AA,0)),"") -> DANA GULAS | AC16: =IF(ISERROR(SEARCH('G_Sipariş Fişi'!$C$19,$A16)),0,1) -> 1 | AD16: =IF(AC16=0,0,COUNTIF($AC$6:AC16,1)) -> 11 | AE16: =IFERROR(INDEX($A:$A,MATCH(ROW(AD15)-4,AD:AD,0)),"") -> DANA GULAS
A17: =Tbl_Ürünler[[#This Row],[Ürün Adı]] -> DOGUS FILIZ CAY 1 KG +TOMURCUK CAY | B17: =IF(ISERROR(SEARCH('G_Sipariş Fişi'!$C$10,$A17)),0,1) -> 0 | C17: =IF(B17=0,0,COUNTIF($B$6:B17,1)) -> 0 | D17: =IFERROR(INDEX($A:$A,MATCH(ROW(C16)-4,C:C,0)),"") -> F NEFFIS TAZE KASAR PEYNIRI 1000 GR | E17: =IF(ISERROR(SEARCH('G_Sipariş Fişi'!$C$11,$A17)),0,1) -> 0 | F17: =IF(E17=0,0,COUNTIF($E$6:E17,1)) -> 0 | G17: =IFERROR(INDEX($A:$A,MATCH(ROW(F16)-4,F:F,0)),"") | H17: =IF(ISERROR(SEARCH('G_Sipariş Fişi'!$C$12,$A17)),0,1) -> 0 | I17: =IF(H17=0,0,COUNTIF(H$6:$H17,1)) -> 0 | J17: =IFERROR(INDEX($A:$A,MATCH(ROW(I16)-4,I:I,0)),"") | K17: =IF(ISERROR(SEARCH('G_Sipariş Fişi'!$C$13,$A17)),0,1) -> 0 | L17: =IF(K17=0,0,COUNTIF($K$6:K17,1)) -> 0 | M17: =IFERROR(INDEX($A:$A,MATCH(ROW(L16)-4,L:L,0)),"") | N17: =IF(ISERROR(SEARCH('G_Sipariş Fişi'!$C$14,$A17)),0,1) -> 0 | O17: =IF(N17=0,0,COUNTIF($N$6:N17,1)) -> 0 | P17: =IFERROR(INDEX($A:$A,MATCH(ROW(O16)-4,O:O,0)),"") | Q17: =IF(ISERROR(SEARCH('G_Sipariş Fişi'!$C$15,$A17)),0,1) -> 0 | R17: =IF(Q17=0,0,COUNTIF($Q$6:Q17,1)) -> 0 | S17: =IFERROR(INDEX($A:$A,MATCH(ROW(R16)-4,R:R,0)),"") | T17: =IF(ISERROR(SEARCH('G_Sipariş Fişi'!$C$16,$A17)),0,1) -> 1 | U17: =IF(T17=0,0,COUNTIF($T$6:T17,1)) -> 12 | V17: =IFERROR(INDEX($A:$A,MATCH(ROW(U16)-4,U:U,0)),"") -> DOGUS FILIZ CAY 1 KG +TOMURCUK CAY | W17: =IF(ISERROR(SEARCH('G_Sipariş Fişi'!$C$17,$A17)),0,1) -> 1 | X17: =IF(W17=0,0,COUNTIF($W$6:W17,1)) -> 12 | Y17: =IFERROR(INDEX($A:$A,MATCH(ROW(X16)-4,X:X,0)),"") -> DOGUS FILIZ CAY 1 KG +TOMURCUK CAY | Z17: =IF(ISERROR(SEARCH('G_Sipariş Fişi'!$C$18,$A17)),0,1) -> 1 | AA17: =IF(Z17=0,0,COUNTIF($Z$6:Z17,1)) -> 12 | AB17: =IFERROR(INDEX($A:$A,MATCH(ROW(AA16)-4,AA:AA,0)),"") -> DOGUS FILIZ CAY 1 KG +TOMURCUK CAY | AC17: =IF(ISERROR(SEARCH('G_Sipariş Fişi'!$C$19,$A17)),0,1) -> 1 | AD17: =IF(AC17=0,0,COUNTIF($AC$6:AC17,1)) -> 12 | AE17: =IFERROR(INDEX($A:$A,MATCH(ROW(AD16)-4,AD:AD,0)),"") -> DOGUS FILIZ CAY 1 KG +TOMURCUK CAY
... A1000: =Tbl_Ürünler[[#This Row],[Ürün Adı]] -> #VALUE! | B1000: =IF(ISERROR(SEARCH('G_Sipariş Fişi'!$C$10,$A1000)),0,1) -> 0 | C1000: =IF(B1000=0,0,COUNTIF($B$6:B1000,1)) -> 0 | D1000: =IFERROR(INDEX($A:$A,MATCH(ROW(C999)-4,C:C,0)),"") | E1000: =IF(ISERROR(SEARCH('G_Sipariş Fişi'!$C$11,$A1000)),0,1) -> 0 | F1000: =IF(E1000=0,0,COUNTIF($E$6:E1000,1)) -> 0 | G1000: =IFERROR(INDEX($A:$A,MATCH(ROW(F999)-4,F:F,0)),"") | H1000: =IF(ISERROR(SEARCH('G_Sipariş Fişi'!$C$12,$A1000)),0,1) -> 0 | I1000: =IF(H1000=0,0,COUNTIF(H$6:$H1000,1)) -> 0 | J1000: =IFERROR(INDEX($A:$A,MATCH(ROW(I999)-4,I:I,0)),"") | K1000: =IF(ISERROR(SEARCH('G_Sipariş Fişi'!$C$13,$A1000)),0,1) -> 0 | L1000: =IF(K1000=0,0,COUNTIF($K$6:K1000,1)) -> 0 | M1000: =IFERROR(INDEX($A:$A,MATCH(ROW(L999)-4,L:L,0)),"") | N1000: =IF(ISERROR(SEARCH('G_Sipariş Fişi'!$C$14,$A1000)),0,1) -> 0 | O1000: =IF(N1000=0,0,COUNTIF($N$6:N1000,1)) -> 0 | P1000: =IFERROR(INDEX($A:$A,MATCH(ROW(O999)-4,O:O,0)),"") | Q1000: =IF(ISERROR(SEARCH('G_Sipariş Fişi'!$C$15,$A1000)),0,1) -> 0 | R1000: =IF(Q1000=0,0,COUNTIF($Q$6:Q1000,1)) -> 0 | S1000: =IFERROR(INDEX($A:$A,MATCH(ROW(R999)-4,R:R,0)),"") | T1000: =IF(ISERROR(SEARCH('G_Sipariş Fişi'!$C$16,$A1000)),0,1) -> 0 | U1000: =IF(T1000=0,0,COUNTIF($T$6:T1000,1)) -> 0 | V1000: =IFERROR(INDEX($A:$A,MATCH(ROW(U999)-4,U:U,0)),"") | W1000: =IF(ISERROR(SEARCH('G_Sipariş Fişi'!$C$17,$A1000)),0,1) -> 0 | X1000: =IF(W1000=0,0,COUNTIF($W$6:W1000,1)) -> 0 | Y1000: =IFERROR(INDEX($A:$A,MATCH(ROW(X999)-4,X:X,0)),"") | Z1000: =IF(ISERROR(SEARCH('G_Sipariş Fişi'!$C$18,$A1000)),0,1) -> 0 | AA1000: =IF(Z1000=0,0,COUNTIF($Z$6:Z1000,1)) -> 0 | AB1000: =IFERROR(INDEX($A:$A,MATCH(ROW(AA999)-4,AA:AA,0)),"") | AC1000: =IF(ISERROR(SEARCH('G_Sipariş Fişi'!$C$19,$A1000)),0,1) -> 0 | AD1000: =IF(AC1000=0,0,COUNTIF($AC$6:AC1000,1)) -> 0 | AE1000: =IFERROR(INDEX($A:$A,MATCH(ROW(AD999)-4,AD:AD,0)),"")
