Workbook
Name DolarKuru: [2]Ürünlerim!$G$2
Name EuroKuru: [2]Ürünlerim!$G$3
Name Lst_Banka_Kasa: [3]!Tbl_Banka_Kasa[Banka-Kasa]
Name Lst_Cariler: [2]!Tablo3[Cari Adı]
Name lst_EmlakTipi: [4]!tbl_ayar_EmlakTipi[Emlak Tipi]
Name Lst_Maliye_Kategorileri: OFFSET([3]Pvt_Listeler!$A$3,1,0,COUNTA([3]Pvt_Listeler!$A:$A)-1,1)
Name lst_Müşteriler: [4]!Tablo1[İsim Soyisim]
Name Lst_Nakit_Vadeli: [2]!Tablo13[Nakit / Vadeli Seçimi]
Name Lst_Ödeme_Yön: [3]!Tbl_Ödeme_Yön[Ödeme Yöntemi]
Name lst_Satılık_Kiralık: [4]!tbl_ayar_Satılık[Satılık/Kiralık]
Name Lst_Satış_Per: [6]!Tablo2[Ad Soyad]
Name Lst_Servis: [3]!Tbl_Sektör_Kategori[Servis]
Name Lst_TümHisseler: [7]!TÜM_HİSSELER_1[Menkul]
Name Lst_Ürün_Ailesi: [3]!Tbl_Ürün_Ailesi[Ürün Ailesi]
Name Lst_Ürünler: [2]!Tablo4[Ürün Adı]
Name Lst_Ürünlerim: [1]!Tablo2[Ürün Adı]
Name Lst_Yıl_Ay: [3]!Tablo8[Tarihler]
Name oran: [8]Ürün_Fiyat_Listesi!$E$3

Sheet Ödeme Özeti
B2: Taksit Bilgi Girişi | G2: Ödeme Planı
F3: No | G3: Taksitler | H3: Ödeme Tarihi | I3: Tutar | K3: Ödeme Aralığı Ayarları
B4: Ödenecek Toplam Tutar | C4: 250000 | F4: 1 | G4: =IF(F4>$C$6,"",F4&".Taksit") -> 1.Taksit | H4: =C8 -> 44505 | I4: =IF(G4="","",$C$4/$C$6) -> 16666.667
F5: 2 | G5: =IF(F5>$C$6,"",F5&".Taksit") -> 2.Taksit | H5: =IF(G5="","",IF($C$10=$K$5,H4+$L$5,IF($C$10=$K$6,H4+$L$6,EDATE(H4,VLOOKUP($C$10,$K$7:$L$11,2,0))))) -> 44535 | I5: =IF(G5="","",$C$4/$C$6) -> 16666.667 | K5: Haftada Bir | L5: 7
B6: Taksit Sayısı | C6: 15 | F6: 3 | G6: =IF(F6>$C$6,"",F6&".Taksit") -> 3.Taksit | H6: =IF(G6="","",IF($C$10=$K$5,H5+$L$5,IF($C$10=$K$6,H5+$L$6,EDATE(H5,VLOOKUP($C$10,$K$7:$L$11,2,0))))) -> 44566 | I6: =IF(G6="","",$C$4/$C$6) -> 16666.667 | K6: 2 Haftada Bir | L6: 14
F7: 4 | G7: =IF(F7>$C$6,"",F7&".Taksit") -> 4.Taksit | H7: =IF(G7="","",IF($C$10=$K$5,H6+$L$5,IF($C$10=$K$6,H6+$L$6,EDATE(H6,VLOOKUP($C$10,$K$7:$L$11,2,0))))) -> 44597 | I7: =IF(G7="","",$C$4/$C$6) -> 16666.667 | K7: Ayda Bir | L7: 1
B8: İlk Ödeme Tarihi | C8: 44505 | F8: 5 | G8: =IF(F8>$C$6,"",F8&".Taksit") -> 5.Taksit | H8: =IF(G8="","",IF($C$10=$K$5,H7+$L$5,IF($C$10=$K$6,H7+$L$6,EDATE(H7,VLOOKUP($C$10,$K$7:$L$11,2,0))))) -> 44625 | I8: =IF(G8="","",$C$4/$C$6) -> 16666.667 | K8: 2 Ayda Bir | L8: 2
F9: 6 | G9: =IF(F9>$C$6,"",F9&".Taksit") -> 6.Taksit | H9: =IF(G9="","",IF($C$10=$K$5,H8+$L$5,IF($C$10=$K$6,H8+$L$6,EDATE(H8,VLOOKUP($C$10,$K$7:$L$11,2,0))))) -> 44656 | I9: =IF(G9="","",$C$4/$C$6) -> 16666.667 | K9: 3 Ayda Bir | L9: 3
B10: Ödeme Aralığı | C10: Ayda Bir | F10: 7 | G10: =IF(F10>$C$6,"",F10&".Taksit") -> 7.Taksit | H10: =IF(G10="","",IF($C$10=$K$5,H9+$L$5,IF($C$10=$K$6,H9+$L$6,EDATE(H9,VLOOKUP($C$10,$K$7:$L$11,2,0))))) -> 44686 | I10: =IF(G10="","",$C$4/$C$6) -> 16666.667 | K10: 6 Ayda Bir | L10: 6
F11: 8 | G11: =IF(F11>$C$6,"",F11&".Taksit") -> 8.Taksit | H11: =IF(G11="","",IF($C$10=$K$5,H10+$L$5,IF($C$10=$K$6,H10+$L$6,EDATE(H10,VLOOKUP($C$10,$K$7:$L$11,2,0))))) -> 44717 | I11: =IF(G11="","",$C$4/$C$6) -> 16666.667 | K11: 12 Ayda Bir | L11: 12
F12: 9 | G12: =IF(F12>$C$6,"",F12&".Taksit") -> 9.Taksit | H12: =IF(G12="","",IF($C$10=$K$5,H11+$L$5,IF($C$10=$K$6,H11+$L$6,EDATE(H11,VLOOKUP($C$10,$K$7:$L$11,2,0))))) -> 44747 | I12: =IF(G12="","",$C$4/$C$6) -> 16666.667
F13: 10 | G13: =IF(F13>$C$6,"",F13&".Taksit") -> 10.Taksit | H13: =IF(G13="","",IF($C$10=$K$5,H12+$L$5,IF($C$10=$K$6,H12+$L$6,EDATE(H12,VLOOKUP($C$10,$K$7:$L$11,2,0))))) -> 44778 | I13: =IF(G13="","",$C$4/$C$6) -> 16666.667
B14: Ödeme Yapan Bilgileri | F14: 11 | G14: =IF(F14>$C$6,"",F14&".Taksit") -> 11.Taksit | H14: =IF(G14="","",IF($C$10=$K$5,H13+$L$5,IF($C$10=$K$6,H13+$L$6,EDATE(H13,VLOOKUP($C$10,$K$7:$L$11,2,0))))) -> 44809 | I14: =IF(G14="","",$C$4/$C$6) -> 16666.667
F15: 12 | G15: =IF(F15>$C$6,"",F15&".Taksit") -> 12.Taksit | H15: =IF(G15="","",IF($C$10=$K$5,H14+$L$5,IF($C$10=$K$6,H14+$L$6,EDATE(H14,VLOOKUP($C$10,$K$7:$L$11,2,0))))) -> 44839 | I15: =IF(G15="","",$C$4/$C$6) -> 16666.667
F16: 13 | G16: =IF(F16>$C$6,"",F16&".Taksit") -> 13.Taksit | H16: =IF(G16="","",IF($C$10=$K$5,H15+$L$5,IF($C$10=$K$6,H15+$L$6,EDATE(H15,VLOOKUP($C$10,$K$7:$L$11,2,0))))) -> 44870 | I16: =IF(G16="","",$C$4/$C$6) -> 16666.667
B17: İsim / Unvan | C17: Mehmet Erkuş | F17: 14 | G17: =IF(F17>$C$6,"",F17&".Taksit") -> 14.Taksit | H17: =IF(G17="","",IF($C$10=$K$5,H16+$L$5,IF($C$10=$K$6,H16+$L$6,EDATE(H16,VLOOKUP($C$10,$K$7:$L$11,2,0))))) -> 44900 | I17: =IF(G17="","",$C$4/$C$6) -> 16666.667
F18: 15 | G18: =IF(F18>$C$6,"",F18&".Taksit") -> 15.Taksit | H18: =IF(G18="","",IF($C$10=$K$5,H17+$L$5,IF($C$10=$K$6,H17+$L$6,EDATE(H17,VLOOKUP($C$10,$K$7:$L$11,2,0))))) -> 44931 | I18: =IF(G18="","",$C$4/$C$6) -> 16666.667
B19: TCKN / Vergi No | C19: 55555555555 | F19: 16 | G19: =IF(F19>$C$6,"",F19&".Taksit") | H19: =IF(G19="","",IF($C$10=$K$5,H18+$L$5,IF($C$10=$K$6,H18+$L$6,EDATE(H18,VLOOKUP($C$10,$K$7:$L$11,2,0))))) | I19: =IF(G19="","",$C$4/$C$6)
F20: 17 | G20: =IF(F20>$C$6,"",F20&".Taksit") | H20: =IF(G20="","",IF($C$10=$K$5,H19+$L$5,IF($C$10=$K$6,H19+$L$6,EDATE(H19,VLOOKUP($C$10,$K$7:$L$11,2,0))))) | I20: =IF(G20="","",$C$4/$C$6)
B21: Adres | C21: Üsküdar / İstanbul | F21: 18 | G21: =IF(F21>$C$6,"",F21&".Taksit") | H21: =IF(G21="","",IF($C$10=$K$5,H20+$L$5,IF($C$10=$K$6,H20+$L$6,EDATE(H20,VLOOKUP($C$10,$K$7:$L$11,2,0))))) | I21: =IF(G21="","",$C$4/$C$6)
F22: 19 | G22: =IF(F22>$C$6,"",F22&".Taksit") | H22: =IF(G22="","",IF($C$10=$K$5,H21+$L$5,IF($C$10=$K$6,H21+$L$6,EDATE(H21,VLOOKUP($C$10,$K$7:$L$11,2,0))))) | I22: =IF(G22="","",$C$4/$C$6)
F23: 20 | G23: =IF(F23>$C$6,"",F23&".Taksit") | H23: =IF(G23="","",IF($C$10=$K$5,H22+$L$5,IF($C$10=$K$6,H22+$L$6,EDATE(H22,VLOOKUP($C$10,$K$7:$L$11,2,0))))) | I23: =IF(G23="","",$C$4/$C$6)
B24: Alacaklı Bilgileri | F24: 21 | G24: =IF(F24>$C$6,"",F24&".Taksit") | H24: =IF(G24="","",IF($C$10=$K$5,H23+$L$5,IF($C$10=$K$6,H23+$L$6,EDATE(H23,VLOOKUP($C$10,$K$7:$L$11,2,0))))) | I24: =IF(G24="","",$C$4/$C$6)
F25: 22 | G25: =IF(F25>$C$6,"",F25&".Taksit") | H25: =IF(G25="","",IF($C$10=$K$5,H24+$L$5,IF($C$10=$K$6,H24+$L$6,EDATE(H24,VLOOKUP($C$10,$K$7:$L$11,2,0))))) | I25: =IF(G25="","",$C$4/$C$6)
B26: İsim / Unvan | C26: Ahmet Yılmaz | F26: 23 | G26: =IF(F26>$C$6,"",F26&".Taksit") | H26: =IF(G26="","",IF($C$10=$K$5,H25+$L$5,IF($C$10=$K$6,H25+$L$6,EDATE(H25,VLOOKUP($C$10,$K$7:$L$11,2,0))))) | I26: =IF(G26="","",$C$4/$C$6)
F27: 24 | G27: =IF(F27>$C$6,"",F27&".Taksit") | H27: =IF(G27="","",IF($C$10=$K$5,H26+$L$5,IF($C$10=$K$6,H26+$L$6,EDATE(H26,VLOOKUP($C$10,$K$7:$L$11,2,0))))) | I27: =IF(G27="","",$C$4/$C$6)
G29: Genel Toplam | I29: =SUM(I4:I27) -> 250000

Sheet Senet
C2: Senet Ayarları
C3: Taksit Seçiniz | D3: 3.Taksit
C4: Tutar (Yazıyla) | D4: Dörtbin Üçyüz Otuzüç Türk Lirası Otuzüç Kuruş
C5: Malen / Nakden | D5: Nakden
C6: Mahkeme Şehri / Adı | D6: Ankara
I9: YAZI Ayarları
C10: Ödeme Günü | F10: Tutarı | I10: İş bu nama yazılı senedim mukabilinde
C11: =VLOOKUP(D3,'Ödeme Özeti'!G4:I27,2,0) -> 44566 | F11: =VLOOKUP(D3,'Ödeme Özeti'!G4:I27,3,0) -> 16666.667 | I11: =C11 -> 44566
I12: Tarihinde
C13: =I10&" "&TEXT(I11,"gg.aa.yyyy")&" "&_xlfn.TEXTJOIN(" ",FALSE,I12:I20) -> İş bu nama yazılı senedim mukabilinde 05.01.2022 Tarihinde Ahmet Yılmaz namına yukarıda yazılı Dörtbin Üçyüz Otuzüç Türk Lirası Otuzüç Kuruş ödeyeceği bedeli Nakden ahzolunmuştur. İşbu nama yazılı senet vadesinde ödenmediği takdirde müteakip senetlerinde muacceliyet kesbedeceğini, ihtilaf vukuunda Ankara Mahkemeleri İcra dairelerinin selahiyetini şimdiden kabul eylerim. Okudum. | I13: ='Ödeme Özeti'!C26 -> Ahmet Yılmaz
I14: namına yukarıda yazılı
I15: =D4 -> Dörtbin Üçyüz Otuzüç Türk Lirası Otuzüç Kuruş
I16: ödeyeceği bedeli
I17: =D5 -> Nakden
C18: Ödeyecek | F18: Düzenlenme Tarihi | I18: ahzolunmuştur. İşbu nama yazılı senet vadesinde ödenmediği takdirde müteakip senetlerinde muacceliyet kesbedeceğini, ihtilaf vukuunda
C19: İsim / Unvan | D19: ='Ödeme Özeti'!C17 -> Mehmet Erkuş | F19: =TODAY() -> 45036 | I19: =D6 -> Ankara
C20: TCKN / Vergi No | D20: ='Ödeme Özeti'!C19 -> 55555555555 | I20: Mahkemeleri İcra dairelerinin selahiyetini şimdiden kabul eylerim. Okudum.
C21: Adres | D21: ='Ödeme Özeti'!C21 -> Üsküdar / İstanbul | F21: İmza
