Workbook
Name DolarKuru: [1]Ürünlerim!$G$2
Name EuroKuru: [1]Ürünlerim!$G$3
Name Lst_Banka_Kasa: [2]!Tbl_Banka_Kasa[Banka-Kasa]
Name Lst_Cariler: [1]!Tablo3[Cari Adı]
Name lst_EmlakTipi: [8]!tbl_ayar_EmlakTipi[Emlak Tipi]
Name Lst_Maliye_Kategorileri: OFFSET([2]Pvt_Listeler!$A$3,1,0,COUNTA([2]Pvt_Listeler!$A:$A)-1,1)
Name lst_Müşteriler: [8]!Tablo1[İsim Soyisim]
Name Lst_Nakit_Vadeli: [1]!Tablo13[Nakit / Vadeli Seçimi]
Name Lst_Ödeme_Yön: [2]!Tbl_Ödeme_Yön[Ödeme Yöntemi]
Name lst_Satılık_Kiralık: [8]!tbl_ayar_Satılık[Satılık/Kiralık]
Name Lst_Satış_Per: [4]!Tablo2[Ad Soyad]
Name Lst_Servis: [2]!Tbl_Sektör_Kategori[Servis]
Name Lst_TümHisseler: [5]!TÜM_HİSSELER_1[Menkul]
Name Lst_Ürün_Ailesi: [2]!Tbl_Ürün_Ailesi[Ürün Ailesi]
Name Lst_Ürünler: [1]!Tablo4[Ürün Adı]
Name Lst_Ürünlerim: [6]!Tablo2[Ürün Adı]
Name Lst_Yıl_Ay: [2]!Tablo8[Tarihler]
Name oran: [7]Ürün_Fiyat_Listesi!$E$3
Name rng_maxyear: Calc!$B$4
Name rng_minyear: Calc!$B$3
Name rng_seconds: Calc!$H$2
Name rng_shownyear: Calc!$B$6
Name Sütun_Aralığı: OFFSET(Data!$A$1,1,MATCH(Calc!$B$6,Data!$1:$1,0)-1,COUNTA(Data!$B:$B)-1,1)

Sheet Data
A1: Region | B1: Country Name | C1: 1960 | D1: 1961 | E1: 1962 | F1: 1963 | G1: 1964 | H1: 1965 | I1: 1966 | J1: 1967 | K1: 1968 | L1: 1969 | M1: 1970 | N1: 1971 | O1: 1972 | P1: 1973 | Q1: 1974 | R1: 1975 | S1: 1976 | T1: 1977 | U1: 1978 | V1: 1979 | W1: 1980 | X1: 1981 | Y1: 1982 | Z1: 1983 | AA1: 1984 | AB1: 1985 | AC1: 1986 | AD1: 1987 | AE1: 1988 | AF1: 1989 | AG1: 1990 | AH1: 1991 | AI1: 1992 | AJ1: 1993 | AK1: 1994 | AL1: 1995 | AM1: 1996 | AN1: 1997 | AO1: 1998 | AP1: 1999 | AQ1: 2000 | AR1: 2001 | AS1: 2002 | AT1: 2003 | AU1: 2004 | AV1: 2005 | AW1: 2006 | AX1: 2007 | AY1: 2008 | AZ1: 2009 | BA1: 2010 | BB1: 2011 | BC1: 2012 | BD1: 2013 | BE1: 2014 | BF1: 2015 | BG1: 2016 | BH1: 2017
A2: Asia | B2: Afghanistan | C2: 755783 | D2: 796042 | E2: 838885 | F2: 884370 | G2: 932848 | H2: 984301 | I2: 1038888 | J2: 1096387 | K2: 1157782 | L2: 1223837 | M2: 1295415 | N2: 1372537 | O2: 1454693 | P2: 1540644 | Q2: 1628785 | R2: 1717441 | S2: 1807144 | T2: 1897014 | U2: 1982086 | V2: 2054820 | W2: 2119077 | X2: 2161996 | Y2: 2186182 | Z2: 2198724 | AA2: 2212453 | AB2: 2238426 | AC2: 2279257 | AD2: 2336671 | AE2: 2423356 | AF2: 2483662 | AG2: 2593995 | AH2: 2763231 | AI2: 2985692 | AJ2: 3236993 | AK2: 3482633 | AL2: 3697605 | AM2: 3870061 | AN2: 4008109 | AO2: 4130273 | AP2: 4266092 | AQ2: 4436299 | AR2: 4648055 | AS2: 4892951 | AT2: 5155686 | AU2: 5426770 | AV2: 5691823 | AW2: 5931413 | AX2: 6151939 | AY2: 6364968 | AZ2: 6588859 | BA2: 6837008 | BB2: 7114615 | BC2: 7416385 | BD2: 7733964 | BE2: 8054214 | BF2: 8367663 | BG2: 8670939 | BH2: 8971345
A3: Europe | B3: Albania | C3: 493982 | D3: 513592 | E3: 530766 | F3: 547928 | G3: 565248 | H3: 582374 | I3: 599300 | J3: 616687 | K3: 635924 | L3: 656733 | M3: 677801 | N3: 698647 | O3: 720649 | P3: 742333 | Q3: 764166 | R3: 786668 | S3: 809052 | T3: 832109 | U3: 854618 | V3: 876974 | W3: 902120 | X3: 927513 | Y3: 954645 | Z3: 982645 | AA3: 1011235 | AB3: 1040127 | AC3: 1068501 | AD3: 1098349 | AE3: 1127722 | AF3: 1167160 | AG3: 1197222 | AH3: 1198912 | AI3: 1209490 | AJ3: 1219882 | AK3: 1230218 | AL3: 1240399 | AM3: 1250518 | AN3: 1260414 | AO3: 1270214 | AP3: 1279853 | AQ3: 1289391 | AR3: 1298584 | AS3: 1327220 | AT3: 1354848 | AU3: 1381828 | AV3: 1407298 | AW3: 1430886 | AX3: 1452398 | AY3: 1473392 | AZ3: 1495260 | BA3: 1519519 | BB3: 1546929 | BC3: 1575788 | BD3: 1603505 | BE3: 1630119 | BF3: 1654503 | BG3: 1680247 | BH3: 1706345
A4: Africa | B4: Algeria | C4: 3394203 | D4: 3626403 | E4: 3882767 | F4: 4154288 | G4: 4443887 | H4: 4753164 | I4: 5041536 | J4: 5208671 | K4: 5383539 | L4: 5563573 | M4: 5747263 | N4: 5933927 | O4: 6124850 | P4: 6321297 | Q4: 6525328 | R4: 6738780 | S4: 6961531 | T4: 7240239 | U4: 7611660 | V4: 8004279 | W4: 8420028 | X4: 8858976 | Y4: 9321410 | Z4: 9805134 | AA4: 10307407 | AB4: 10824413 | AC4: 11355685 | AD4: 11892457 | AE4: 12421409 | AF4: 12956681 | AG4: 13496456 | AH4: 14039539 | AI4: 14584560 | AJ4: 15126562 | AK4: 15661352 | AL4: 16185540 | AM4: 16698037 | AN4: 17198083 | AO4: 17689675 | AP4: 18188015 | AQ4: 18684937 | AR4: 19180228 | AS4: 19677273 | AT4: 20182205 | AU4: 20703617 | AV4: 21248009 | AW4: 21818169 | AX4: 22414414 | AY4: 23041887 | AZ4: 23700349 | BA4: 24393852 | BB4: 25124194 | BC4: 25888503 | BD4: 26674438 | BE4: 27465760 | BF4: 28248180 | BG4: 29016679 | BH4: 29770548
A5: Oceania | B5: American Samoa | C5: 13251 | D5: 13652 | E5: 14163 | F5: 14769 | G5: 15416 | H5: 16072 | I5: 16721 | J5: 17371 | K5: 18009 | L5: 18624 | M5: 19209 | N5: 19760 | O5: 20281 | P5: 20767 | Q5: 21222 | R5: 21657 | S5: 22055 | T5: 22440 | U5: 22859 | V5: 23397 | W5: 24125 | X5: 25134 | Y5: 26312 | Z5: 27637 | AA5: 29059 | AB5: 30515 | AC5: 32019 | AD5: 33552 | AE5: 35087 | AF5: 36594 | AG5: 38076 | AH5: 39612 | AI5: 41058 | AJ5: 42429 | AK5: 43766 | AL5: 45086 | AM5: 46402 | AN5: 47673 | AO5: 48895 | AP5: 50032 | AQ5: 50956 | AR5: 51480 | AS5: 51915 | AT5: 52199 | AU5: 52270 | AV5: 52083 | AW5: 51612 | AX5: 50897 | AY5: 50072 | AZ5: 49309 | BA5: 48735 | BB5: 48406 | BC5: 48282 | BD5: 48310 | BE5: 48390 | BF5: 48449 | BG5: 48481 | BH5: 48502
A6: Europe | B6: Andorra | C6: 7839 | D6: 8766 | E6: 9754 | F6: 10811 | G6: 11915 | H6: 13067 | I6: 14262 | J6: 15494 | K6: 16765 | L6: 18083 | M6: 19458 | N6: 20902 | O6: 22401 | P6: 23917 | Q6: 25397 | R6: 26791 | S6: 28085 | T6: 29304 | U6: 30491 | V6: 31774 | W6: 33205 | X6: 34800 | Y6: 36561 | Z6: 38451 | AA6: 40421 | AB6: 42441 | AC6: 44342 | AD6: 46118 | AE6: 47926 | AF6: 49758 | AG6: 51627 | AH6: 53571 | AI6: 55546 | AJ6: 57380 | AK6: 58847 | AL6: 59803 | AM6: 60128 | AN6: 59940 | AO6: 59605 | AP6: 59649 | AQ6: 60417 | AR6: 61991 | AS6: 64194 | AT6: 66747 | AU6: 69192 | AV6: 71205 | AW6: 72736 | AX6: 73843 | AY6: 74640 | AZ6: 75097 | BA6: 75007 | BB6: 74309 | BC6: 73059 | BD6: 71527 | BE6: 70066 | BF6: 68921 | BG6: 68199 | BH6: 67845
A7: Africa | B7: Angola | C7: 588866 | D7: 621212 | E7: 657233 | F7: 695164 | G7: 734733 | H7: 775661 | I7: 818062 | J7: 862239 | K7: 908895 | L7: 958930 | M7: 1013543 | N7: 1082871 | O7: 1167455 | P7: 1259815 | Q7: 1360479 | R7: 1469505 | S7: 1587468 | T7: 1714663 | U7: 1852971 | V7: 2004142 | W7: 2169787 | X7: 2351525 | Y7: 2550003 | Z7: 2763060 | AA7: 2987103 | AB7: 3218571 | AC7: 3455744 | AD7: 3699560 | AE7: 3954242 | AF7: 4225990 | AG7: 4520960 | AH7: 4843119 | AI7: 5192396 | AJ7: 5564024 | AK7: 5951759 | AL7: 6302472 | AM7: 6657829 | AN7: 7020148 | AO7: 7397110 | AP7: 7798957 | AQ7: 8234766 | AR7: 8708000 | AS7: 9218787 | AT7: 9765197 | AU7: 10343506 | AV7: 10949424 | AW7: 11501748 | AX7: 12078709 | AY7: 12681825 | AZ7: 13311900 | BA7: 13970768 | BB7: 14659013 | BC7: 15375909 | BD7: 16119491 | BE7: 16887478 | BF7: 17675615 | BG7: 18483548 | BH7: 19311773
A8: Americas | B8: Antigua and Barbuda | C8: 21945 | D8: 21919 | E8: 21959 | F8: 22045 | G8: 22149 | H8: 22252 | I8: 22349 | J8: 22441 | K8: 22519 | L8: 22571 | M8: 22692 | N8: 23114 | O8: 23505 | P8: 23862 | Q8: 24196 | R8: 24502 | S8: 24792 | T8: 25052 | U8: 25265 | V8: 25395 | W8: 25424 | X8: 25352 | Y8: 25197 | Z8: 24973 | AA8: 24711 | AB8: 24438 | AC8: 24153 | AD8: 23870 | AE8: 23647 | AF8: 23549 | AG8: 23628 | AH8: 23870 | AI8: 24008 | AJ8: 24275 | AK8: 24624 | AL8: 25002 | AM8: 25403 | AN8: 25826 | AO8: 26235 | AP8: 26587 | AQ8: 26853 | AR8: 26997 | AS8: 26827 | AT8: 26593 | AU8: 26333 | AV8: 26078 | AW8: 25832 | AX8: 25589 | AY8: 25344 | AZ8: 25097 | BA8: 24837 | BB8: 24603 | BC8: 24703 | BD8: 24798 | BE8: 24892 | BF8: 24981 | BG8: 25085 | BH8: 25210
A9: Americas | B9: Argentina | C9: 15177907 | D9: 15550745 | E9: 15916161 | F9: 16283191 | G9: 16650738 | H9: 17017602 | I9: 17383414 | J9: 17749066 | K9: 18120768 | L9: 18505677 | M9: 18909948 | N9: 19327703 | O9: 19762667 | P9: 20210548 | Q9: 20661009 | R9: 21106169 | S9: 21543399 | T9: 21974571 | U9: 22405664 | V9: 22844170 | W9: 23296127 | X9: 23780333 | Y9: 24285074 | Z9: 24799122 | AA9: 25319368 | AB9: 25842013 | AC9: 26365972 | AD9: 26891584 | AE9: 27418228 | AF9: 27944438 | AG9: 28469636 | AH9: 28987585 | AI9: 29462392 | AJ9: 29933012 | AK9: 30397318 | AL9: 30852828 | AM9: 31298956 | AN9: 31735996 | AO9: 32167673 | AP9: 32599189 | AQ9: 33033754 | AR9: 33472924 | AS9: 33914775 | AT9: 34358150 | AU9: 34801606 | AV9: 35243074 | AW9: 35682119 | AX9: 36119493 | AY9: 36558177 | AZ9: 37001390 | BA9: 37451491 | BB9: 37903594 | BC9: 38358970 | BD9: 38817256 | BE9: 39275219 | BF9: 39728558 | BG9: 40176085 | BH9: 40618237
A10: Asia | B10: Armenia | C10: 960955 | D10: 1012429 | E10: 1065431 | F10: 1119584 | G10: 1174558 | H10: 1229978 | I10: 1285571 | J10: 1341277 | K10: 1397343 | L10: 1454160 | M10: 1511605 | N10: 1569625 | O10: 1628590 | P10: 1688028 | Q10: 1747461 | R10: 1801945 | S10: 1855659 | T10: 1908576 | U10: 1960876 | V10: 2007500 | W10: 2047386 | X10: 2085894 | Y10: 2122747 | Z10: 2159333 | AA10: 2197505 | AB10: 2238079 | AC10: 2282853 | AD10: 2330095 | AE10: 2372859 | AF10: 2393836 | AG10: 2385466 | AH10: 2353776 | AI10: 2302482 | AJ10: 2240025 | AK10: 2178117 | AL10: 2125280 | AM10: 2084084 | AN10: 2052297 | AO10: 2027670 | AP10: 2006224 | AQ10: 1984980 | AR10: 1964164 | AS10: 1948854 | AT10: 1935530 | AU10: 1921532 | AV10: 1906157 | AW10: 1888677 | AX10: 1869501 | AY10: 1850791 | AZ10: 1835406 | BA10: 1825366 | BB10: 1821393 | BC10: 1822527 | BD10: 1827656 | BE10: 1834174 | BF10: 1840158 | BG10: 1845032 | BH10: 1849202
A11: Americas | B11: Aruba | C11: 27526 | D11: 28141 | E11: 28532 | F11: 28761 | G11: 28924 | H11: 29082 | I11: 29253 | J11: 29416 | K11: 29575 | L11: 29738 | M11: 29900 | N11: 30082 | O11: 30275 | P11: 30470 | Q11: 30605 | R11: 30661 | S11: 30615 | T11: 30495 | U11: 30353 | V11: 30282 | W11: 30332 | X11: 30560 | Y11: 30943 | Z11: 31365 | AA11: 31676 | AB11: 31762 | AC11: 31560 | AD11: 31142 | AE11: 30753 | AF11: 30720 | AG11: 31273 | AH11: 32507 | AI11: 34116 | AJ11: 35953 | AK11: 37719 | AL11: 39172 | AM11: 40232 | AN11: 40970 | AO11: 41488 | AP11: 41945 | AQ11: 42444 | AR11: 43048 | AS11: 43670 | AT11: 44246 | AU11: 44669 | AV11: 44889 | AW11: 44881 | AX11: 44686 | AY11: 44375 | AZ11: 44052 | BA11: 43778 | BB11: 43822 | BC11: 44064 | BD11: 44360 | BE11: 44674 | BF11: 44979 | BG11: 45275 | BH11: 45572
A12: Oceania | B12: Australia | C12: 8378309 | D12: 8589875 | E12: 8832932 | F12: 9034955 | G12: 9245383 | H12: 9459784 | I12: 9709943 | J12: 9852991 | K12: 10048170 | L12: 10280809 | M12: 10505755 | N12: 10887779 | O12: 11110846 | P12: 11303156 | Q12: 11614598 | R12: 11780153 | S12: 11920613 | T12: 12077392 | U12: 12240482 | V12: 12395391 | W12: 12569300 | X12: 12792439 | Y12: 13002993 | Z12: 13162165 | AA12: 13307374 | AB12: 13486012 | AC12: 13704062 | AD12: 13909213 | AE12: 14133874 | AF12: 14370091 | AG12: 14579227 | AH12: 14761055 | AI12: 14920611 | AJ12: 15044687 | AK12: 15181749 | AL12: 15342767 | AM12: 15521685 | AN12: 15672048 | AO12: 15811356 | AP12: 15967866 | AQ12: 16133530 | AR12: 16326333 | AS12: 16550802 | AT12: 16780377 | AU12: 17000206 | AV12: 17250330 | AW12: 17531121 | AX12: 17666387 | AY12: 18049708 | AZ12: 18451611 | BA12: 18767085 | BB12: 19056040 | BC12: 19422528 | BD12: 19790208 | BE12: 20120012 | BF12: 20440360 | BG12: 20772874 | BH12: 21131467
... A61: Africa | B61: Equatorial Guinea | C61: 65202 | D61: 67699 | E61: 68888 | F61: 70177 | G61: 71700 | H61: 73515 | I61: 75752 | J61: 78296 | K61: 80681 | L61: 82263 | M61: 82618 | N61: 81586 | O61: 79396 | P61: 76514 | Q61: 73604 | R61: 71197 | S61: 69358 | T61: 68068 | U61: 67691 | V61: 68636 | W61: 71164 | X61: 75523 | Y61: 81541 | Z61: 88528 | AA61: 98140 | AB61: 107453 | AC61: 116082 | AD61: 124141 | AE61: 131882 | AF61: 139792 | AG61: 148308 | AH61: 157514 | AI61: 167340 | AJ61: 177853 | AK61: 189161 | AL61: 204442 | AM61: 221059 | AN61: 239057 | AO61: 258494 | AP61: 279336 | AQ61: 301583 | AR61: 325204 | AS61: 350350 | AT61: 377222 | AU61: 406137 | AV61: 437275 | AW61: 470822 | AX61: 506719 | AY61: 544889 | AZ61: 585086 | BA61: 627158 | BB61: 671026 | BC61: 716629 | BD61: 753680 | BE61: 791534 | BF61: 830013 | BG61: 868944 | BH61: 908248
A62: Africa | B62: Eritrea | C62: 136940 | D62: 144897 | E62: 153402 | F62: 162471 | G62: 172081 | H62: 182215 | I62: 192932 | J62: 204253 | K62: 212375 | L62: 220843 | M62: 229710 | N62: 238997 | O62: 248714 | P62: 258871 | Q62: 269450 | R62: 280484 | S62: 291979 | T62: 303893 | U62: 316367 | V62: 329481 | W62: 343279 | X62: 357709 | Y62: 372641 | Z62: 388202 | AA62: 406011 | AB62: 433814 | AC62: 463896 | AD62: 496028 | AE62: 528879 | AF62: 560260 | AG62: 588571 | AH62: 612637 | AI62: 632885 | AJ62: 651265 | AK62: 671238 | AL62: 695718 | AM62: 725898 | AN62: 761506 | AO62: 802928 | AP62: 849837 | AQ62: 902044 | AR62: 960135 | AS62: 1024425 | AT62: 1093218 | AU62: 1163915 | AV62: 1234321 | AW62: 1303401 | AX62: 1371306 | AY62: 1439096 | AZ62: 1490729 | BA62: 1544478 | BB62: 1600641
A63: Europe | B63: Estonia | C63: 697034 | D63: 714269 | E63: 733452 | F63: 753250 | G63: 773863 | H63: 794190 | I63: 812599 | J63: 828812 | K63: 846346 | L63: 865089 | M63: 883329 | N63: 901671 | O63: 919299 | P63: 935590 | Q63: 951152 | R63: 966085 | S63: 980438 | T63: 995091 | U63: 1009340 | V63: 1020447 | W63: 1029784 | X63: 1040236 | Y63: 1050928 | Z63: 1061357 | AA63: 1071506 | AB63: 1081872 | AC63: 1093150 | AD63: 1104917 | AE63: 1115040 | AF63: 1119881 | AG63: 1117738 | AH63: 1109251 | AI63: 1086348 | AJ63: 1055960 | AK63: 1030882 | AL63: 1009954 | AM63: 992487 | AN63: 978597 | AO63: 966608 | AP63: 966817 | AQ63: 969061 | AR63: 961159 | AS63: 953352 | AT63: 945646 | AU63: 938279 | AV63: 931205 | AW63: 924006 | AX63: 918084 | AY63: 913914 | AZ63: 910446 | BA63: 906655 | BB63: 902194 | BC63: 899089 | BD63: 897846 | BE63: 897427 | BF63: 899949 | BG63: 902145 | BH63: 903958
A64: Africa | B64: Eswatini | C64: 13663 | D64: 15496 | E64: 17551 | F64: 19861 | G64: 22474 | H64: 25427 | I64: 28713 | J64: 31793 | K64: 35223 | L64: 39027 | M64: 43258 | N64: 47961 | O64: 53192 | P64: 58971 | Q64: 65362 | R64: 72404 | S64: 80179 | T64: 85125 | U64: 89691 | V64: 94457 | W64: 99424 | X64: 104523 | Y64: 109795 | Z64: 115423 | AA64: 121695 | AB64: 128791 | AC64: 136870 | AD64: 145843 | AE64: 155369 | AF64: 164896 | AG64: 174015 | AH64: 182500 | AI64: 190430 | AJ64: 198056 | AK64: 205844 | AL64: 214122 | AM64: 223076 | AN64: 231732 | AO64: 235459 | AP64: 238581 | AQ64: 240805 | AR64: 241999 | AS64: 242399 | AT64: 242445 | AU64: 242729 | AV64: 243712 | AW64: 245505 | AX64: 248509 | AY64: 255479 | AZ64: 262842 | BA64: 270399 | BB64: 278134 | BC64: 285192 | BD64: 292422 | BE64: 299802 | BF64: 307330 | BG64: 315077 | BH64: 323014
A65: Africa | B65: Ethiopia | C65: 1424992 | D65: 1507634 | E65: 1596238 | F65: 1690640 | G65: 1791230 | H65: 1897784 | I65: 2010284 | J65: 2128778 | K65: 2225746 | L65: 2329033 | M65: 2440287 | N65: 2560710 | O65: 2690237 | P65: 2823906 | Q65: 2955520 | R65: 3080821 | S65: 3196686 | T65: 3305081 | U65: 3413645 | V65: 3533046 | W65: 3671076 | X65: 3832363 | Y65: 4015607 | Z65: 4219104 | AA65: 4438752 | AB65: 4672863 | AC65: 4919280 | AD65: 5179615 | AE65: 5456101 | AF65: 5751613 | AG65: 6068999 | AH65: 6410479 | AI65: 6774121 | AJ65: 7157356 | AK65: 7553599 | AL65: 7924237 | AM65: 8285270 | AN65: 8650119 | AO65: 9022892 | AP65: 9407067 | AQ65: 9807603 | AR65: 10223839 | AS65: 10657765 | AT65: 11106662 | AU65: 11569768 | AV65: 12046152 | AW65: 12536471 | AX65: 13054026 | AY65: 13733826 | AZ65: 14443888 | BA65: 15189225 | BB65: 15969792 | BC65: 16787864 | BD65: 17625395 | BE65: 18497740 | BF65: 19403333 | BG65: 20343419 | BH65: 21316856
A66: Europe | B66: Faroe Islands | C66: 7412 | D66: 7775 | E66: 8168 | F66: 8573 | G66: 8993 | H66: 9429 | I66: 9829 | J66: 10093 | K66: 10361 | L66: 10637 | M66: 10924 | N66: 11235 | O66: 11558 | P66: 11887 | Q66: 12222 | R66: 12557 | S66: 12895 | T66: 13235 | U66: 13386 | V66: 13478 | W66: 13570 | X66: 13659 | Y66: 13743 | Z66: 13827 | AA66: 13920 | AB66: 14021 | AC66: 14137 | AD66: 14265 | AE66: 14378 | AF66: 14445 | AG66: 14561 | AH66: 14785 | AI66: 15012 | AJ66: 15203 | AK66: 15415 | AL66: 15686 | AM66: 16038 | AN66: 16352 | AO66: 16608 | AP66: 16832 | AQ66: 17172 | AR66: 17668 | AS66: 18163 | AT66: 18573 | AU66: 18895 | AV66: 19208 | AW66: 19424 | AX66: 19544 | AY66: 19654 | AZ66: 19761 | BA66: 19870 | BB66: 19972 | BC66: 20063 | BD66: 20163 | BE66: 20270 | BF66: 20388 | BG66: 20520 | BH66: 20659
A67: Oceania | B67: Fiji | C67: 116761 | D67: 123157 | E67: 129943 | F67: 136982 | G67: 144103 | H67: 151142 | I67: 158044 | J67: 163958 | K67: 169558 | L67: 175175 | M67: 180925 | N67: 186842 | O67: 192905 | P67: 199091 | Q67: 205372 | R67: 211731 | S67: 218082 | T67: 223264 | U67: 228315 | V67: 233816 | W67: 239929 | X67: 246836 | Y67: 254383 | Z67: 261963 | AA67: 268744 | AB67: 274153 | AC67: 277898 | AD67: 283833 | AE67: 289781 | AF67: 295973 | AG67: 303189 | AH67: 311701 | AI67: 321310 | AJ67: 331706 | AK67: 342353 | AL67: 352821 | AM67: 363071 | AN67: 370519 | AO67: 377132 | AP67: 383206 | AQ67: 388641 | AR67: 393267 | AS67: 397176 | AT67: 400842 | AU67: 404913 | AV67: 409848 | AW67: 415890 | AX67: 422891 | AY67: 431335 | AZ67: 440109 | BA67: 448645 | BB67: 456807 | BC67: 464718 | BD67: 472460 | BE67: 480249 | BF67: 488237 | BG67: 496430 | BH67: 504745
A68: Europe | B68: Finland | C68: 2449145 | D68: 2512483 | E68: 2567399 | F68: 2623429 | G68: 2675999 | H68: 2722631 | I68: 2770510 | J68: 2823091 | K68: 2873315 | L68: 2908731 | M68: 2934402 | N68: 2975881 | O68: 3032758 | P68: 3088806 | Q68: 3143576 | R68: 3195817 | S68: 3243412 | T68: 3289888 | U68: 3336370 | V68: 3381500 | W68: 3428217 | X68: 3481318 | Y68: 3541666 | Z68: 3603091 | AA68: 3662085 | AB68: 3716264 | AC68: 3765683 | AD68: 3812087 | AE68: 3858255 | AF68: 3906513 | AG68: 3957581 | AH68: 4003120 | AI68: 4040047 | AJ68: 4073879 | AK68: 4105674 | AL68: 4135420 | AM68: 4162332 | AN68: 4187218 | AO68: 4210769 | AP68: 4232899 | AQ68: 4253964 | AR68: 4273258 | AS68: 4290649 | AT68: 4307931 | AU68: 4327463 | AV68: 4349276 | AW68: 4372951 | AX68: 4398523 | AY68: 4426008 | AZ68: 4454167 | BA68: 4492880 | BB68: 4543014 | BC68: 4593267 | BD68: 4629925 | BE68: 4651843 | BF68: 4669930 | BG68: 4686120 | BH68: 4702519
A69: Europe | B69: France | C69: 28968650 | D69: 29703735 | E69: 30550684 | F69: 31576957 | G69: 32586168 | H69: 33551445 | I69: 34459572 | J69: 35313433 | K69: 36015275 | L69: 36481398 | M69: 36973537 | N69: 37501984 | O69: 38056501 | P69: 38614520 | Q69: 39145575 | R69: 39564232 | S69: 39813654 | T69: 40015297 | U69: 40188949 | V69: 40361659 | W69: 40554832 | X69: 40773314 | Y69: 41014270 | Z69: 41274869 | AA69: 41548368 | AB69: 41830023 | AC69: 42121076 | AD69: 42422152 | AE69: 42726704 | AF69: 43026108 | AG69: 43332245 | AH69: 43467991 | AI69: 43785894 | AJ69: 44077099 | AK69: 44342923 | AL69: 44604027 | AM69: 44863823 | AN69: 45123550 | AO69: 45390693 | AP69: 45743988 | AQ69: 46214923 | AR69: 46709571 | AS69: 47206863 | AT69: 47699501 | AU69: 48209404 | AV69: 48730233 | AW69: 49228316 | AX69: 49690036 | AY69: 50127516 | AZ69: 50547202 | BA69: 50961407 | BB69: 51373797 | BC69: 51791128 | BD69: 52228040 | BE69: 52650998 | BF69: 53044946 | BG69: 53432321 | BH69: 53815732
A70: Oceania | B70: French Polynesia | C70: 33011 | D70: 34877 | E70: 36940 | F70: 39414 | G70: 42166 | H70: 45017 | I70: 47958 | J70: 50994 | K70: 54154 | L70: 57460 | M70: 60951 | N70: 64247 | O70: 67085 | P70: 70026 | Q70: 73036 | R70: 76088 | S70: 79178 | T70: 82167 | U70: 84553 | V70: 86992 | W70: 89512 | X70: 92102 | Y70: 94750 | Z70: 97440 | AA70: 100096 | AB70: 102731 | AC70: 105392 | AD70: 108046 | AE70: 110636 | AF70: 112849 | AG70: 114764 | AH70: 116381 | AI70: 117755 | AJ70: 119015 | AK70: 120348 | AL70: 121881 | AM70: 123660 | AN70: 125927 | AO70: 128359 | AP70: 130747 | AQ70: 132976 | AR70: 135033 | AS70: 136929 | AT70: 139761 | AU70: 143086 | AV70: 146348 | AW70: 149548 | AX70: 152669 | AY70: 155712 | AZ70: 158663 | BA70: 161541 | BB70: 164305 | BC70: 166986 | BD70: 168447 | BE70: 169789 | BF70: 171288 | BG70: 172984 | BH70: 174853
A71: Africa | B71: Gabon | C71: 86848 | D71: 92414 | E71: 99891 | F71: 108018 | G71: 116899 | H71: 126604 | I71: 137251 | J71: 148884 | K71: 161461 | L71: 174803 | M71: 188838 | N71: 205082 | O71: 222141 | P71: 240042 | Q71: 259014 | R71: 279189 | S71: 300655 | T71: 323320 | U71: 347262 | V71: 372395 | W71: 398719 | X71: 426125 | Y71: 447629 | Z71: 470083 | AA71: 493545 | AB71: 517990 | AC71: 543472 | AD71: 569961 | AE71: 598676 | AF71: 628176 | AG71: 658388 | AH71: 689275 | AI71: 720845 | AJ71: 752988 | AK71: 782574 | AL71: 812398 | AM71: 842781 | AN71: 873764 | AO71: 905426 | AP71: 937828 | AQ71: 971097 | AR71: 1005175 | AS71: 1040291 | AT71: 1076901 | AU71: 1115620 | AV71: 1156905 | AW71: 1200767 | AX71: 1247080 | AY71: 1296101 | AZ71: 1348027 | BA71: 1402921 | BB71: 1461068 | BC71: 1522001 | BD71: 1583861 | BE71: 1644081 | BF71: 1700832 | BG71: 1753279 | BH71: 1801886
A72: Africa | B72: Gambia, The | C72: 44626 | D72: 46455 | E72: 48075 | F72: 50042 | G72: 53963 | H72: 58257 | I72: 62994 | J72: 68192 | K72: 73924 | L72: 80230 | M72: 87203 | N72: 94938 | O72: 103516 | P72: 112379 | Q72: 119680 | R72: 127277 | S72: 135138 | T72: 143329 | U72: 152020 | V72: 161416 | W72: 171725 | X72: 182970 | Y72: 195195 | Z72: 208758 | AA72: 224402 | AB72: 241731 | AC72: 261016 | AD72: 282200 | AE72: 304805 | AF72: 328012 | AG72: 351247 | AH72: 374195 | AI72: 396982 | AJ72: 419336 | AK72: 440362 | AL72: 462336 | AM72: 485381 | AN72: 509425 | AO72: 534696 | AP72: 561381 | AQ72: 589659 | AR72: 619684 | AS72: 651518 | AT72: 684613 | AU72: 717300 | AV72: 751275 | AW72: 786528 | AX72: 823135 | AY72: 861181 | AZ72: 900725 | BA72: 941884 | BB72: 984669 | BC72: 1029103 | BD72: 1075061 | BE72: 1122480 | BF72: 1171287 | BG72: 1221429 | BH72: 1272923
A73: Asia | B73: Georgia | C73: 1570123 | D73: 1613251 | E73: 1656450 | F73: 1699844 | G73: 1743144 | H73: 1785661 | I73: 1825872 | J73: 1863779 | K73: 1900892 | L73: 1939040 | M73: 1977799 | N73: 2017973 | O73: 2058158 | P73: 2096177 | Q73: 2134443 | R73: 2170431 | S73: 2206460 | T73: 2241969 | U73: 2275678 | V73: 2310615 | W73: 2345408 | X73: 2379998 | Y73: 2415679 | Z73: 2452585 | AA73: 2489286 | AB73: 2527012 | AC73: 2565458 | AD73: 2602758 | AE73: 2644850 | AF73: 2655120 | AG73: 2642925 | AH73: 2650025 | AI73: 2658933 | AJ73: 2667710 | AK73: 2629153 | AL73: 2548833 | AM73: 2474230 | AN73: 2418062 | AO73: 2383654 | AP73: 2354437 | AQ73: 2325705 | AR73: 2298386 | AS73: 2284854 | AT73: 2272218 | AU73: 2259104 | AV73: 2246050 | AW73: 2233109 | AX73: 2219751 | AY73: 2207030 | AZ73: 2193867 | BA73: 2180304 | BB73: 2166861 | BC73: 2153590 | BD73: 2140426 | BE73: 2126887 | BF73: 2135400 | BG73: 2151132 | BH73: 2164505
A74: Europe | B74: Germany | C74: 51978188 | D74: 52609561 | E74: 53122383 | F74: 53664331 | G74: 54147106 | H74: 54659677 | I74: 55166778 | J74: 55468832 | K74: 55765529 | L74: 56259360 | M74: 56496072 | N74: 56645245 | O74: 56961784 | P74: 57186457 | Q74: 57253758 | R74: 57085531 | S74: 56885943 | T74: 56801863 | U74: 56796181 | V74: 56865826 | W74: 57028530 | X74: 57229147 | Y74: 57267174 | Z74: 57114118 | AA74: 56792461 | AB74: 56485448 | AC74: 56438249 | AD74: 56695484 | AE74: 57044790 | AF74: 57469536 | AG74: 58079842 | AH74: 58625381 | AI74: 59146205 | AJ74: 59647492 | AK74: 60028206 | AL74: 60378049 | AM74: 60725922 | AN74: 60986289 | AO74: 61167004 | AP74: 61376500 | AQ74: 61629857 | AR74: 61902439 | AS74: 62174878 | AT74: 62376854 | AU74: 62529997 | AV74: 62660267 | AW74: 62753557 | AX74: 62833410 | AY74: 62875807 | AZ74: 62877220 | BA74: 62940432 | BB74: 61940177 | BC74: 62064608 | BD74: 62242278 | BE74: 62510392 | BF74: 63062064 | BG74: 63592936 | BH74: 63890984
... A105: Asia | B105: Korea, Rep. | C105: 6930929 | D105: 7351204 | E105: 7811004 | F105: 8289479 | G105: 8779189 | H105: 9286249 | I105: 9815880 | J105: 10537106 | K105: 11362681 | L105: 12225296 | M105: 13123306 | N105: 13896560 | O105: 14639182 | P105: 15391092 | Q105: 16159311 | R105: 16946391 | S105: 17823527 | T105: 18743336 | U105: 19679806 | V105: 20636698 | W105: 21623805 | X105: 22617087 | Y105: 23619800 | Z105: 24621925 | AA105: 25577374 | AB105: 26473134 | AC105: 27480866 | AD105: 28537079 | AE105: 29585374 | AF105: 30626132 | AG105: 31656393 | AH105: 32459655 | AI105: 33169705 | AJ105: 33872973 | AK105: 34575766 | AL105: 35280305 | AM105: 35810625 | AN105: 36259672 | AO105: 36633453 | AP105: 37006183 | AQ105: 37428328 | AR105: 37867709 | AS105: 38258247 | AT105: 38626122 | AU105: 38947802 | AV105: 39195731 | AW105: 39490771 | AX105: 39740941 | AY105: 40093884 | AZ105: 40351067 | BA105: 40602657 | BB105: 40909592 | BC105: 41089082 | BD105: 41240244 | BE105: 41463573 | BF105: 41645542 | BG105: 41797024 | BH105: 41946498
A106: Asia | B106: Kuwait | C106: 201925 | D106: 228374 | E106: 259338 | F106: 294457 | G106: 333133 | H106: 375400 | I106: 423643 | J106: 475255 | K106: 529320 | L106: 584571 | M106: 639688 | N106: 692539 | O106: 745146 | P106: 798607 | Q106: 854640 | R106: 916132 | S106: 988403 | T106: 1063822 | U106: 1141669 | V106: 1220766 | W106: 1300697 | X106: 1380509 | Y106: 1457118 | Z106: 1533756 | AA106: 1615282 | AB106: 1702527 | AC106: 1797859 | AD106: 1902633 | AE106: 1997006 | AF106: 2054155 | AG106: 2057077 | AH106: 1994704 | AL106: 1579984 | AM106: 1604408 | AN106: 1690047 | AO106: 1812572 | AP106: 1934795 | AQ106: 2030234 | AR106: 2107414 | AS106: 2143833 | AT106: 2169118 | AU106: 2207939 | AV106: 2276623 | AW106: 2377258 | AX106: 2503410 | AY106: 2652340 | AZ106: 2818939 | BA106: 2998083 | BB106: 3191051 | BC106: 3395556 | BD106: 3598385 | BE106: 3782450 | BF106: 3935794 | BG106: 4052584 | BH106: 4136528
A107: Asia | B107: Kyrgyz Republic | C107: 742514 | D107: 778534 | E107: 813050 | F107: 849091 | G107: 886206 | H107: 922554 | I107: 960953 | J107: 999643 | K107: 1039135 | L107: 1077271 | M107: 1108956 | N107: 1136657 | O107: 1165888 | P107: 1195196 | Q107: 1226436 | R107: 1257236 | S107: 1287423 | T107: 1317380 | U107: 1346753 | V107: 1373807 | W107: 1397293 | X107: 1421871 | Y107: 1448346 | Z107: 1476863 | AA107: 1504955 | AB107: 1531357 | AC107: 1558567 | AD107: 1586429 | AE107: 1612568 | AF107: 1639650 | AG107: 1658864 | AH107: 1673404 | AI107: 1679864 | AJ107: 1667475 | AK107: 1654017 | AL107: 1657660 | AM107: 1669279 | AN107: 1680607 | AO107: 1693186 | AP107: 1708661 | AQ107: 1729037 | AR107: 1745422 | AS107: 1761468 | AT107: 1779932 | AU107: 1801551 | AV107: 1821882 | AW107: 1841521 | AX107: 1859060 | AY107: 1876703 | AZ107: 1899444 | BA107: 1923436 | BB107: 1949521 | BC107: 1986238 | BD107: 2031430 | BE107: 2079480 | BF107: 2131200 | BG107: 2185215 | BH107: 2240912
A108: Asia | B108: Lao PDR | C108: 168526 | D108: 174062 | E108: 179800 | F108: 185733 | G108: 191896 | H108: 198303 | I108: 204892 | J108: 217032 | K108: 229963 | L108: 243805 | M108: 258761 | N108: 274983 | O108: 292465 | P108: 309357 | Q108: 324131 | R108: 338145 | S108: 351145 | T108: 363256 | U108: 375286 | V108: 388311 | W108: 403260 | X108: 420407 | Y108: 439781 | Z108: 461166 | AA108: 484305 | AB108: 509077 | AC108: 535643 | AD108: 563866 | AE108: 593637 | AF108: 624817 | AG108: 657380 | AH108: 691263 | AI108: 726366 | AJ108: 762379 | AK108: 798944 | AL108: 843167 | AM108: 903892 | AN108: 966806 | AO108: 1032161 | AP108: 1100198 | AQ108: 1171221 | AR108: 1244972 | AS108: 1321764 | AT108: 1401944 | AU108: 1486506 | AV108: 1564290 | AW108: 1623079 | AX108: 1684742 | AY108: 1748659 | AZ108: 1813313 | BA108: 1877880 | BB108: 1941847 | BC108: 2005638 | BD108: 2069945 | BE108: 2136474 | BF108: 2206306 | BG108: 2279998 | BH108: 2357012
A109: Europe | B109: Latvia | C109: 1121298 | D109: 1155193 | E109: 1188070 | F109: 1221599 | G109: 1255757 | H109: 1287767 | I109: 1315521 | J109: 1343866 | K109: 1375002 | L109: 1404638 | M109: 1432319 | N109: 1459887 | O109: 1488241 | P109: 1517255 | Q109: 1547223 | R109: 1575779 | S109: 1601843 | T109: 1627400 | U109: 1652200 | V109: 1671120 | W109: 1685226 | X109: 1699098 | Y109: 1714098 | Z109: 1731364 | AA109: 1749443 | AB109: 1768075 | AC109: 1788258 | AD109: 1810950 | AE109: 1833841 | AF109: 1845533 | AG109: 1844232 | AH109: 1834229 | AI109: 1800024 | AJ109: 1763518 | AK109: 1736816 | AL109: 1708476 | AM109: 1686883 | AN109: 1668936 | AO109: 1649682 | AP109: 1630787 | AQ109: 1611520 | AR109: 1588107 | AS109: 1567452 | AT109: 1551233 | AU109: 1536660 | AV109: 1522383 | AW109: 1507751 | AX109: 1494021 | AY109: 1476965 | AZ109: 1452351 | BA109: 1423002 | BB109: 1397904 | BC109: 1381242 | BD109: 1367090 | BE109: 1354815 | BF109: 1344323 | BG109: 1332897 | BH109: 1321159
A110: Asia | B110: Lebanon | C110: 764260 | D110: 821153 | E110: 880852 | F110: 942369 | G110: 1004417 | H110: 1065737 | I110: 1125238 | J110: 1182811 | K110: 1240370 | L110: 1300758 | M110: 1366372 | N110: 1437081 | O110: 1512393 | P110: 1589254 | Q110: 1661765 | R110: 1725146 | S110: 1776936 | T110: 1818074 | U110: 1852033 | V110: 1884336 | W110: 1919371 | X110: 1959168 | Y110: 2002872 | Z110: 2047858 | AA110: 2089847 | AB110: 2125796 | AC110: 2153979 | AD110: 2176378 | AE110: 2198914 | AF110: 2215239 | AG110: 2246747 | AH110: 2297535 | AI110: 2365228 | AJ110: 2441272 | AK110: 2513303 | AL110: 2572925 | AM110: 2614677 | AN110: 2642965 | AO110: 2670836 | AP110: 2711085 | AQ110: 2782415 | AR110: 2893443 | AS110: 3038095 | AT110: 3196806 | AU110: 3341494 | AV110: 3453690 | AW110: 3520238 | AX110: 3551180 | AY110: 3578338 | AZ110: 3647168 | BA110: 3787799 | BB110: 4014088 | BC110: 4308540 | BD110: 4631890 | BE110: 4927916 | BF110: 5155504 | BG110: 5301846 | BH110: 5378567
A111: Africa | B111: Lesotho | C111: 29908 | D111: 34312 | E111: 39380 | F111: 45193 | G111: 51845 | H111: 59436 | I111: 67273 | J111: 72135 | K111: 77356 | L111: 82945 | M111: 88925 | N111: 95312 | O111: 101972 | P111: 108879 | Q111: 116375 | R111: 124522 | S111: 132282 | T111: 136481 | U111: 140884 | V111: 145412 | W111: 150009 | X111: 154659 | Y111: 159359 | Z111: 164034 | AA111: 168609 | AB111: 173012 | AC111: 178558 | AD111: 189066 | AE111: 199999 | AF111: 211581 | AG111: 224022 | AH111: 237446 | AI111: 251835 | AJ111: 267008 | AK111: 282687 | AL111: 298638 | AM111: 314042 | AN111: 326769 | AO111: 339486 | AP111: 352303 | AQ111: 365293 | AR111: 378455 | AS111: 391819 | AT111: 405428 | AU111: 419406 | AV111: 433754 | AW111: 448564 | AX111: 461952 | AY111: 475903 | AZ111: 490526 | BA111: 506016 | BB111: 522440 | BC111: 537195 | BD111: 552652 | BE111: 568676 | BF111: 585153 | BG111: 602018 | BH111: 619305
A112: Africa | B112: Liberia | C112: 208737 | D112: 220879 | E112: 233733 | F112: 247325 | G112: 261740 | H112: 277007 | I112: 293200 | J112: 310379 | K112: 328638 | L112: 348017 | M112: 368652 | N112: 390598 | O112: 413952 | P112: 438784 | Q112: 465317 | R112: 493711 | S112: 523614 | T112: 554892 | U112: 588216 | V112: 624446 | W112: 664063 | X112: 707875 | Y112: 755300 | Z112: 803186 | AA112: 860052 | AB112: 929051 | AC112: 989856 | AD112: 1042204 | AE112: 1086767 | AF112: 1125744 | AG112: 1162328 | AH112: 1194955 | AI112: 1112885 | AJ112: 1040309 | AK112: 985931 | AL112: 952972 | AM112: 941418 | AN112: 1021311 | AO112: 1113437 | AP112: 1202860 | AQ112: 1278737 | AR112: 1336228 | AS112: 1378809 | AT112: 1413554 | AU112: 1451812 | AV112: 1501829 | AW112: 1566254 | AX112: 1642015 | AY112: 1724830 | AZ112: 1808379 | BA112: 1887717 | BB112: 1961536 | BC112: 2031529 | BD112: 2099640 | BE112: 2168892 | BF112: 2241711 | BG112: 2318631 | BH112: 2398934
A113: Africa | B113: Libya | C113: 395751 | D113: 422411 | E113: 451116 | F113: 482119 | G113: 515758 | H113: 583535 | I113: 661916 | J113: 748526 | K113: 843704 | L113: 947351 | M113: 1059744 | N113: 1180739 | O113: 1310191 | P113: 1446980 | Q113: 1553514 | R113: 1660751 | S113: 1771545 | T113: 1885646 | U113: 2003887 | V113: 2127329 | W113: 2256652 | X113: 2392023 | Y113: 2532831 | Z113: 2676858 | AA113: 2821276 | AB113: 2922768 | AC113: 3016116 | AD113: 3105292 | AE113: 3191227 | AF113: 3275646 | AG113: 3359573 | AH113: 3443529 | AI113: 3526949 | AJ113: 3608599 | AK113: 3686889 | AL113: 3760790 | AM113: 3829689 | AN113: 3894958 | AO113: 3958609 | AP113: 4023343 | AQ113: 4091098 | AR113: 4162142 | AS113: 4235679 | AT113: 4311254 | AU113: 4388044 | AV113: 4465004 | AW113: 4543585 | AX113: 4623269 | AY113: 4699126 | AZ113: 4764444 | BA113: 4815137 | BB113: 4848087 | BC113: 4866376 | BD113: 4879698 | BE113: 4901804 | BF113: 4942449 | BG113: 5005653 | BH113: 5088027
A114: Europe | B114: Liechtenstein | C114: 3371 | D114: 3432 | E114: 3476 | F114: 3524 | G114: 3576 | H114: 3631 | I114: 3690 | J114: 3753 | K114: 3815 | L114: 3874 | M114: 3924 | N114: 3990 | O114: 4066 | P114: 4139 | Q114: 4213 | R114: 4294 | S114: 4382 | T114: 4473 | U114: 4567 | V114: 4653 | W114: 4727 | X114: 4769 | Y114: 4784 | Z114: 4791 | AA114: 4797 | AB114: 4802 | AC114: 4811 | AD114: 4821 | AE114: 4833 | AF114: 4847 | AG114: 4866 | AH114: 4896 | AI114: 4937 | AJ114: 4982 | AK114: 5030 | AL114: 5082 | AM114: 5103 | AN114: 5092 | AO114: 5080 | AP114: 5062 | AQ114: 5036 | AR114: 5038 | AS114: 5071 | AT114: 5097 | AU114: 5118 | AV114: 5137 | AW114: 5153 | AX114: 5167 | AY114: 5180 | AZ114: 5193 | BA114: 5207 | BB114: 5226 | BC114: 5250 | BD114: 5280 | BE114: 5314 | BF114: 5350 | BG114: 5387 | BH114: 5429
A115: Europe | B115: Lithuania | C115: 1096416 | D115: 1141928 | E115: 1186429 | F115: 1230140 | G115: 1275080 | H115: 1320810 | I115: 1367610 | J115: 1415159 | K115: 1462669 | L115: 1507983 | M115: 1555873 | N115: 1612378 | O115: 1670055 | P115: 1726365 | Q115: 1782668 | R115: 1838525 | S115: 1894509 | T115: 1950350 | U115: 2005471 | V115: 2050971 | W115: 2087446 | X115: 2126573 | Y115: 2168688 | Z115: 2213306 | AA115: 2258826 | AB115: 2305300 | AC115: 2354675 | AD115: 2406331 | AE115: 2459117 | AF115: 2492104 | AG115: 2499110 | AH115: 2501142 | AI115: 2496245 | AJ115: 2482228 | AK115: 2462904 | AL115: 2441841 | AM115: 2421184 | AN115: 2401277 | AO115: 2381814 | AP115: 2362861 | AQ115: 2344199 | AR115: 2322637 | AS115: 2300933 | AT115: 2279211 | AU115: 2250685 | AV115: 2213967 | AW115: 2181225 | AX115: 2157761 | AY115: 2137953 | AZ115: 2114156 | BA115: 2067653 | BB115: 2020994 | BC115: 1997745 | BD115: 1981238 | BE115: 1967853 | BF115: 1952971 | BG115: 1932212 | BH115: 1909164
A116: Europe | B116: Luxembourg | C116: 218385 | D116: 221560 | E116: 225946 | F116: 229959 | G116: 234207 | H116: 238541 | I116: 241914 | J116: 244349 | K116: 246598 | L116: 249419 | M116: 252255 | N116: 256528 | O116: 261780 | P116: 266787 | Q116: 272384 | R116: 277458 | S116: 280890 | T116: 283399 | U116: 285895 | V116: 288518 | W116: 291473 | X116: 293802 | Y116: 294251 | Z116: 294534 | AA116: 295042 | AB116: 295818 | AC116: 297355 | AD116: 299492 | AE116: 301882 | AF116: 305040 | AG116: 309096 | AH116: 313973 | AI116: 319732 | AJ116: 325361 | AK116: 332341 | AL116: 338722 | AM116: 343082 | AN116: 347217 | AO116: 352047 | AP116: 359223 | AQ116: 367434 | AR116: 374603 | AS116: 380583 | AT116: 387241 | AU116: 394773 | AV116: 402818 | AW116: 411237 | AX116: 419557 | AY116: 429035 | AZ116: 438935 | BA116: 448892 | BB116: 460842 | BC116: 473864 | BD116: 486709 | BE116: 500042 | BF116: 513663 | BG116: 526490 | BH116: 543862
A117: Asia | B117: Macao SAR, China | C117: 159891 | D117: 162501 | E117: 168358 | F117: 176462 | G117: 185782 | H117: 195461 | I117: 205446 | J117: 215699 | K117: 225350 | L117: 233321 | M117: 238888 | N117: 241794 | O117: 242292 | P117: 240954 | Q117: 238758 | R117: 236532 | S117: 234387 | T117: 232361 | U117: 231186 | V117: 231735 | W117: 234591 | X117: 240153 | Y117: 248428 | Z117: 258606 | AA117: 269937 | AB117: 281814 | AC117: 294157 | AD117: 306968 | AE117: 319757 | AF117: 331942 | AG117: 343120 | AH117: 353074 | AI117: 361875 | AJ117: 369852 | AK117: 377548 | AL117: 385339 | AM117: 393488 | AN117: 401564 | AO117: 409837 | AP117: 418604 | AQ117: 427979 | AR117: 438081 | AS117: 448896 | AT117: 460147 | AU117: 471453 | AV117: 482559 | AW117: 493320 | AX117: 503823 | AY117: 514348 | AZ117: 525313 | BA117: 536969 | BB117: 549439 | BC117: 562531 | BD117: 575841 | BE117: 588781 | BF117: 600942 | BG117: 612167 | BH117: 622567
A118: Europe | B118: Macedonia, FYR | C118: 506445 | D118: 530905 | E118: 556983 | F118: 584162 | G118: 612702 | H118: 642626 | I118: 674297 | J118: 707589 | K118: 741943 | L118: 776357 | M118: 810135 | N118: 839249 | O118: 856892 | P118: 874006 | Q118: 891985 | R118: 911764 | S118: 933788 | T118: 957558 | U118: 982219 | V118: 1006329 | W118: 1028849 | X118: 1048562 | Y118: 1064239 | Z118: 1078352 | AA118: 1091378 | AB118: 1103635 | AC118: 1115347 | AD118: 1126352 | AE118: 1136544 | AF118: 1145664 | AG118: 1153600 | AH118: 1160779 | AI118: 1168616 | AJ118: 1176350 | AK118: 1184939 | AL118: 1181760 | AM118: 1181331 | AN118: 1183203 | AO118: 1186409 | AP118: 1189473 | AQ118: 1191346 | AR118: 1191774 | AS118: 1191042 | AT118: 1189365 | AU118: 1187142 | AV118: 1185316 | AW118: 1183894 | AX118: 1182764 | AY118: 1182023 | AZ118: 1181804 | BA118: 1182164 | BB118: 1183165 | BC118: 1184793 | BD118: 1187094 | BE118: 1190072 | BF118: 1193689 | BG118: 1198005 | BH118: 1202983
... A167: Africa | B167: Senegal | C167: 737552 | D167: 779172 | E167: 823109 | F167: 869496 | G167: 918601 | H167: 970475 | I167: 1025247 | J167: 1083052 | K167: 1144140 | L167: 1208733 | M167: 1277252 | N167: 1348134 | O167: 1423194 | P167: 1501438 | Q167: 1581749 | R167: 1663157 | S167: 1740830 | T167: 1801704 | U167: 1863904 | V167: 1929557 | W167: 2000434 | X167: 2077137 | Y167: 2159401 | Z167: 2246934 | AA167: 2339064 | AB167: 2434954 | AC167: 2534656 | AD167: 2638363 | AE167: 2744603 | AF167: 2840199 | AG167: 2938833 | AH167: 3040925 | AI167: 3146046 | AJ167: 3252700 | AK167: 3359244 | AL167: 3464181 | AM167: 3567106 | AN167: 3668587 | AO167: 3770559 | AP167: 3875456 | AQ167: 3985250 | AR167: 4100823 | AS167: 4221853 | AT167: 4364221 | AU167: 4525462 | AV167: 4693353 | AW167: 4868171 | AX167: 5050417 | AY167: 5241233 | AZ167: 5441952 | BA167: 5653821 | BB167: 5877406 | BC167: 6112178 | BD167: 6356827 | BE167: 6609171 | BF167: 6868749 | BG167: 7134961 | BH167: 7408555
A168: Europe | B168: Serbia | AG168: 3822813 | AH168: 3855241 | AI168: 3898223 | AJ168: 3942353 | AK168: 3977770 | AL168: 3938573 | AM168: 3951731 | AN168: 3957625 | AO168: 3959596 | AP168: 3962104 | AQ168: 3966301 | AR168: 3976219 | AS168: 3989274 | AT168: 3997403 | AU168: 4004805 | AV168: 4009310 | AW168: 4010029 | AX168: 4010264 | AY168: 4009546 | AZ168: 4009752 | BA168: 4009779 | BB168: 3994308 | BC168: 3985121 | BD168: 3973872 | BE168: 3963388 | BF168: 3951845 | BG168: 3939250 | BH168: 3928397
A169: Africa | B169: Seychelles | C169: 11540 | D169: 12316 | E169: 13118 | F169: 13949 | G169: 14819 | H169: 15733 | I169: 16693 | J169: 17693 | K169: 18736 | L169: 19818 | M169: 20940 | N169: 22062 | O169: 23421 | P169: 24621 | Q169: 25937 | R169: 27432 | S169: 28905 | T169: 30449 | U169: 30700 | V169: 30955 | W169: 31229 | X169: 31603 | Y169: 31779 | Z169: 31731 | AA169: 31910 | AB169: 32160 | AC169: 32351 | AD169: 33744 | AE169: 33860 | AF169: 34065 | AG169: 34246 | AH169: 34731 | AI169: 34930 | AJ169: 35718 | AK169: 36750 | AL169: 37376 | AM169: 38024 | AN169: 38583 | AO169: 39471 | AP169: 40396 | AQ169: 40917 | AR169: 41126 | AS169: 42595 | AT169: 42320 | AU169: 42382 | AV169: 42813 | AW169: 43966 | AX169: 44460 | AY169: 45755 | AZ169: 46241 | BA169: 47880 | BB169: 46973 | BC169: 47790 | BD169: 49055 | BE169: 50219 | BF169: 51754 | BG169: 52859 | BH169: 53922
A170: Africa | B170: Sierra Leone | C170: 398595 | D170: 416997 | E170: 436378 | F170: 457138 | G170: 480027 | H170: 504033 | I170: 529265 | J170: 555776 | K170: 583812 | L170: 613561 | M170: 645308 | N170: 679223 | O170: 715390 | P170: 753765 | Q170: 794427 | R170: 830172 | S170: 861916 | T170: 895111 | U170: 929788 | V170: 965939 | W170: 1003541 | X170: 1042127 | Y170: 1081592 | Z170: 1122863 | AA170: 1167367 | AB170: 1215742 | AC170: 1264696 | AD170: 1313486 | AE170: 1361639 | AF170: 1403132 | AG170: 1433908 | AH170: 1452324 | AI170: 1460525 | AJ170: 1462543 | AK170: 1464656 | AL170: 1471777 | AM170: 1484562 | AN170: 1502819 | AO170: 1530045 | AP170: 1570272 | AQ170: 1626076 | AR170: 1699790 | AS170: 1790001 | AT170: 1890140 | AU170: 1990711 | AV170: 2089017 | AW170: 2181738 | AX170: 2267151 | AY170: 2347589 | AZ170: 2427305 | BA170: 2509600 | BB170: 2594957 | BC170: 2682219 | BD170: 2771324 | BE170: 2862247 | BF170: 2954805 | BG170: 3049301 | BH170: 3146521
A171: Asia | B171: Singapore | C171: 1646400 | D171: 1702400 | E171: 1750200 | F171: 1795000 | G171: 1841600 | H171: 1886900 | I171: 1934400 | J171: 1977600 | K171: 2012000 | L171: 2042500 | M171: 2074500 | N171: 2112900 | O171: 2152400 | P171: 2193000 | Q171: 2229800 | R171: 2262600 | S171: 2293300 | T171: 2325300 | U171: 2353600 | V171: 2383500 | W171: 2413945 | X171: 2532835 | Y171: 2646466 | Z171: 2681061 | AA171: 2732221 | AB171: 2735957 | AC171: 2733373 | AD171: 2774789 | AE171: 2846108 | AF171: 2930901 | AG171: 3047132 | AH171: 3135083 | AI171: 3230698 | AJ171: 3313471 | AK171: 3419048 | AL171: 3524506 | AM171: 3670704 | AN171: 3796038 | AO171: 3927213 | AP171: 3958723 | AQ171: 4027887 | AR171: 4138012 | AS171: 4175950 | AT171: 4114826 | AU171: 4166664 | AV171: 4265762 | AW171: 4401365 | AX171: 4588599 | AY171: 4839396 | AZ171: 4987573 | BA171: 5076732 | BB171: 5183688 | BC171: 5312437 | BD171: 5399162 | BE171: 5469724 | BF171: 5535002 | BG171: 5607283 | BH171: 5612253
A172: Americas | B172: Sint Maarten (Dutch part) | AO172: 31240 | AP172: 31084 | AQ172: 30519 | AR172: 30600 | AS172: 30777 | AT172: 31472 | AU172: 32488 | AV172: 33011 | AW172: 33441 | AX172: 33811 | AY172: 33964 | AZ172: 34238 | BA172: 34056 | BB172: 33435 | BC172: 34640 | BD172: 36607 | BE172: 37685 | BF172: 38824 | BG172: 39969 | BH172: 41109
A173: Europe | B173: Slovak Republic | C173: 1361347 | D173: 1423197 | E173: 1471245 | F173: 1519388 | G173: 1569094 | H173: 1619143 | I173: 1669066 | J173: 1718790 | K173: 1768232 | L173: 1818423 | M173: 1863258 | N173: 1914539 | O173: 1979489 | P173: 2047898 | Q173: 2119100 | R173: 2192168 | S173: 2266922 | T173: 2343045 | U173: 2419732 | V173: 2497145 | W173: 2571477 | X173: 2623925 | Y173: 2667930 | Z173: 2711169 | AA173: 2753815 | AB173: 2796439 | AC173: 2837965 | AD173: 2878046 | AE173: 2917651 | AF173: 2956110 | AG173: 2993564 | AH173: 3011210 | AI173: 3008952 | AJ173: 3017265 | AK173: 3025916 | AL173: 3031513 | AM173: 3034659 | AN173: 3037037 | AO173: 3037825 | AP173: 3037635 | AQ173: 3030239 | AR173: 3020933 | AS173: 3011770 | AT173: 3001728 | AU173: 2993058 | AV173: 2985293 | AW173: 2977317 | AX173: 2970070 | AY173: 2964549 | AZ173: 2960369 | BA173: 2948302 | BB173: 2937801 | BC173: 2935234 | BD173: 2930811 | BE173: 2926070 | BF173: 2922832 | BG173: 2922095 | BH173: 2923996
A174: Europe | B174: Slovenia | C174: 446954 | D174: 464004 | E174: 480036 | F174: 497639 | G174: 516254 | H174: 535928 | I174: 557347 | J174: 578934 | K174: 599472 | L174: 618383 | M174: 638279 | N174: 660081 | O174: 684387 | P174: 709382 | Q174: 732814 | R174: 760012 | S174: 791790 | T174: 822198 | U174: 852339 | V174: 882958 | W174: 913487 | X174: 933075 | Y174: 938012 | Z174: 946993 | AA174: 954948 | AB174: 962743 | AC174: 977988 | AD174: 993038 | AE174: 998955 | AF174: 1002747 | AG174: 1006873 | AH174: 1010052 | AI174: 1009090 | AJ174: 1007206 | AK174: 1006579 | AL174: 1007313 | AM174: 1007220 | AN174: 1006383 | AO174: 1004706 | AP174: 1005959 | AQ174: 1009459 | AR174: 1011568 | AS174: 1014358 | AT174: 1019460 | AU174: 1024627 | AV174: 1030904 | AW174: 1038715 | AX174: 1049080 | AY174: 1055309 | AZ174: 1069460 | BA174: 1078743 | BB174: 1085605 | BC174: 1092516 | BD174: 1098614 | BE174: 1104335 | BF174: 1109788 | BG174: 1115536 | BH174: 1121686
A175: Oceania | B175: Solomon Islands | C175: 6799 | D175: 7330 | E175: 7905 | F175: 8526 | G175: 9194 | H175: 9915 | I175: 10688 | J175: 11523 | K175: 12431 | L175: 13428 | M175: 14293 | N175: 14889 | O175: 15532 | P175: 16215 | Q175: 16925 | R175: 17652 | S175: 18601 | T175: 19927 | U175: 21328 | V175: 22814 | W175: 24389 | X175: 26059 | Y175: 27824 | Z175: 29683 | AA175: 31633 | AB175: 33669 | AC175: 35794 | AD175: 37611 | AE175: 39224 | AF175: 40897 | AG175: 42650 | AH175: 44488 | AI175: 46408 | AJ175: 48413 | AK175: 50505 | AL175: 52677 | AM175: 54936 | AN175: 57281 | AO175: 59710 | AP175: 62222 | AQ175: 65246 | AR175: 68668 | AS175: 72240 | AT175: 75955 | AU175: 79808 | AV175: 83790 | AW175: 87903 | AX175: 92150 | AY175: 96547 | AZ175: 101095 | BA175: 105811 | BB175: 110664 | BC175: 115656 | BD175: 120778 | BE175: 126012 | BF175: 131361 | BG175: 136805 | BH175: 142357
A176: Africa | B176: Somalia | C176: 477110 | D176: 501894 | E176: 528046 | F176: 555575 | G176: 583809 | H176: 612583 | I176: 644078 | J176: 678630 | K176: 714552 | L176: 749175 | M176: 781156 | N176: 806885 | O176: 828271 | P176: 856413 | Q176: 907964 | R176: 989404 | S176: 1104452 | T176: 1255066 | U176: 1422265 | V176: 1578125 | W176: 1701893 | X176: 1784702 | Y176: 1832247 | Z176: 1856324 | AA176: 1876195 | AB176: 1906231 | AC176: 1951399 | AD176: 2009074 | AE176: 2075714 | AF176: 2139312 | AG176: 2193905 | AH176: 2237303 | AI176: 2273447 | AJ176: 2309409 | AK176: 2356107 | AL176: 2421263 | AM176: 2508596 | AN176: 2615954 | AO176: 2738197 | AP176: 2867038 | AQ176: 2996046 | AR176: 3123296 | AS176: 3250860 | AT176: 3418738 | AU176: 3594397 | AV176: 3779948 | AW176: 3976496 | AX176: 3797719 | AY176: 4094190 | AZ176: 4407473 | BA176: 4738122 | BB176: 5085937 | BC176: 5304370 | BD176: 5530951 | BE176: 5767267 | BF176: 6014570 | BG176: 6273573 | BH176: 6544353
A177: Africa | B177: South Africa | C177: 8138211 | D177: 8385621 | E177: 8631458 | F177: 8886439 | G177: 9150112 | H177: 9422339 | I177: 9702787 | J177: 9991697 | K177: 10290191 | L177: 10599780 | M177: 10919313 | N177: 11240988 | O177: 11573961 | P177: 11915521 | Q177: 12261915 | R177: 12610526 | S177: 12959556 | T177: 13309900 | U177: 13664894 | V177: 14029453 | W177: 14411508 | X177: 14836268 | Y177: 15275381 | Z177: 15723388 | AA177: 16171347 | AB177: 16653249 | AC177: 17212444 | AD177: 17769785 | AE177: 18334902 | AF177: 18923392 | AG177: 19545370 | AH177: 20200630 | AI177: 20875876 | AJ177: 21569049 | AK177: 22259855 | AL177: 22932158 | AM177: 23580029 | AN177: 24207383 | AO177: 24817322 | AP177: 25418106 | AQ177: 26015296 | AR177: 26610150 | AS177: 27227214 | AT177: 27848775 | AU177: 28462586 | AV177: 29065824 | AW177: 29656760 | AX177: 30239614 | AY177: 30829033 | AZ177: 31442368 | BA177: 32094946 | BB177: 32793266 | BC177: 33533029 | BD177: 34299835 | BE177: 35075489 | BF177: 35844195 | BG177: 36601070 | BH177: 37348247
A178: Africa | B178: South Sudan | C178: 258517 | D178: 263081 | E178: 267850 | F178: 272884 | G178: 278126 | H178: 283610 | I178: 289374 | J178: 295354 | K178: 301622 | L178: 308148 | M178: 314907 | N178: 321982 | O178: 329312 | P178: 336988 | Q178: 344946 | R178: 353283 | S178: 361831 | T178: 370541 | U178: 379762 | V178: 389817 | W178: 400838 | X178: 412972 | Y178: 425846 | Z178: 450252 | AA178: 492649 | AB178: 536540 | AC178: 582212 | AD178: 629558 | AE178: 677293 | AF178: 723169 | AG178: 765824 | AH178: 802975 | AI178: 835044 | AJ178: 858010 | AK178: 855444 | AL178: 866589 | AM178: 894411 | AN178: 937392 | AO178: 991176 | AP178: 1049024 | AQ178: 1105876 | AR178: 1159989 | AS178: 1213040 | AT178: 1267102 | AU178: 1325693 | AV178: 1390997 | AW178: 1463889 | AX178: 1542855 | AY178: 1626144 | AZ178: 1711805 | BA178: 1798000 | BB178: 1884138 | BC178: 1970762 | BD178: 2058335 | BE178: 2147759 | BF178: 2240020 | BG178: 2335091 | BH178: 2432898
A179: Europe | B179: Spain | C179: 17227480 | D179: 17614512 | E179: 18089104 | F179: 18560792 | G179: 19059712 | H179: 19580951 | I179: 20096611 | J179: 20660198 | K179: 21248036 | L179: 21772801 | M179: 22330440 | N179: 22878387 | O179: 23372204 | P179: 23870859 | Q179: 24372582 | R179: 24876771 | S179: 25379947 | T179: 25880544 | U179: 26368356 | V179: 26838008 | W179: 27289444 | X179: 27669147 | Y179: 27925417 | Z179: 28151118 | AA179: 28357570 | AB179: 28549379 | AC179: 28723937 | AD179: 28887112 | AE179: 29036437 | AF179: 29169746 | AG179: 29286916 | AH179: 29430524 | AI179: 29607126 | AJ179: 29793326 | AK179: 29967941 | AL179: 30133075 | AM179: 30291556 | AN179: 30451227 | AO179: 30610090 | AP179: 30767125 | AQ179: 30937864 | AR179: 31186430 | AS179: 31708814 | AT179: 32390830 | AU179: 33059302 | AV179: 33727737 | AW179: 34408810 | AX179: 35159317 | AY179: 35833174 | AZ179: 36260460 | BA179: 36535850 | BB179: 36773882 | BC179: 36904876 | BD179: 36891840 | BE179: 36890017 | BF179: 36971015 | BG179: 37112875 | BH179: 37294880
A180: Asia | B180: Sri Lanka | C180: 1622476 | D180: 1677724 | E180: 1734302 | F180: 1792676 | G180: 1846015 | H180: 1901063 | I180: 1958274 | J180: 2017241 | K180: 2077383 | L180: 2137619 | M180: 2197243 | N180: 2255986 | O180: 2313885 | P180: 2371593 | Q180: 2429817 | R180: 2489271 | S180: 2550052 | T180: 2611866 | U180: 2674287 | V180: 2736484 | W180: 2797722 | X180: 2852459 | Y180: 2892769 | Z180: 2932105 | AA180: 2971590 | AB180: 3011545 | AC180: 3052272 | AD180: 3093521 | AE180: 3134347 | AF180: 3174208 | AG180: 3212062 | AH180: 3248340 | AI180: 3282727 | AJ180: 3314814 | AK180: 3343308 | AL180: 3368054 | AM180: 3388186 | AN180: 3404666 | AO180: 3419052 | AP180: 3434368 | AQ180: 3452120 | AR180: 3473382 | AS180: 3497191 | AT180: 3522934 | AU180: 3548855 | AV180: 3573580 | AW180: 3597277 | AX180: 3619827 | AY180: 3641511 | AZ180: 3662097 | BA180: 3681352 | BB180: 3699568 | BC180: 3716533 | BD180: 3746058 | BE180: 3784061 | BF180: 3827553 | BG180: 3882481 | BH180: 3942265
A181: Americas | B181: St. Kitts and Nevis | C181: 14152 | D181: 14472 | E181: 14731 | F181: 14928 | G181: 15077 | H181: 15185 | I181: 15243 | J181: 15254 | K181: 15256 | L181: 15284 | M181: 15324 | N181: 15269 | O181: 15290 | P181: 15365 | Q181: 15449 | R181: 15509 | S181: 15543 | T181: 15549 | U181: 15543 | V181: 15533 | W181: 15505 | X181: 15366 | Y181: 15234 | Z181: 15102 | AA181: 14959 | AB181: 14807 | AC181: 14642 | AD181: 14468 | AE181: 14310 | AF181: 14190 | AG181: 14132 | AH181: 14139 | AI181: 14180 | AJ181: 14267 | AK181: 14366 | AL181: 14461 | AM181: 14541 | AN181: 14618 | AO181: 14692 | AP181: 14776 | AQ181: 14873 | AR181: 14992 | AS181: 15137 | AT181: 15286 | AU181: 15432 | AV181: 15569 | AW181: 15691 | AX181: 15803 | AY181: 15906 | AZ181: 16010 | BA181: 16114 | BB181: 16217 | BC181: 16336 | BD181: 16463 | BE181: 16597 | BF181: 16735 | BG181: 16879 | BH181: 17031
A182: Americas | B182: St. Lucia | C182: 19292 | D182: 19725 | E182: 20198 | F182: 20710 | G182: 21254 | H182: 21822 | I182: 22420 | J182: 23043 | K182: 23679 | L182: 24304 | M182: 24902 | N182: 25464 | O182: 25995 | P182: 26519 | Q182: 27066 | R182: 27662 | S182: 28319 | T182: 29031 | U182: 29780 | V182: 30547 | W182: 31314 | X182: 32066 | Y182: 32817 | Z182: 33587 | AA182: 34407 | AB182: 35300 | AC182: 36277 | AD182: 37329 | AE182: 38423 | AF182: 39510 | AG182: 40556 | AH182: 41447 | AI182: 41682 | AJ182: 41874 | AK182: 42071 | AL182: 42297 | AM182: 42563 | AN182: 42857 | AO182: 43149 | AP182: 43403 | AQ182: 43591 | AR182: 43535 | AS182: 42064 | AT182: 40591 | AU182: 39156 | AV182: 37793 | AW182: 36502 | AX182: 35271 | AY182: 34066 | AZ182: 32858 | BA182: 31841 | BB182: 32072 | BC182: 32257 | BD182: 32429 | BE182: 32606 | BF182: 32810 | BG182: 33036 | BH182: 33286
A183: Americas | B183: St. Martin (French part)
A184: Americas | B184: St. Vincent and the Grenadines | C184: 21001 | D184: 21681 | E184: 22342 | F184: 22989 | G184: 23633 | H184: 24288 | I184: 24953 | J184: 25628 | K184: 26315 | L184: 27022 | M184: 27753 | N184: 28513 | O184: 29299 | P184: 30108 | Q184: 30931 | R184: 31767 | S184: 32613 | T184: 33465 | U184: 34324 | V184: 35188 | W184: 36051 | X184: 36911 | Y184: 37767 | Z184: 38619 | AA184: 39474 | AB184: 40330 | AC184: 41193 | AD184: 42059 | AE184: 42913 | AF184: 43736 | AG184: 44517 | AH184: 45227 | AI184: 45692 | AJ184: 46115 | AK184: 46518 | AL184: 46903 | AM184: 47273 | AN184: 47630 | AO184: 47983 | AP184: 48355 | AQ184: 48755 | AR184: 49186 | AS184: 49654 | AT184: 50148 | AU184: 50649 | AV184: 51144 | AW184: 51635 | AX184: 52118 | AY184: 52596 | AZ184: 53063 | BA184: 53522 | BB184: 53966 | BC184: 54395 | BD184: 54828 | BE184: 55289 | BF184: 55783 | BG184: 56327 | BH184: 56909
A185: Africa | B185: Sudan | C185: 810731 | D185: 872668 | E185: 939444 | F185: 1011469 | G185: 1089192 | H185: 1172825 | I185: 1262982 | J185: 1360216 | K185: 1464966 | L185: 1577575 | M185: 1698845 | N185: 1829017 | O185: 1968957 | P185: 2104071 | Q185: 2199226 | R185: 2300463 | S185: 2407884 | T185: 2521418 | U185: 2640882 | V185: 2765735 | W185: 2895546 | X185: 3030399 | Y185: 3170953 | Z185: 3366677 | AA185: 3648614 | AB185: 3947501 | AC185: 4262608 | AD185: 4595231 | AE185: 4951277 | AF185: 5338264 | AG185: 5764225 | AH185: 6234658 | AI185: 6749810 | AJ185: 7240120 | AK185: 7513116 | AL185: 7768874 | AM185: 8001974 | AN185: 8216978 | AO185: 8422547 | AP185: 8631857 | AQ185: 8855061 | AR185: 9095540 | AS185: 9349825 | AT185: 9612013 | AU185: 9873047 | AV185: 10126743 | AW185: 10371226 | AX185: 10609975 | AY185: 10848620 | AZ185: 11102349 | BA185: 11377971 | BB185: 11678010 | BC185: 12001289 | BD185: 12347302 | BE185: 12713526 | BF185: 13099286 | BG185: 13504692 | BH185: 13931306
A186: Americas | B186: Suriname | C186: 137038 | D186: 141034 | E186: 145000 | F186: 148998 | G186: 152910 | H186: 156304 | I186: 159913 | J186: 163604 | K186: 166959 | L186: 169410 | M186: 170593 | N186: 170348 | O186: 173631 | P186: 180809 | Q186: 187738 | R186: 194923 | S186: 202595 | T186: 210654 | U186: 219032 | V186: 227425 | W186: 235660 | X186: 236288 | Y186: 237021 | Z186: 238117 | AA186: 239931 | AB186: 242696 | AC186: 246501 | AD186: 251228 | AE186: 256584 | AF186: 262195 | AG186: 267734 | AH186: 273129 | AI186: 278406 | AJ186: 283516 | AK186: 288453 | AL186: 293195 | AM186: 297699 | AN186: 301946 | AO186: 306000 | AP186: 309955 | AQ186: 313875 | AR186: 317778 | AS186: 321664 | AT186: 325542 | AU186: 329434 | AV186: 332707 | AW186: 335944 | AX186: 339193 | AY186: 342465 | AZ186: 345753 | BA186: 349038 | BB186: 352316 | BC186: 355588 | BD186: 358836 | BE186: 362120 | BF186: 365427 | BG186: 368746 | BH186: 372076
A187: Europe | B187: Sweden | C187: 5425627 | D187: 5511783 | E187: 5616067 | F187: 5720204 | G187: 5834351 | H187: 5959398 | I187: 6083367 | J187: 6194186 | K187: 6291760 | L187: 6397326 | M187: 6517403 | N187: 6605244 | O187: 6651027 | P187: 6688293 | Q187: 6733350 | R187: 6777603 | S187: 6808217 | T187: 6838299 | U187: 6864113 | V187: 6885080 | W187: 6904971 | X187: 6914338 | Y187: 6918294 | Z187: 6921426 | AA187: 6927719 | AB187: 6939171 | AC187: 6955328 | AD187: 6978575 | AE187: 7010722 | AF187: 7057653 | AG187: 7112392 | AH187: 7170001 | AI187: 7225787 | AJ187: 7281393 | AK187: 7346937 | AL187: 7399093 | AM187: 7418835 | AN187: 7425561 | AO187: 7432163 | AP187: 7440437 | AQ187: 7454878 | AR187: 7478923 | AS187: 7508835 | AT187: 7542470 | AU187: 7577769 | AV187: 7613645 | AW187: 7666670 | AX187: 7738188 | AY187: 7813274 | AZ187: 7894625 | BA187: 7976659 | BB187: 8059895 | BC187: 8150488 | BD187: 8250182 | BE187: 8362604 | BF187: 8481489 | BG187: 8618398 | BH187: 8773636
A188: Europe | B188: Switzerland | C188: 3778708 | D188: 3871554 | E188: 3987452 | F188: 4090405 | G188: 4175596 | H188: 4241081 | I188: 4302743 | J188: 4373584 | K188: 4446360 | L188: 4513988 | M188: 4564145 | N188: 4597418 | O188: 4635987 | P188: 4673744 | Q188: 4702405 | R188: 4703772 | S188: 4680366 | T188: 4667917 | U188: 4671729 | V188: 4684518 | W188: 4706505 | X188: 4731625 | Y188: 4755517 | Z188: 4772101 | AA188: 4785404 | AB188: 4802758 | AC188: 4823914 | AD188: 4850382 | AE188: 4882139 | AF188: 4917784 | AG188: 4964515 | AH188: 5023076 | AI188: 5075050 | AJ188: 5117803 | AK188: 5154986 | AL188: 5185748 | AM188: 5204882 | AN188: 5213607 | AO188: 5225282 | AP188: 5246404 | AQ188: 5272018 | AR188: 5304905 | AS188: 5347082 | AT188: 5388808 | AU188: 5427827 | AV188: 5464643 | AW188: 5500991 | AX188: 5552336 | AY188: 5625324 | AZ188: 5697988 | BA188: 5759681 | BB188: 5825978 | BC188: 5889928 | BD188: 5959745 | BE188: 6034707 | BF188: 6105617 | BG188: 6174416 | BH188: 6244619
A189: Asia | B189: Syrian Arab Republic | C189: 1683373 | D189: 1765942 | E189: 1854806 | F189: 1948106 | G189: 2046280 | H189: 2149577 | I189: 2258339 | J189: 2372750 | K189: 2493121 | L189: 2619593 | M189: 2752642 | N189: 2874816 | O189: 2997366 | P189: 3125158 | Q189: 3257984 | R189: 3395668 | S189: 3537997 | T189: 3685168 | U189: 3838754 | V189: 4000336 | W189: 4171386 | X189: 4352356 | Y189: 4533108 | Z189: 4718567 | AA189: 4908137 | AB189: 5099736 | AC189: 5292945 | AD189: 5488087 | AE189: 5685507 | AF189: 5885955 | AG189: 6090036 | AH189: 6297270 | AI189: 6507431 | AJ189: 6721723 | AK189: 6941927 | AL189: 7187665 | AM189: 7447436 | AN189: 7716370 | AO189: 7989892 | AP189: 8260780 | AQ189: 8524943 | AR189: 8771436 | AS189: 9002248 | AT189: 9238624 | AU189: 9511772 | AV189: 9839208 | AW189: 10241703 | AX189: 10702039 | AY189: 11153587 | AZ189: 11503046 | BA189: 11686472 | BB189: 11387567 | BC189: 10936306 | BD189: 10405544 | BE189: 9889591 | BF189: 9773668 | BG189: 9737730 | BH189: 9774379
A190: Asia | B190: Tajikistan | C190: 692229 | D190: 724602 | E190: 759424 | F190: 796337 | G190: 834877 | H190: 874565 | I190: 915356 | J190: 957338 | K190: 1000445 | L190: 1044551 | M190: 1080496 | N190: 1105675 | O190: 1130540 | P190: 1155329 | Q190: 1180068 | R190: 1205003 | S190: 1230092 | T190: 1255490 | U190: 1281456 | V190: 1309151 | W190: 1339127 | X190: 1370201 | Y190: 1402140 | Z190: 1435469 | AA190: 1470752 | AB190: 1508134 | AC190: 1548022 | AD190: 1589688 | AE190: 1630862 | AF190: 1659833 | AG190: 1672723 | AH190: 1679082 | AI190: 1679893 | AJ190: 1676668 | AK190: 1671063 | AL190: 1664676 | AM190: 1657643 | AN190: 1650086 | AO190: 1642717 | AP190: 1636343 | AQ190: 1647356 | AR190: 1676878 | AS190: 1708960 | AT190: 1743333 | AU190: 1779440 | AV190: 1817042 | AW190: 1855988 | AX190: 1896383 | AY190: 1938247 | AZ190: 1981642 | BA190: 2026560 | BB190: 2072868 | BC190: 2122289 | BD190: 2174398 | BE190: 2229090 | BF190: 2286080 | BG190: 2345422 | BH190: 2407157
A191: Africa | B191: Tanzania | C191: 528509 | D191: 559541 | E191: 592636 | F191: 627777 | G191: 665038 | H191: 704517 | I191: 746292 | J191: 790637 | K191: 870061 | L191: 964069 | M191: 1068306 | N191: 1184203 | O191: 1312559 | P191: 1454157 | Q191: 1610103 | R191: 1781164 | S191: 1968806 | T191: 2173667 | U191: 2397905 | V191: 2560919 | W191: 2719334 | X191: 2886940 | Y191: 3065089 | Z191: 3253365 | AA191: 3452356 | AB191: 3661410 | AC191: 3881163 | AD191: 4111940 | AE191: 4356633 | AF191: 4578236 | AG191: 4807792 | AH191: 5054588 | AI191: 5317625 | AJ191: 5592427 | AK191: 5873136 | AL191: 6154842 | AM191: 6435980 | AN191: 6718378 | AO191: 7006325 | AP191: 7306494 | AQ191: 7624779 | AR191: 7962433 | AS191: 8320222 | AT191: 8771267 | AU191: 9265294 | AV191: 9791550 | AW191: 10352972 | AX191: 10950894 | AY191: 11586014 | AZ191: 12255418 | BA191: 12960158 | BB191: 13699468 | BC191: 14476048 | BD191: 15290226 | BE191: 16142664 | BF191: 17035226 | BG191: 17968160 | BH191: 18942681
A192: Asia | B192: Thailand | C192: 5389572 | D192: 5583030 | E192: 5784218 | F192: 5993408 | G192: 6210236 | H192: 6434888 | I192: 6666679 | J192: 6905677 | K192: 7151627 | L192: 7404684 | M192: 7704889 | N192: 8140439 | O192: 8595982 | P192: 9068848 | Q192: 9557359 | R192: 10057938 | S192: 10571204 | T192: 11095119 | U192: 11631125 | V192: 12179518 | W192: 12695002 | X192: 13074811 | Y192: 13453985 | Z192: 13835833 | AA192: 14224401 | AB192: 14621051 | AC192: 15030328 | AD192: 15448930 | AE192: 15868017 | AF192: 16273759 | AG192: 16648929 | AH192: 16944479 | AI192: 17214288 | AJ192: 17470946 | AK192: 17732347 | AL192: 18011734 | AM192: 18315522 | AN192: 18637623 | AO192: 18968883 | AP192: 19295747 | AQ192: 19760004 | AR192: 20682080 | AS192: 21614441 | AT192: 22556146 | AU192: 23510657 | AV192: 24476323 | AW192: 25456179 | AX192: 26445148 | AY192: 27444802 | AZ192: 28453553 | BA192: 29475095 | BB192: 30184618 | BC192: 30831696 | BD192: 31477326 | BE192: 32116885 | BF192: 32745556 | BG192: 33362995 | BH192: 33966456
A193: Asia | B193: Timor-Leste | C193: 50450 | D193: 52121 | E193: 54458 | F193: 56918 | G193: 59511 | H193: 62239 | I193: 65063 | J193: 67976 | K193: 71044 | L193: 74358 | M193: 77976 | N193: 82045 | O193: 86504 | P193: 90895 | Q193: 94565 | R193: 97041 | S193: 97954 | T193: 97488 | U193: 96400 | V193: 95870 | W193: 96848 | X193: 99779 | Y193: 104512 | Z193: 110613 | AA193: 117257 | AB193: 123805 | AC193: 130015 | AD193: 136064 | AE193: 142230 | AF193: 148995 | AG193: 156718 | AH193: 164843 | AI193: 173491 | AJ193: 182286 | AK193: 190175 | AL193: 196372 | AM193: 200348 | AN193: 202433 | AO193: 203848 | AP193: 206408 | AQ193: 211478 | AR193: 219732 | AS193: 230762 | AT193: 243509 | AU193: 256251 | AV193: 267307 | AW193: 276563 | AX193: 284444 | AY193: 291607 | AZ193: 299094 | BA193: 307712 | BB193: 317720 | BC193: 328844 | BD193: 340849 | BE193: 353329 | BF193: 365964 | BG193: 378698 | BH193: 391641
A194: Africa | B194: Togo | C194: 159600 | D194: 174769 | E194: 191015 | F194: 209045 | G194: 230147 | H194: 255440 | I194: 286062 | J194: 322364 | K194: 363861 | L194: 408976 | M194: 450183 | N194: 472147 | O194: 492872 | P194: 512679 | Q194: 532384 | R194: 552643 | S194: 573429 | T194: 594659 | U194: 617270 | V194: 642423 | W194: 671041 | X194: 703572 | Y194: 740164 | Z194: 780104 | AA194: 821769 | AB194: 864060 | AC194: 906940 | AD194: 950578 | AE194: 994630 | AF194: 1038672 | AG194: 1082648 | AH194: 1126053 | AI194: 1169151 | AJ194: 1213299 | AK194: 1260543 | AL194: 1312339 | AM194: 1369567 | AN194: 1431830 | AO194: 1498036 | AP194: 1566424 | AQ194: 1635599 | AR194: 1705082 | AS194: 1775470 | AT194: 1847364 | AU194: 1921834 | AV194: 1999658 | AW194: 2081114 | AX194: 2166016 | AY194: 2254416 | AZ194: 2345946 | BA194: 2440753 | BB194: 2540265 | BC194: 2644056 | BD194: 2751046 | BE194: 2861132 | BF194: 2974138 | BG194: 3090318 | BH194: 3209687
A195: Oceania | B195: Tonga | C195: 10812 | D195: 11429 | E195: 12133 | F195: 12905 | G195: 13704 | H195: 14500 | I195: 15285 | J195: 15887 | K195: 16322 | L195: 16706 | M195: 17032 | N195: 17289 | O195: 17483 | P195: 17639 | Q195: 17791 | R195: 17967 | S195: 18178 | T195: 18514 | U195: 18930 | V195: 19323 | W195: 19675 | X195: 19974 | Y195: 20229 | Z195: 20459 | AA195: 20685 | AB195: 20921 | AC195: 21179 | AD195: 21339 | AE195: 21434 | AF195: 21522 | AG195: 21604 | AH195: 21675 | AI195: 21743 | AJ195: 21807 | AK195: 21881 | AL195: 21967 | AM195: 22066 | AN195: 22176 | AO195: 22297 | AP195: 22430 | AQ195: 22571 | AR195: 22721 | AS195: 22881 | AT195: 23049 | AU195: 23221 | AV195: 23396 | AW195: 23576 | AX195: 23774 | AY195: 23981 | AZ195: 24176 | BA195: 24357 | BB195: 24516 | BC195: 24595 | BD195: 24628 | BE195: 24677 | BF195: 24756 | BG195: 24876 | BH195: 25027
... A212: Americas | B212: Virgin Islands (U.S.) | C212: 18355 | D212: 19847 | E212: 20734 | F212: 24120 | G212: 25276 | H212: 27526 | I212: 29839 | J212: 32344 | K212: 37397 | L212: 41232 | M212: 44174 | N212: 50208 | O212: 54905 | P212: 61467 | Q212: 66711 | R212: 71094 | S212: 73363 | T212: 72044 | U212: 75091 | V212: 76204 | W212: 79855 | X212: 80915 | Y212: 81947 | Z212: 83005 | AA212: 84015 | AB212: 84921 | AC212: 85733 | AD212: 86498 | AE212: 87230 | AF212: 87965 | AG212: 91160 | AH212: 92529 | AI212: 93936 | AJ212: 95290 | AK212: 96515 | AL212: 97507 | AM212: 98277 | AN212: 99010 | AO212: 99649 | AP212: 100159 | AQ212: 100587 | AR212: 100749 | AS212: 100953 | AT212: 101183 | AU212: 101374 | AV212: 101582 | AW212: 101718 | AX212: 101896 | AY212: 102154 | AZ212: 102355 | BA212: 102500 | BB212: 102619 | BC212: 102694 | BD212: 102717 | BE212: 102720 | BF212: 102701 | BG212: 102651 | BH212: 102551
A213: Asia | B213: West Bank and Gaza | AG213: 1339452 | AH213: 1411345 | AI213: 1486950 | AJ213: 1566383 | AK213: 1649878 | AL213: 1737611 | AM213: 1829843 | AN213: 1926689 | AO213: 1985912 | AP213: 2043664 | AQ213: 2103044 | AR213: 2164070 | AS213: 2226847 | AT213: 2291359 | AU213: 2357720 | AV213: 2425915 | AW213: 2496025 | AX213: 2568140 | AY213: 2650903 | AZ213: 2736791 | BA213: 2825894 | BB213: 2920980 | BC213: 3019757 | BD213: 3121417 | BE213: 3225864 | BF213: 3332881 | BG213: 3442258 | BH213: 3555465
A214: Asia | B214: Yemen, Rep. | C214: 470664 | D214: 497591 | E214: 526135 | F214: 556370 | G214: 588370 | H214: 622268 | I214: 658271 | J214: 696651 | K214: 737290 | L214: 779616 | M214: 823777 | N214: 856749 | O214: 890678 | P214: 926917 | Q214: 967526 | R214: 1013948 | S214: 1067260 | T214: 1127286 | U214: 1193823 | V214: 1265762 | W214: 1342643 | X214: 1424421 | Y214: 1511985 | Z214: 1605284 | AA214: 1704328 | AB214: 1809354 | AC214: 1924572 | AD214: 2053761 | AE214: 2193613 | AF214: 2349018 | AG214: 2523659 | AH214: 2720854 | AI214: 2939357 | AJ214: 3172942 | AK214: 3412376 | AL214: 3640187 | AM214: 3853032 | AN214: 4060067 | AO214: 4265279 | AP214: 4475208 | AQ214: 4695154 | AR214: 4926165 | AS214: 5167774 | AT214: 5419996 | AU214: 5682846 | AV214: 5955876 | AW214: 6240241 | AX214: 6536575 | AY214: 6845303 | AZ214: 7166799 | BA214: 7501290 | BB214: 7848984 | BC214: 8209828 | BD214: 8583158 | BE214: 8967058 | BF214: 9360649 | BG214: 9763156 | BH214: 10174671
A215: Africa | B215: Zambia | C215: 552487 | D215: 595111 | E215: 641150 | F215: 692846 | G215: 760165 | H215: 832839 | I215: 911290 | J215: 995787 | K215: 1087208 | L215: 1186232 | M215: 1266829 | N215: 1348908 | O215: 1436892 | P215: 1530527 | Q215: 1629833 | R215: 1734414 | S215: 1844398 | T215: 1959813 | U215: 2081307 | V215: 2209423 | W215: 2344797 | X215: 2428785 | Y215: 2509987 | Z215: 2592639 | AA215: 2675627 | AB215: 2758089 | AC215: 2840010 | AD215: 2921482 | AE215: 3002484 | AF215: 3083016 | AG215: 3163300 | AH215: 3212589 | AI215: 3255309 | AJ215: 3297925 | AK215: 3342446 | AL215: 3390221 | AM215: 3441885 | AN215: 3496981 | AO215: 3553822 | AP215: 3610318 | AQ215: 3665076 | AR215: 3788660 | AS215: 3944965 | AT215: 4106317 | AU215: 4273875 | AV215: 4448571 | AW215: 4630790 | AX215: 4820726 | AY215: 5019893 | AZ215: 5229298 | BA215: 5450680 | BB215: 5684648 | BC215: 5932013 | BD215: 6192359 | BE215: 6464271 | BF215: 6747273 | BG215: 7041054 | BH215: 7346373
A216: Africa | B216: Zimbabwe | C216: 472468 | D216: 496270 | E216: 523204 | F216: 561146 | G216: 601709 | H216: 644773 | I216: 690528 | J216: 739175 | K216: 791074 | L216: 845606 | M216: 898591 | N216: 955456 | O216: 1016386 | P216: 1080922 | Q216: 1148663 | R216: 1215307 | S216: 1284118 | T216: 1355385 | U216: 1430794 | V216: 1512619 | W216: 1602697 | X216: 1701543 | Y216: 1809079 | Z216: 1932155 | AA216: 2063525 | AB216: 2200562 | AC216: 2343238 | AD216: 2491436 | AE216: 2643488 | AF216: 2797468 | AG216: 2951881 | AH216: 3105552 | AI216: 3258168 | AJ216: 3374241 | AK216: 3483496 | AL216: 3592172 | AM216: 3701048 | AN216: 3809730 | AO216: 3917525 | AP216: 4023161 | AQ216: 4125987 | AR216: 4225519 | AS216: 4323307 | AT216: 4356041 | AU216: 4381920 | AV216: 4413845 | AW216: 4452539 | AX216: 4497911 | AY216: 4550222 | AZ216: 4609702 | BA216: 4676094 | BB216: 4749752 | BC216: 4830153 | BD216: 4915898 | BE216: 5009411 | BF216: 5109528 | BG216: 5215921 | BH216: 5328745

Sheet Calc
G2: Saniye | H2: 1
A3: Min Yıl | B3: =MIN(Data!$C$1:$XFD$1) -> 1960 | D3: Ülke Adı | E3: Değer
A4: Mak Yıl | B4: =MAX(Data!$C$1:$XFD$1) -> 2017 | D4: {=_xlfn.XLOOKUP(E4,Sütun_Aralığı,Data!$B$2:$B$216)} -> USA | E4: =LARGE(Sütun_Aralığı,ROW(A1)) -> 126462473
D5: {=_xlfn.XLOOKUP(E5,Sütun_Aralığı,Data!$B$2:$B$216)} -> China | E5: =LARGE(Sütun_Aralığı,ROW(A2)) -> 108085352
A6: Gösterilen Yıl | B6: 1960 | D6: {=_xlfn.XLOOKUP(E6,Sütun_Aralığı,Data!$B$2:$B$216)} -> India | E6: =LARGE(Sütun_Aralığı,ROW(A3)) -> 80564904
D7: {=_xlfn.XLOOKUP(E7,Sütun_Aralığı,Data!$B$2:$B$216)} -> Russia | E7: =LARGE(Sütun_Aralığı,ROW(A4)) -> 64421857
D8: {=_xlfn.XLOOKUP(E8,Sütun_Aralığı,Data!$B$2:$B$216)} -> Japan | E8: =LARGE(Sütun_Aralığı,ROW(A5)) -> 58526962
D9: {=_xlfn.XLOOKUP(E9,Sütun_Aralığı,Data!$B$2:$B$216)} -> Germany | E9: =LARGE(Sütun_Aralığı,ROW(A6)) -> 51978188
D10: {=_xlfn.XLOOKUP(E10,Sütun_Aralığı,Data!$B$2:$B$216)} -> UK | E10: =LARGE(Sütun_Aralığı,ROW(A7)) -> 41104656
D11: {=_xlfn.XLOOKUP(E11,Sütun_Aralığı,Data!$B$2:$B$216)} -> Brazil | E11: =LARGE(Sütun_Aralığı,ROW(A8)) -> 33315843
D12: {=_xlfn.XLOOKUP(E12,Sütun_Aralığı,Data!$B$2:$B$216)} -> Italy | E12: =LARGE(Sütun_Aralığı,ROW(A9)) -> 29799044
D13: {=_xlfn.XLOOKUP(E13,Sütun_Aralığı,Data!$B$2:$B$216)} -> France | E13: =LARGE(Sütun_Aralığı,ROW(A10)) -> 28968650
D14: {=_xlfn.XLOOKUP(E14,Sütun_Aralığı,Data!$B$2:$B$216)} -> Ukraine | E14: =LARGE(Sütun_Aralığı,ROW(A11)) -> 19962473
D15: {=_xlfn.XLOOKUP(E15,Sütun_Aralığı,Data!$B$2:$B$216)} -> Mexico | E15: =LARGE(Sütun_Aralığı,ROW(A12)) -> 19374507
D16: {=_xlfn.XLOOKUP(E16,Sütun_Aralığı,Data!$B$2:$B$216)} -> Spain | E16: =LARGE(Sütun_Aralığı,ROW(A13)) -> 17227480
D17: {=_xlfn.XLOOKUP(E17,Sütun_Aralığı,Data!$B$2:$B$216)} -> Argentina | E17: =LARGE(Sütun_Aralığı,ROW(A14)) -> 15177907
D18: {=_xlfn.XLOOKUP(E18,Sütun_Aralığı,Data!$B$2:$B$216)} -> Poland | E18: =LARGE(Sütun_Aralığı,ROW(A15)) -> 14193968
D19: Toplam | E19: =SUM(E4:E18) -> 709164264
