Workbook
Name DolarKuru: [1]Ürünlerim!$G$2
Name EuroKuru: [1]Ürünlerim!$G$3
Name Lst_Banka_Kasa: [2]!Tbl_Banka_Kasa[Banka-Kasa]
Name Lst_Cariler: [1]!Tablo3[Cari Adı]
Name lst_EmlakTipi: [3]!tbl_ayar_EmlakTipi[Emlak Tipi]
Name Lst_Maliye_Kategorileri: OFFSET([2]Pvt_Listeler!$A$3,1,0,COUNTA([2]Pvt_Listeler!$A:$A)-1,1)
Name lst_Müşteriler: [3]!Tablo1[İsim Soyisim]
Name Lst_Nakit_Vadeli: [1]!Tablo13[Nakit / Vadeli Seçimi]
Name Lst_Ödeme_Yön: [2]!Tbl_Ödeme_Yön[Ödeme Yöntemi]
Name lst_Satılık_Kiralık: [3]!tbl_ayar_Satılık[Satılık/Kiralık]
Name Lst_Satış_Per: [5]!Tablo2[Ad Soyad]
Name Lst_Servis: [2]!Tbl_Sektör_Kategori[Servis]
Name Lst_TümHisseler: [6]!TÜM_HİSSELER_1[Menkul]
Name Lst_Ürün_Ailesi: [2]!Tbl_Ürün_Ailesi[Ürün Ailesi]
Name Lst_Ürünler: [1]!Tablo4[Ürün Adı]
Name Lst_Ürünlerim: [7]!Tablo2[Ürün Adı]
Name Lst_Yıl_Ay: [2]!Tablo8[Tarihler]
Name oran: [8]Ürün_Fiyat_Listesi!$E$3

Sheet AnaSayfa
A2: HAZIRLIK | H2: Kategori Seçiniz | I2: Kategori6 | K2: =I2&" Satışları" -> Kategori6 Satışları
A4: Aylar | B4: Değer | C4: Değer2 | D4: Gösterilecek Değer | E4: Çizgide Gösterilecek Değerler | H4: Aylar | I4: Değerler
A5: Oca | B5: =I5 -> 183 | C5: =IF(OR(B5=LARGE($B$5:$B$16,1),B5=LARGE($B$5:$B$16,2),B5=LARGE($B$5:$B$16,3)),B5+AVERAGE($B$5:$B$16),"") | D5: =IF(C5="","",B5) | E5: =IF(D5="",B5,"") -> 183 | H5: Oca | I5: =INDEX(data!$B$2:$M$11,MATCH(AnaSayfa!$I$2,data!$A$2:$A$11,0),MATCH(AnaSayfa!H5,data!$B$1:$M$1,0)) -> 183
A6: Şub | B6: =I6 -> 182 | C6: =IF(OR(B6=LARGE($B$5:$B$16,1),B6=LARGE($B$5:$B$16,2),B6=LARGE($B$5:$B$16,3)),B6+AVERAGE($B$5:$B$16),"") | D6: =IF(C6="","",B6) | E6: =IF(D6="",B6,"") -> 182 | H6: Şub | I6: =INDEX(data!$B$2:$M$11,MATCH(AnaSayfa!$I$2,data!$A$2:$A$11,0),MATCH(AnaSayfa!H6,data!$B$1:$M$1,0)) -> 182
A7: Mar | B7: =I7 -> 97 | C7: =IF(OR(B7=LARGE($B$5:$B$16,1),B7=LARGE($B$5:$B$16,2),B7=LARGE($B$5:$B$16,3)),B7+AVERAGE($B$5:$B$16),"") | D7: =IF(C7="","",B7) | E7: =IF(D7="",B7,"") -> 97 | H7: Mar | I7: =INDEX(data!$B$2:$M$11,MATCH(AnaSayfa!$I$2,data!$A$2:$A$11,0),MATCH(AnaSayfa!H7,data!$B$1:$M$1,0)) -> 97
A8: Nis | B8: =I8 -> 74 | C8: =IF(OR(B8=LARGE($B$5:$B$16,1),B8=LARGE($B$5:$B$16,2),B8=LARGE($B$5:$B$16,3)),B8+AVERAGE($B$5:$B$16),"") | D8: =IF(C8="","",B8) | E8: =IF(D8="",B8,"") -> 74 | H8: Nis | I8: =INDEX(data!$B$2:$M$11,MATCH(AnaSayfa!$I$2,data!$A$2:$A$11,0),MATCH(AnaSayfa!H8,data!$B$1:$M$1,0)) -> 74
A9: May | B9: =I9 -> 96 | C9: =IF(OR(B9=LARGE($B$5:$B$16,1),B9=LARGE($B$5:$B$16,2),B9=LARGE($B$5:$B$16,3)),B9+AVERAGE($B$5:$B$16),"") | D9: =IF(C9="","",B9) | E9: =IF(D9="",B9,"") -> 96 | H9: May | I9: =INDEX(data!$B$2:$M$11,MATCH(AnaSayfa!$I$2,data!$A$2:$A$11,0),MATCH(AnaSayfa!H9,data!$B$1:$M$1,0)) -> 96
A10: Haz | B10: =I10 -> 194 | C10: =IF(OR(B10=LARGE($B$5:$B$16,1),B10=LARGE($B$5:$B$16,2),B10=LARGE($B$5:$B$16,3)),B10+AVERAGE($B$5:$B$16),"") | D10: =IF(C10="","",B10) | E10: =IF(D10="",B10,"") -> 194 | H10: Haz | I10: =INDEX(data!$B$2:$M$11,MATCH(AnaSayfa!$I$2,data!$A$2:$A$11,0),MATCH(AnaSayfa!H10,data!$B$1:$M$1,0)) -> 194
A11: Tem | B11: =I11 -> 182 | C11: =IF(OR(B11=LARGE($B$5:$B$16,1),B11=LARGE($B$5:$B$16,2),B11=LARGE($B$5:$B$16,3)),B11+AVERAGE($B$5:$B$16),"") | D11: =IF(C11="","",B11) | E11: =IF(D11="",B11,"") -> 182 | H11: Tem | I11: =INDEX(data!$B$2:$M$11,MATCH(AnaSayfa!$I$2,data!$A$2:$A$11,0),MATCH(AnaSayfa!H11,data!$B$1:$M$1,0)) -> 182
A12: Ağu | B12: =I12 -> 208 | C12: =IF(OR(B12=LARGE($B$5:$B$16,1),B12=LARGE($B$5:$B$16,2),B12=LARGE($B$5:$B$16,3)),B12+AVERAGE($B$5:$B$16),"") | D12: =IF(C12="","",B12) | E12: =IF(D12="",B12,"") -> 208 | H12: Ağu | I12: =INDEX(data!$B$2:$M$11,MATCH(AnaSayfa!$I$2,data!$A$2:$A$11,0),MATCH(AnaSayfa!H12,data!$B$1:$M$1,0)) -> 208
A13: Eyl | B13: =I13 -> 203 | C13: =IF(OR(B13=LARGE($B$5:$B$16,1),B13=LARGE($B$5:$B$16,2),B13=LARGE($B$5:$B$16,3)),B13+AVERAGE($B$5:$B$16),"") | D13: =IF(C13="","",B13) | E13: =IF(D13="",B13,"") -> 203 | H13: Eyl | I13: =INDEX(data!$B$2:$M$11,MATCH(AnaSayfa!$I$2,data!$A$2:$A$11,0),MATCH(AnaSayfa!H13,data!$B$1:$M$1,0)) -> 203
A14: Eki | B14: =I14 -> 236 | C14: =IF(OR(B14=LARGE($B$5:$B$16,1),B14=LARGE($B$5:$B$16,2),B14=LARGE($B$5:$B$16,3)),B14+AVERAGE($B$5:$B$16),"") -> 411.58333 | D14: =IF(C14="","",B14) -> 236 | E14: =IF(D14="",B14,"") | H14: Eki | I14: =INDEX(data!$B$2:$M$11,MATCH(AnaSayfa!$I$2,data!$A$2:$A$11,0),MATCH(AnaSayfa!H14,data!$B$1:$M$1,0)) -> 236
A15: Kas | B15: =I15 -> 214 | C15: =IF(OR(B15=LARGE($B$5:$B$16,1),B15=LARGE($B$5:$B$16,2),B15=LARGE($B$5:$B$16,3)),B15+AVERAGE($B$5:$B$16),"") -> 389.58333 | D15: =IF(C15="","",B15) -> 214 | E15: =IF(D15="",B15,"") | H15: Kas | I15: =INDEX(data!$B$2:$M$11,MATCH(AnaSayfa!$I$2,data!$A$2:$A$11,0),MATCH(AnaSayfa!H15,data!$B$1:$M$1,0)) -> 214
A16: Ara | B16: =I16 -> 238 | C16: =IF(OR(B16=LARGE($B$5:$B$16,1),B16=LARGE($B$5:$B$16,2),B16=LARGE($B$5:$B$16,3)),B16+AVERAGE($B$5:$B$16),"") -> 413.58333 | D16: =IF(C16="","",B16) -> 238 | E16: =IF(D16="",B16,"") | H16: Ara | I16: =INDEX(data!$B$2:$M$11,MATCH(AnaSayfa!$I$2,data!$A$2:$A$11,0),MATCH(AnaSayfa!H16,data!$B$1:$M$1,0)) -> 238

Sheet data
A1: Kategoriler | B1: Oca | C1: Şub | D1: Mar | E1: Nis | F1: May | G1: Haz | H1: Tem | I1: Ağu | J1: Eyl | K1: Eki | L1: Kas | M1: Ara
A2: Kategori1 | B2: 66 | C2: 173 | D2: 88 | E2: 176 | F2: 116 | G2: 80 | H2: 241 | I2: 141 | J2: 204 | K2: 83 | L2: 175 | M2: 123
A3: Kategori2 | B3: 128 | C3: 94 | D3: 78 | E3: 182 | F3: 135 | G3: 127 | H3: 164 | I3: 149 | J3: 245 | K3: 102 | L3: 202 | M3: 220
A4: Kategori3 | B4: 180 | C4: 202 | D4: 191 | E4: 228 | F4: 118 | G4: 238 | H4: 60 | I4: 222 | J4: 122 | K4: 169 | L4: 165 | M4: 102
A5: Kategori4 | B5: 167 | C5: 175 | D5: 203 | E5: 114 | F5: 150 | G5: 131 | H5: 151 | I5: 187 | J5: 177 | K5: 75 | L5: 163 | M5: 139
A6: Kategori5 | B6: 70 | C6: 226 | D6: 162 | E6: 88 | F6: 88 | G6: 218 | H6: 123 | I6: 120 | J6: 117 | K6: 171 | L6: 120 | M6: 230
A7: Kategori6 | B7: 183 | C7: 182 | D7: 97 | E7: 74 | F7: 96 | G7: 194 | H7: 182 | I7: 208 | J7: 203 | K7: 236 | L7: 214 | M7: 238
A8: Kategori7 | B8: 77 | C8: 57 | D8: 232 | E8: 165 | F8: 111 | G8: 55 | H8: 62 | I8: 203 | J8: 230 | K8: 109 | L8: 87 | M8: 202
A9: Kategori8 | B9: 128 | C9: 74 | D9: 240 | E9: 215 | F9: 139 | G9: 236 | H9: 247 | I9: 207 | J9: 137 | K9: 125 | L9: 232 | M9: 240
A10: Kategori9 | B10: 195 | C10: 194 | D10: 232 | E10: 204 | F10: 168 | G10: 66 | H10: 162 | I10: 121 | J10: 218 | K10: 202 | L10: 91 | M10: 133
A11: Kategori10 | B11: 139 | C11: 170 | D11: 52 | E11: 97 | F11: 235 | G11: 233 | H11: 87 | I11: 82 | J11: 114 | K11: 167 | L11: 153 | M11: 91
