Workbook
Name DolarKuru: [2]Ürünlerim!$G$2
Name EuroKuru: [2]Ürünlerim!$G$3
Name Lst_Banka_Kasa: [3]!Tbl_Banka_Kasa[Banka-Kasa]
Name Lst_Cariler: [2]!Tablo3[Cari Adı]
Name lst_EmlakTipi: [4]!tbl_ayar_EmlakTipi[Emlak Tipi]
Name Lst_Maliye_Kategorileri: OFFSET([3]Pvt_Listeler!$A$3,1,0,COUNTA([3]Pvt_Listeler!$A:$A)-1,1)
Name lst_Müşteriler: [4]!Tablo1[İsim Soyisim]
Name Lst_Nakit_Vadeli: [2]!Tablo13[Nakit / Vadeli Seçimi]
Name Lst_Ödeme_Yön: [3]!Tbl_Ödeme_Yön[Ödeme Yöntemi]
Name lst_Satılık_Kiralık: [4]!tbl_ayar_Satılık[Satılık/Kiralık]
Name Lst_Satış_Per: [6]!Tablo2[Ad Soyad]
Name Lst_Servis: [3]!Tbl_Sektör_Kategori[Servis]
Name Lst_TümHisseler: [7]!TÜM_HİSSELER_1[Menkul]
Name Lst_Ürün_Ailesi: [3]!Tbl_Ürün_Ailesi[Ürün Ailesi]
Name Lst_Ürünler: [2]!Tablo4[Ürün Adı]
Name Lst_Ürünlerim: [1]!Tablo2[Ürün Adı]
Name Lst_Yıl_Ay: [3]!Tablo8[Tarihler]
Name oran: [8]Ürün_Fiyat_Listesi!$E$3

Sheet G_Puantaj
B2: Yıl Seçiniz: | D2: Çalışma Durumları | W2: İzin Durumları
B4: 2022 | E4: =Ayarlar!E5 -> Ç | F4: Çalışıyor (x1) | K4: =Ayarlar!E6 -> M | L4: Mesai (x1,5) | P4: =Ayarlar!E7 -> FM | Q4: Fazla Mesai (x2) | X4: =Ayarlar!E10 -> Yİ | Y4: Yıllık İzin (x1) | AC4: =Ayarlar!E12 -> RT | AD4: Resmi Tatil (x1) | AP4: Haftasonu Ayarı : | AS4: 1
B5: Ay Seçiniz: | AP5: 1: Cumartesi ve Pazar
B6: 44621 | E6: =Ayarlar!E16 -> YK | F6: Yarım Kes (x0,5) | K6: =Ayarlar!E17 -> K | L6: Kesinti (x-1) | P6: =Ayarlar!E14 -> Üİ | Q6: Ücretsiz İzin (x0) | X6: =Ayarlar!E11 -> R | Y6: Raporlu (x1) | AC6: =Ayarlar!E9 -> HS | AD6: HaftaSonu (x1) | AP6: 2: Pazar
C9: =MONTH(C11) -> 3 | D9: =MONTH(D11) -> 3 | E9: =MONTH(E11) -> 3 | F9: =MONTH(F11) -> 3 | G9: =MONTH(G11) -> 3 | H9: =MONTH(H11) -> 3 | I9: =MONTH(I11) -> 3 | J9: =MONTH(J11) -> 3 | ... AD9: =MONTH(AD11) -> 3 | AE9: =MONTH(AD11+1) -> 3 | AF9: =MONTH(AD11+2) -> 3 | AG9: =MONTH(AD11+3) -> 3
C10: =WEEKDAY(C11,2) -> 2 | D10: =WEEKDAY(D11,2) -> 3 | E10: =WEEKDAY(E11,2) -> 4 | F10: =WEEKDAY(F11,2) -> 5 | G10: =WEEKDAY(G11,2) -> 6 | H10: =WEEKDAY(H11,2) -> 7 | I10: =WEEKDAY(I11,2) -> 1 | J10: =WEEKDAY(J11,2) -> 2 | ... AD10: =WEEKDAY(AD11,2) -> 1 | AE10: =WEEKDAY(AD11+1,2) -> 2 | AF10: =WEEKDAY(AD11+2,2) -> 3 | AG10: =WEEKDAY(AD11+3,2) -> 4 | AI10: =Ayarlar!$F$5 -> 1 | AJ10: =Ayarlar!$F$6 -> 1.5 | AK10: =Ayarlar!$F$7 -> 2 | AL10: =Ayarlar!$F$16 -> 0.5 | AM10: =Ayarlar!$F$17 -> -1 | AN10: =Ayarlar!F$14 -> 0 | AO10: =Ayarlar!$F$9 -> 1 | AP10: =Ayarlar!$F$10 -> 1 | AQ10: =Ayarlar!$F$11 -> 1 | AR10: =Ayarlar!$F$12 -> 1
B11: Personel Adı | C11: =B6 -> 44621 | D11: =C11+1 -> 44622 | E11: =D11+1 -> 44623 | F11: =E11+1 -> 44624 | G11: =F11+1 -> 44625 | H11: =G11+1 -> 44626 | I11: =H11+1 -> 44627 | J11: =I11+1 -> 44628 | K11: =J11+1 -> 44629 | ... AD11: =AC11+1 -> 44648 | AE11: =IF(MONTH(AD11+1)=MONTH(AD11),AD11+1,"") -> 44649 | AF11: =IF(MONTH(AD11+2)=MONTH(AD11),AD11+2,"") -> 44650 | AG11: =IF(MONTH(AD11+3)=MONTH(AD11),AD11+3,"") -> 44651 | AI11: Toplam Çalıştığı (x1) | AJ11: Toplam Mesai (x1,5) | AK11: Toplam Fazla Mesai (x2) | AL11: Toplam Yarım Kesinti (x0,5) | AM11: Toplam Kesinti (x-1) | AN11: Toplam Ücretsiz İzin (x0) | AO11: Toplam Haftasonu (x1) | AP11: Toplam Yıllık İzinli (x1) | AQ11: Toplam Raporlu (x1) | AR11: Toplam Resmi Tatil (x1) | AS11: Hakediş
B12: =IF(G_Personellerim!B2="","",G_Personellerim!B2) -> Özlem Avcıoğlu | AI12: =COUNTIF(C12:AG12,$E$4) -> 0 | AJ12: =COUNTIF(C12:AG12,$K$4) -> 0 | AK12: =COUNTIF(C12:AG12,$P$4) -> 0 | AL12: =COUNTIF(C12:AG12,$E$6) -> 0 | AM12: =COUNTIF(C12:AG12,$K$6) -> 0 | AN12: =COUNTIF(C12:AG12,$P$6) -> 0 | AO12: =COUNTIF(C12:AG12,$AC$6) -> 0 | AP12: =COUNTIF(C12:AG12,$X$4) -> 0 | AQ12: =COUNTIF(C12:AG12,$X$6) -> 0 | AR12: =COUNTIF(C12:AG12,$AC$4) -> 0 | AS12: =IFERROR( VLOOKUP(B12,Tablo1[[Ad Soyad]:[Günlük Ücreti]],2,0)*SUMPRODUCT(AI12:AR12,$AI$10:$AR$10), "") -> 0
B13: =IF(G_Personellerim!B3="","",G_Personellerim!B3) -> Emel Cennet Gürsoy | AI13: =COUNTIF(C13:AG13,$E$4) -> 0 | AJ13: =COUNTIF(C13:AG13,$K$4) -> 0 | AK13: =COUNTIF(C13:AG13,$P$4) -> 0 | AL13: =COUNTIF(C13:AG13,$E$6) -> 0 | AM13: =COUNTIF(C13:AG13,$K$6) -> 0 | AN13: =COUNTIF(C13:AG13,$P$6) -> 0 | AO13: =COUNTIF(C13:AG13,$AC$6) -> 0 | AP13: =COUNTIF(C13:AG13,$X$4) -> 0 | AQ13: =COUNTIF(C13:AG13,$X$6) -> 0 | AR13: =COUNTIF(C13:AG13,$AC$4) -> 0 | AS13: =IFERROR( VLOOKUP(B13,Tablo1[[Ad Soyad]:[Günlük Ücreti]],2,0)*SUMPRODUCT(AI13:AR13,$AI$10:$AR$10), "") -> 0
B14: =IF(G_Personellerim!B4="","",G_Personellerim!B4) -> Hatice Eylül Yegen Yılmaz | AI14: =COUNTIF(C14:AG14,$E$4) -> 0 | AJ14: =COUNTIF(C14:AG14,$K$4) -> 0 | AK14: =COUNTIF(C14:AG14,$P$4) -> 0 | AL14: =COUNTIF(C14:AG14,$E$6) -> 0 | AM14: =COUNTIF(C14:AG14,$K$6) -> 0 | AN14: =COUNTIF(C14:AG14,$P$6) -> 0 | AO14: =COUNTIF(C14:AG14,$AC$6) -> 0 | AP14: =COUNTIF(C14:AG14,$X$4) -> 0 | AQ14: =COUNTIF(C14:AG14,$X$6) -> 0 | AR14: =COUNTIF(C14:AG14,$AC$4) -> 0 | AS14: =IFERROR( VLOOKUP(B14,Tablo1[[Ad Soyad]:[Günlük Ücreti]],2,0)*SUMPRODUCT(AI14:AR14,$AI$10:$AR$10), "") -> 0
B15: =IF(G_Personellerim!B5="","",G_Personellerim!B5) -> Sultan Efe | AI15: =COUNTIF(C15:AG15,$E$4) -> 0 | AJ15: =COUNTIF(C15:AG15,$K$4) -> 0 | AK15: =COUNTIF(C15:AG15,$P$4) -> 0 | AL15: =COUNTIF(C15:AG15,$E$6) -> 0 | AM15: =COUNTIF(C15:AG15,$K$6) -> 0 | AN15: =COUNTIF(C15:AG15,$P$6) -> 0 | AO15: =COUNTIF(C15:AG15,$AC$6) -> 0 | AP15: =COUNTIF(C15:AG15,$X$4) -> 0 | AQ15: =COUNTIF(C15:AG15,$X$6) -> 0 | AR15: =COUNTIF(C15:AG15,$AC$4) -> 0 | AS15: =IFERROR( VLOOKUP(B15,Tablo1[[Ad Soyad]:[Günlük Ücreti]],2,0)*SUMPRODUCT(AI15:AR15,$AI$10:$AR$10), "") -> 0
B16: =IF(G_Personellerim!B6="","",G_Personellerim!B6) -> Murat Şen | AI16: =COUNTIF(C16:AG16,$E$4) -> 0 | AJ16: =COUNTIF(C16:AG16,$K$4) -> 0 | AK16: =COUNTIF(C16:AG16,$P$4) -> 0 | AL16: =COUNTIF(C16:AG16,$E$6) -> 0 | AM16: =COUNTIF(C16:AG16,$K$6) -> 0 | AN16: =COUNTIF(C16:AG16,$P$6) -> 0 | AO16: =COUNTIF(C16:AG16,$AC$6) -> 0 | AP16: =COUNTIF(C16:AG16,$X$4) -> 0 | AQ16: =COUNTIF(C16:AG16,$X$6) -> 0 | AR16: =COUNTIF(C16:AG16,$AC$4) -> 0 | AS16: =IFERROR( VLOOKUP(B16,Tablo1[[Ad Soyad]:[Günlük Ücreti]],2,0)*SUMPRODUCT(AI16:AR16,$AI$10:$AR$10), "") -> 0
B17: =IF(G_Personellerim!B7="","",G_Personellerim!B7) | AI17: =COUNTIF(C17:AG17,$E$4) -> 0 | AJ17: =COUNTIF(C17:AG17,$K$4) -> 0 | AK17: =COUNTIF(C17:AG17,$P$4) -> 0 | AL17: =COUNTIF(C17:AG17,$E$6) -> 0 | AM17: =COUNTIF(C17:AG17,$K$6) -> 0 | AN17: =COUNTIF(C17:AG17,$P$6) -> 0 | AO17: =COUNTIF(C17:AG17,$AC$6) -> 0 | AP17: =COUNTIF(C17:AG17,$X$4) -> 0 | AQ17: =COUNTIF(C17:AG17,$X$6) -> 0 | AR17: =COUNTIF(C17:AG17,$AC$4) -> 0 | AS17: =IFERROR( VLOOKUP(B17,Tablo1[[Ad Soyad]:[Günlük Ücreti]],2,0)*SUMPRODUCT(AI17:AR17,$AI$10:$AR$10), "")
B18: =IF(G_Personellerim!B8="","",G_Personellerim!B8) | AI18: =COUNTIF(C18:AG18,$E$4) -> 0 | AJ18: =COUNTIF(C18:AG18,$K$4) -> 0 | AK18: =COUNTIF(C18:AG18,$P$4) -> 0 | AL18: =COUNTIF(C18:AG18,$E$6) -> 0 | AM18: =COUNTIF(C18:AG18,$K$6) -> 0 | AN18: =COUNTIF(C18:AG18,$P$6) -> 0 | AO18: =COUNTIF(C18:AG18,$AC$6) -> 0 | AP18: =COUNTIF(C18:AG18,$X$4) -> 0 | AQ18: =COUNTIF(C18:AG18,$X$6) -> 0 | AR18: =COUNTIF(C18:AG18,$AC$4) -> 0 | AS18: =IFERROR( VLOOKUP(B18,Tablo1[[Ad Soyad]:[Günlük Ücreti]],2,0)*SUMPRODUCT(AI18:AR18,$AI$10:$AR$10), "")
B19: =IF(G_Personellerim!B9="","",G_Personellerim!B9) | AI19: =COUNTIF(C19:AG19,$E$4) -> 0 | AJ19: =COUNTIF(C19:AG19,$K$4) -> 0 | AK19: =COUNTIF(C19:AG19,$P$4) -> 0 | AL19: =COUNTIF(C19:AG19,$E$6) -> 0 | AM19: =COUNTIF(C19:AG19,$K$6) -> 0 | AN19: =COUNTIF(C19:AG19,$P$6) -> 0 | AO19: =COUNTIF(C19:AG19,$AC$6) -> 0 | AP19: =COUNTIF(C19:AG19,$X$4) -> 0 | AQ19: =COUNTIF(C19:AG19,$X$6) -> 0 | AR19: =COUNTIF(C19:AG19,$AC$4) -> 0 | AS19: =IFERROR( VLOOKUP(B19,Tablo1[[Ad Soyad]:[Günlük Ücreti]],2,0)*SUMPRODUCT(AI19:AR19,$AI$10:$AR$10), "")
B20: =IF(G_Personellerim!B10="","",G_Personellerim!B10) | AI20: =COUNTIF(C20:AG20,$E$4) -> 0 | AJ20: =COUNTIF(C20:AG20,$K$4) -> 0 | AK20: =COUNTIF(C20:AG20,$P$4) -> 0 | AL20: =COUNTIF(C20:AG20,$E$6) -> 0 | AM20: =COUNTIF(C20:AG20,$K$6) -> 0 | AN20: =COUNTIF(C20:AG20,$P$6) -> 0 | AO20: =COUNTIF(C20:AG20,$AC$6) -> 0 | AP20: =COUNTIF(C20:AG20,$X$4) -> 0 | AQ20: =COUNTIF(C20:AG20,$X$6) -> 0 | AR20: =COUNTIF(C20:AG20,$AC$4) -> 0 | AS20: =IFERROR( VLOOKUP(B20,Tablo1[[Ad Soyad]:[Günlük Ücreti]],2,0)*SUMPRODUCT(AI20:AR20,$AI$10:$AR$10), "")
B21: =IF(G_Personellerim!B11="","",G_Personellerim!B11) | AI21: =COUNTIF(C21:AG21,$E$4) -> 0 | AJ21: =COUNTIF(C21:AG21,$K$4) -> 0 | AK21: =COUNTIF(C21:AG21,$P$4) -> 0 | AL21: =COUNTIF(C21:AG21,$E$6) -> 0 | AM21: =COUNTIF(C21:AG21,$K$6) -> 0 | AN21: =COUNTIF(C21:AG21,$P$6) -> 0 | AO21: =COUNTIF(C21:AG21,$AC$6) -> 0 | AP21: =COUNTIF(C21:AG21,$X$4) -> 0 | AQ21: =COUNTIF(C21:AG21,$X$6) -> 0 | AR21: =COUNTIF(C21:AG21,$AC$4) -> 0 | AS21: =IFERROR( VLOOKUP(B21,Tablo1[[Ad Soyad]:[Günlük Ücreti]],2,0)*SUMPRODUCT(AI21:AR21,$AI$10:$AR$10), "")
B22: =IF(G_Personellerim!B12="","",G_Personellerim!B12) | AI22: =COUNTIF(C22:AG22,$E$4) -> 0 | AJ22: =COUNTIF(C22:AG22,$K$4) -> 0 | AK22: =COUNTIF(C22:AG22,$P$4) -> 0 | AL22: =COUNTIF(C22:AG22,$E$6) -> 0 | AM22: =COUNTIF(C22:AG22,$K$6) -> 0 | AN22: =COUNTIF(C22:AG22,$P$6) -> 0 | AO22: =COUNTIF(C22:AG22,$AC$6) -> 0 | AP22: =COUNTIF(C22:AG22,$X$4) -> 0 | AQ22: =COUNTIF(C22:AG22,$X$6) -> 0 | AR22: =COUNTIF(C22:AG22,$AC$4) -> 0 | AS22: =IFERROR( VLOOKUP(B22,Tablo1[[Ad Soyad]:[Günlük Ücreti]],2,0)*SUMPRODUCT(AI22:AR22,$AI$10:$AR$10), "")
B23: =IF(G_Personellerim!B13="","",G_Personellerim!B13) | AI23: =COUNTIF(C23:AG23,$E$4) -> 0 | AJ23: =COUNTIF(C23:AG23,$K$4) -> 0 | AK23: =COUNTIF(C23:AG23,$P$4) -> 0 | AL23: =COUNTIF(C23:AG23,$E$6) -> 0 | AM23: =COUNTIF(C23:AG23,$K$6) -> 0 | AN23: =COUNTIF(C23:AG23,$P$6) -> 0 | AO23: =COUNTIF(C23:AG23,$AC$6) -> 0 | AP23: =COUNTIF(C23:AG23,$X$4) -> 0 | AQ23: =COUNTIF(C23:AG23,$X$6) -> 0 | AR23: =COUNTIF(C23:AG23,$AC$4) -> 0 | AS23: =IFERROR( VLOOKUP(B23,Tablo1[[Ad Soyad]:[Günlük Ücreti]],2,0)*SUMPRODUCT(AI23:AR23,$AI$10:$AR$10), "")
... B34: =IF(G_Personellerim!B24="","",G_Personellerim!B24) | AI34: =COUNTIF(C34:AG34,$E$4) -> 0 | AJ34: =COUNTIF(C34:AG34,$K$4) -> 0 | AK34: =COUNTIF(C34:AG34,$P$4) -> 0 | AL34: =COUNTIF(C34:AG34,$E$6) -> 0 | AM34: =COUNTIF(C34:AG34,$K$6) -> 0 | AN34: =COUNTIF(C34:AG34,$P$6) -> 0 | AO34: =COUNTIF(C34:AG34,$AC$6) -> 0 | AP34: =COUNTIF(C34:AG34,$X$4) -> 0 | AQ34: =COUNTIF(C34:AG34,$X$6) -> 0 | AR34: =COUNTIF(C34:AG34,$AC$4) -> 0 | AS34: =IFERROR( VLOOKUP(B34,Tablo1[[Ad Soyad]:[Günlük Ücreti]],2,0)*SUMPRODUCT(AI34:AR34,$AI$10:$AR$10), "")
B35: =IF(G_Personellerim!B103="","",G_Personellerim!B103) | AI35: =COUNTIF(C35:AG35,$E$4) -> 0 | AJ35: =COUNTIF(C35:AG35,$K$4) -> 0 | AK35: =COUNTIF(C35:AG35,$P$4) -> 0 | AL35: =COUNTIF(C35:AG35,$E$6) -> 0 | AM35: =COUNTIF(C35:AG35,$K$6) -> 0 | AN35: =COUNTIF(C35:AG35,$P$6) -> 0 | AO35: =COUNTIF(C35:AG35,$AC$6) -> 0 | AP35: =COUNTIF(C35:AG35,$X$4) -> 0 | AQ35: =COUNTIF(C35:AG35,$X$6) -> 0 | AR35: =COUNTIF(C35:AG35,$AC$4) -> 0 | AS35: =IFERROR( VLOOKUP(B35,Tablo1[[Ad Soyad]:[Günlük Ücreti]],2,0)*SUMPRODUCT(AI35:AR35,$AI$10:$AR$10), "")
B36: =IF(G_Personellerim!B104="","",G_Personellerim!B104) | AI36: =COUNTIF(C36:AG36,$E$4) -> 0 | AJ36: =COUNTIF(C36:AG36,$K$4) -> 0 | AK36: =COUNTIF(C36:AG36,$P$4) -> 0 | AL36: =COUNTIF(C36:AG36,$E$6) -> 0 | AM36: =COUNTIF(C36:AG36,$K$6) -> 0 | AN36: =COUNTIF(C36:AG36,$P$6) -> 0 | AO36: =COUNTIF(C36:AG36,$AC$6) -> 0 | AP36: =COUNTIF(C36:AG36,$X$4) -> 0 | AQ36: =COUNTIF(C36:AG36,$X$6) -> 0 | AR36: =COUNTIF(C36:AG36,$AC$4) -> 0 | AS36: =IFERROR( VLOOKUP(B36,Tablo1[[Ad Soyad]:[Günlük Ücreti]],2,0)*SUMPRODUCT(AI36:AR36,$AI$10:$AR$10), "")
B37: =IF(G_Personellerim!B105="","",G_Personellerim!B105) | AI37: =COUNTIF(C37:AG37,$E$4) -> 0 | AJ37: =COUNTIF(C37:AG37,$K$4) -> 0 | AK37: =COUNTIF(C37:AG37,$P$4) -> 0 | AL37: =COUNTIF(C37:AG37,$E$6) -> 0 | AM37: =COUNTIF(C37:AG37,$K$6) -> 0 | AN37: =COUNTIF(C37:AG37,$P$6) -> 0 | AO37: =COUNTIF(C37:AG37,$AC$6) -> 0 | AP37: =COUNTIF(C37:AG37,$X$4) -> 0 | AQ37: =COUNTIF(C37:AG37,$X$6) -> 0 | AR37: =COUNTIF(C37:AG37,$AC$4) -> 0 | AS37: =IFERROR( VLOOKUP(B37,Tablo1[[Ad Soyad]:[Günlük Ücreti]],2,0)*SUMPRODUCT(AI37:AR37,$AI$10:$AR$10), "")
B38: =IF(G_Personellerim!B106="","",G_Personellerim!B106) | AI38: =COUNTIF(C38:AG38,$E$4) -> 0 | AJ38: =COUNTIF(C38:AG38,$K$4) -> 0 | AK38: =COUNTIF(C38:AG38,$P$4) -> 0 | AL38: =COUNTIF(C38:AG38,$E$6) -> 0 | AM38: =COUNTIF(C38:AG38,$K$6) -> 0 | AN38: =COUNTIF(C38:AG38,$P$6) -> 0 | AO38: =COUNTIF(C38:AG38,$AC$6) -> 0 | AP38: =COUNTIF(C38:AG38,$X$4) -> 0 | AQ38: =COUNTIF(C38:AG38,$X$6) -> 0 | AR38: =COUNTIF(C38:AG38,$AC$4) -> 0 | AS38: =IFERROR( VLOOKUP(B38,Tablo1[[Ad Soyad]:[Günlük Ücreti]],2,0)*SUMPRODUCT(AI38:AR38,$AI$10:$AR$10), "")
B39: =IF(G_Personellerim!B107="","",G_Personellerim!B107) | AI39: =COUNTIF(C39:AG39,$E$4) -> 0 | AJ39: =COUNTIF(C39:AG39,$K$4) -> 0 | AK39: =COUNTIF(C39:AG39,$P$4) -> 0 | AL39: =COUNTIF(C39:AG39,$E$6) -> 0 | AM39: =COUNTIF(C39:AG39,$K$6) -> 0 | AN39: =COUNTIF(C39:AG39,$P$6) -> 0 | AO39: =COUNTIF(C39:AG39,$AC$6) -> 0 | AP39: =COUNTIF(C39:AG39,$X$4) -> 0 | AQ39: =COUNTIF(C39:AG39,$X$6) -> 0 | AR39: =COUNTIF(C39:AG39,$AC$4) -> 0 | AS39: =IFERROR( VLOOKUP(B39,Tablo1[[Ad Soyad]:[Günlük Ücreti]],2,0)*SUMPRODUCT(AI39:AR39,$AI$10:$AR$10), "")
B40: =IF(G_Personellerim!B108="","",G_Personellerim!B108) | AI40: =COUNTIF(C40:AG40,$E$4) -> 0 | AJ40: =COUNTIF(C40:AG40,$K$4) -> 0 | AK40: =COUNTIF(C40:AG40,$P$4) -> 0 | AL40: =COUNTIF(C40:AG40,$E$6) -> 0 | AM40: =COUNTIF(C40:AG40,$K$6) -> 0 | AN40: =COUNTIF(C40:AG40,$P$6) -> 0 | AO40: =COUNTIF(C40:AG40,$AC$6) -> 0 | AP40: =COUNTIF(C40:AG40,$X$4) -> 0 | AQ40: =COUNTIF(C40:AG40,$X$6) -> 0 | AR40: =COUNTIF(C40:AG40,$AC$4) -> 0 | AS40: =IFERROR( VLOOKUP(B40,Tablo1[[Ad Soyad]:[Günlük Ücreti]],2,0)*SUMPRODUCT(AI40:AR40,$AI$10:$AR$10), "")
B41: =IF(G_Personellerim!B109="","",G_Personellerim!B109) | AI41: =COUNTIF(C41:AG41,$E$4) -> 0 | AJ41: =COUNTIF(C41:AG41,$K$4) -> 0 | AK41: =COUNTIF(C41:AG41,$P$4) -> 0 | AL41: =COUNTIF(C41:AG41,$E$6) -> 0 | AM41: =COUNTIF(C41:AG41,$K$6) -> 0 | AN41: =COUNTIF(C41:AG41,$P$6) -> 0 | AO41: =COUNTIF(C41:AG41,$AC$6) -> 0 | AP41: =COUNTIF(C41:AG41,$X$4) -> 0 | AQ41: =COUNTIF(C41:AG41,$X$6) -> 0 | AR41: =COUNTIF(C41:AG41,$AC$4) -> 0 | AS41: =IFERROR( VLOOKUP(B41,Tablo1[[Ad Soyad]:[Günlük Ücreti]],2,0)*SUMPRODUCT(AI41:AR41,$AI$10:$AR$10), "")
B42: =IF(G_Personellerim!B110="","",G_Personellerim!B110) | AI42: =COUNTIF(C42:AG42,$E$4) -> 0 | AJ42: =COUNTIF(C42:AG42,$K$4) -> 0 | AK42: =COUNTIF(C42:AG42,$P$4) -> 0 | AL42: =COUNTIF(C42:AG42,$E$6) -> 0 | AM42: =COUNTIF(C42:AG42,$K$6) -> 0 | AN42: =COUNTIF(C42:AG42,$P$6) -> 0 | AO42: =COUNTIF(C42:AG42,$AC$6) -> 0 | AP42: =COUNTIF(C42:AG42,$X$4) -> 0 | AQ42: =COUNTIF(C42:AG42,$X$6) -> 0 | AR42: =COUNTIF(C42:AG42,$AC$4) -> 0 | AS42: =IFERROR( VLOOKUP(B42,Tablo1[[Ad Soyad]:[Günlük Ücreti]],2,0)*SUMPRODUCT(AI42:AR42,$AI$10:$AR$10), "")
B43: =IF(G_Personellerim!B111="","",G_Personellerim!B111) | AI43: =COUNTIF(C43:AG43,$E$4) -> 0 | AJ43: =COUNTIF(C43:AG43,$K$4) -> 0 | AK43: =COUNTIF(C43:AG43,$P$4) -> 0 | AL43: =COUNTIF(C43:AG43,$E$6) -> 0 | AM43: =COUNTIF(C43:AG43,$K$6) -> 0 | AN43: =COUNTIF(C43:AG43,$P$6) -> 0 | AO43: =COUNTIF(C43:AG43,$AC$6) -> 0 | AP43: =COUNTIF(C43:AG43,$X$4) -> 0 | AQ43: =COUNTIF(C43:AG43,$X$6) -> 0 | AR43: =COUNTIF(C43:AG43,$AC$4) -> 0 | AS43: =IFERROR( VLOOKUP(B43,Tablo1[[Ad Soyad]:[Günlük Ücreti]],2,0)*SUMPRODUCT(AI43:AR43,$AI$10:$AR$10), "")
B44: =IF(G_Personellerim!B112="","",G_Personellerim!B112) | AI44: =COUNTIF(C44:AG44,$E$4) -> 0 | AJ44: =COUNTIF(C44:AG44,$K$4) -> 0 | AK44: =COUNTIF(C44:AG44,$P$4) -> 0 | AL44: =COUNTIF(C44:AG44,$E$6) -> 0 | AM44: =COUNTIF(C44:AG44,$K$6) -> 0 | AN44: =COUNTIF(C44:AG44,$P$6) -> 0 | AO44: =COUNTIF(C44:AG44,$AC$6) -> 0 | AP44: =COUNTIF(C44:AG44,$X$4) -> 0 | AQ44: =COUNTIF(C44:AG44,$X$6) -> 0 | AR44: =COUNTIF(C44:AG44,$AC$4) -> 0 | AS44: =IFERROR( VLOOKUP(B44,Tablo1[[Ad Soyad]:[Günlük Ücreti]],2,0)*SUMPRODUCT(AI44:AR44,$AI$10:$AR$10), "")
B45: =IF(G_Personellerim!B113="","",G_Personellerim!B113) | AI45: =COUNTIF(C45:AG45,$E$4) -> 0 | AJ45: =COUNTIF(C45:AG45,$K$4) -> 0 | AK45: =COUNTIF(C45:AG45,$P$4) -> 0 | AL45: =COUNTIF(C45:AG45,$E$6) -> 0 | AM45: =COUNTIF(C45:AG45,$K$6) -> 0 | AN45: =COUNTIF(C45:AG45,$P$6) -> 0 | AO45: =COUNTIF(C45:AG45,$AC$6) -> 0 | AP45: =COUNTIF(C45:AG45,$X$4) -> 0 | AQ45: =COUNTIF(C45:AG45,$X$6) -> 0 | AR45: =COUNTIF(C45:AG45,$AC$4) -> 0 | AS45: =IFERROR( VLOOKUP(B45,Tablo1[[Ad Soyad]:[Günlük Ücreti]],2,0)*SUMPRODUCT(AI45:AR45,$AI$10:$AR$10), "")
B46: =IF(G_Personellerim!B114="","",G_Personellerim!B114) | AI46: =COUNTIF(C46:AG46,$E$4) -> 0 | AJ46: =COUNTIF(C46:AG46,$K$4) -> 0 | AK46: =COUNTIF(C46:AG46,$P$4) -> 0 | AL46: =COUNTIF(C46:AG46,$E$6) -> 0 | AM46: =COUNTIF(C46:AG46,$K$6) -> 0 | AN46: =COUNTIF(C46:AG46,$P$6) -> 0 | AO46: =COUNTIF(C46:AG46,$AC$6) -> 0 | AP46: =COUNTIF(C46:AG46,$X$4) -> 0 | AQ46: =COUNTIF(C46:AG46,$X$6) -> 0 | AR46: =COUNTIF(C46:AG46,$AC$4) -> 0 | AS46: =IFERROR( VLOOKUP(B46,Tablo1[[Ad Soyad]:[Günlük Ücreti]],2,0)*SUMPRODUCT(AI46:AR46,$AI$10:$AR$10), "")
... B112: =IF(G_Personellerim!B180="","",G_Personellerim!B180) | AI112: =COUNTIF(C112:AG112,$E$4) -> 0 | AJ112: =COUNTIF(C112:AG112,$K$4) -> 0 | AK112: =COUNTIF(C112:AG112,$P$4) -> 0 | AL112: =COUNTIF(C112:AG112,$E$6) -> 0 | AM112: =COUNTIF(C112:AG112,$K$6) -> 0 | AN112: =COUNTIF(C112:AG112,$P$6) -> 0 | AO112: =COUNTIF(C112:AG112,$AC$6) -> 0 | AP112: =COUNTIF(C112:AG112,$X$4) -> 0 | AQ112: =COUNTIF(C112:AG112,$X$6) -> 0 | AR112: =COUNTIF(C112:AG112,$AC$4) -> 0 | AS112: =IFERROR( VLOOKUP(B112,Tablo1[[Ad Soyad]:[Günlük Ücreti]],2,0)*SUMPRODUCT(AI112:AR112,$AI$10:$AR$10), "")

Sheet G_Personellerim
A1: No | B1: Ad Soyad | C1: Günlük Ücreti
A2: 1 | B2: Özlem Avcıoğlu | C2: 100
A3: 2 | B3: Emel Cennet Gürsoy | C3: 150
A4: 3 | B4: Hatice Eylül Yegen Yılmaz | C4: 170
A5: 4 | B5: Sultan Efe | C5: 110
A6: 5 | B6: Murat Şen | C6: 100
A7: 6
A8: 7
A9: 8
A10: 9
A11: 10
A12: 11
A13: 12
A14: 13
A15: 14
A16: 15
A17: 16
A18: 17
... A102: 101

Sheet R_Yıllık_Hakediş
B2: YILLIK HAKEDİŞ RAPORU
B5: Toplam Maaş | C5: Sütun Etiketleri
B6: İsim Soyisim | C6: Oca | D6: Şub | E6: Genel Toplam
B7: Emel Cennet Gürsoy | C7: 4575 | D7: 4200 | E7: 8775
B8: Hatice Eylül Yegen Yılmaz | C8: 5185 | D8: 0 | E8: 5185
B9: Murat Şen | C9: 3100 | D9: 2550 | E9: 5650
B10: Özlem Avcıoğlu | C10: 3100 | D10: 2800 | E10: 5900
B11: Sultan Efe | C11: 3410 | D11: 3080 | E11: 6490
B12: Genel Toplam | C12: 19370 | D12: 12630 | E12: 32000

Sheet R_Durum_Raporu
B2: DURUM RAPORU
B5: Durum | C5: YK
B7: İsim Soyisim | C7: Say Maaş
B8: Emel Cennet Gürsoy | C8: 1
B9: Hatice Eylül Yegen Yılmaz | C9: 1
B10: Murat Şen | C10: 3
B11: Genel Toplam | C11: 5

Sheet Ayarlar
B2: AYARLAR
B4: Yıllar | C4: Aylar | E4: Durum | F4: Çarpan | G4: Kısa Açıklaması | H4: Etki
B5: =B6-1 -> 2022 | C5: =DATE(G_Puantaj!B4,1,1) -> 44562 | E5: Ç | F5: 1 | G5: Çalışıyor | H5: Günlük Hakedişini alır
B6: =YEAR(TODAY()) -> 2023 | C6: =EDATE(C5,1) -> 44593 | E6: M | F6: 1.5 | G6: Mesai | H6: Günlük Hakedişinin 1,5 katını alır
B7: =B6+1 -> 2024 | C7: =EDATE(C6,1) -> 44621 | E7: FM | F7: 2 | G7: Fazla Mesai | H7: Günlük Hakedişinin 2 katını alır
B8: =B7+1 -> 2025 | C8: =EDATE(C7,1) -> 44652
B9: =B8+1 -> 2026 | C9: =EDATE(C8,1) -> 44682 | E9: HS | F9: 1 | G9: Haftasonu İzni | H9: Günlük Hakedişini alır
B10: =B9+1 -> 2027 | C10: =EDATE(C9,1) -> 44713 | E10: Yİ | F10: 1 | G10: Yıllık İzin | H10: Günlük Hakedişini alır
C11: =EDATE(C10,1) -> 44743 | E11: R | F11: 1 | G11: Raporlu | H11: Günlük Hakedişini alır
C12: =EDATE(C11,1) -> 44774 | E12: RT | F12: 1 | G12: Resmi Tatil | H12: Günlük Hakedişini alır
C13: =EDATE(C12,1) -> 44805
C14: =EDATE(C13,1) -> 44835 | E14: Üİ | F14: 0 | G14: Ücretsiz İzin | H14: Hiç ücret almaz.
C15: =EDATE(C14,1) -> 44866
C16: =EDATE(C15,1) -> 44896 | E16: YK | F16: 0.5 | G16: Yarım Kesinti | H16: Günlük Hakedişinin yarısını alır
E17: K | F17: -1 | G17: Kesinti | H17: Günlük Hakedişi eksilir

Sheet DB
A1: Tarih | B1: Durum | C1: Personel Adı | D1: Maaş
A2: 44620 | B2: Ç | C2: Murat Şen | D2: =IFERROR(VLOOKUP(Tablo3[[#This Row],[Personel Adı]],Tablo1[[Ad Soyad]:[Günlük Ücreti]],2,0)*VLOOKUP(Tablo3[[#This Row],[Durum]],Ayarlar!$E:$F,2,0),VLOOKUP(Tablo3[[#This Row],[Personel Adı]],Tablo1[[Ad Soyad]:[Günlük Ücreti]],2,0)) -> 100
A3: 44619 | B3: HS | C3: Murat Şen | D3: =IFERROR(VLOOKUP(Tablo3[[#This Row],[Personel Adı]],Tablo1[[Ad Soyad]:[Günlük Ücreti]],2,0)*VLOOKUP(Tablo3[[#This Row],[Durum]],Ayarlar!$E:$F,2,0),VLOOKUP(Tablo3[[#This Row],[Personel Adı]],Tablo1[[Ad Soyad]:[Günlük Ücreti]],2,0)) -> 100
A4: 44618 | B4: HS | C4: Murat Şen | D4: =IFERROR(VLOOKUP(Tablo3[[#This Row],[Personel Adı]],Tablo1[[Ad Soyad]:[Günlük Ücreti]],2,0)*VLOOKUP(Tablo3[[#This Row],[Durum]],Ayarlar!$E:$F,2,0),VLOOKUP(Tablo3[[#This Row],[Personel Adı]],Tablo1[[Ad Soyad]:[Günlük Ücreti]],2,0)) -> 100
A5: 44617 | B5: Ç | C5: Murat Şen | D5: =IFERROR(VLOOKUP(Tablo3[[#This Row],[Personel Adı]],Tablo1[[Ad Soyad]:[Günlük Ücreti]],2,0)*VLOOKUP(Tablo3[[#This Row],[Durum]],Ayarlar!$E:$F,2,0),VLOOKUP(Tablo3[[#This Row],[Personel Adı]],Tablo1[[Ad Soyad]:[Günlük Ücreti]],2,0)) -> 100
A6: 44616 | B6: R | C6: Murat Şen | D6: =IFERROR(VLOOKUP(Tablo3[[#This Row],[Personel Adı]],Tablo1[[Ad Soyad]:[Günlük Ücreti]],2,0)*VLOOKUP(Tablo3[[#This Row],[Durum]],Ayarlar!$E:$F,2,0),VLOOKUP(Tablo3[[#This Row],[Personel Adı]],Tablo1[[Ad Soyad]:[Günlük Ücreti]],2,0)) -> 100
A7: 44615 | B7: R | C7: Murat Şen | D7: =IFERROR(VLOOKUP(Tablo3[[#This Row],[Personel Adı]],Tablo1[[Ad Soyad]:[Günlük Ücreti]],2,0)*VLOOKUP(Tablo3[[#This Row],[Durum]],Ayarlar!$E:$F,2,0),VLOOKUP(Tablo3[[#This Row],[Personel Adı]],Tablo1[[Ad Soyad]:[Günlük Ücreti]],2,0)) -> 100
A8: 44614 | B8: R | C8: Murat Şen | D8: =IFERROR(VLOOKUP(Tablo3[[#This Row],[Personel Adı]],Tablo1[[Ad Soyad]:[Günlük Ücreti]],2,0)*VLOOKUP(Tablo3[[#This Row],[Durum]],Ayarlar!$E:$F,2,0),VLOOKUP(Tablo3[[#This Row],[Personel Adı]],Tablo1[[Ad Soyad]:[Günlük Ücreti]],2,0)) -> 100
A9: 44613 | B9: Ç | C9: Murat Şen | D9: =IFERROR(VLOOKUP(Tablo3[[#This Row],[Personel Adı]],Tablo1[[Ad Soyad]:[Günlük Ücreti]],2,0)*VLOOKUP(Tablo3[[#This Row],[Durum]],Ayarlar!$E:$F,2,0),VLOOKUP(Tablo3[[#This Row],[Personel Adı]],Tablo1[[Ad Soyad]:[Günlük Ücreti]],2,0)) -> 100
A10: 44612 | B10: HS | C10: Murat Şen | D10: =IFERROR(VLOOKUP(Tablo3[[#This Row],[Personel Adı]],Tablo1[[Ad Soyad]:[Günlük Ücreti]],2,0)*VLOOKUP(Tablo3[[#This Row],[Durum]],Ayarlar!$E:$F,2,0),VLOOKUP(Tablo3[[#This Row],[Personel Adı]],Tablo1[[Ad Soyad]:[Günlük Ücreti]],2,0)) -> 100
A11: 44611 | B11: HS | C11: Murat Şen | D11: =IFERROR(VLOOKUP(Tablo3[[#This Row],[Personel Adı]],Tablo1[[Ad Soyad]:[Günlük Ücreti]],2,0)*VLOOKUP(Tablo3[[#This Row],[Durum]],Ayarlar!$E:$F,2,0),VLOOKUP(Tablo3[[#This Row],[Personel Adı]],Tablo1[[Ad Soyad]:[Günlük Ücreti]],2,0)) -> 100
A12: 44610 | B12: Ç | C12: Murat Şen | D12: =IFERROR(VLOOKUP(Tablo3[[#This Row],[Personel Adı]],Tablo1[[Ad Soyad]:[Günlük Ücreti]],2,0)*VLOOKUP(Tablo3[[#This Row],[Durum]],Ayarlar!$E:$F,2,0),VLOOKUP(Tablo3[[#This Row],[Personel Adı]],Tablo1[[Ad Soyad]:[Günlük Ücreti]],2,0)) -> 100
A13: 44609 | B13: Ç | C13: Murat Şen | D13: =IFERROR(VLOOKUP(Tablo3[[#This Row],[Personel Adı]],Tablo1[[Ad Soyad]:[Günlük Ücreti]],2,0)*VLOOKUP(Tablo3[[#This Row],[Durum]],Ayarlar!$E:$F,2,0),VLOOKUP(Tablo3[[#This Row],[Personel Adı]],Tablo1[[Ad Soyad]:[Günlük Ücreti]],2,0)) -> 100
... A296: 44562 | B296: HS | C296: Özlem Avcıoğlu | D296: =IFERROR(VLOOKUP(Tablo3[[#This Row],[Personel Adı]],Tablo1[[Ad Soyad]:[Günlük Ücreti]],2,0)*VLOOKUP(Tablo3[[#This Row],[Durum]],Ayarlar!$E:$F,2,0),VLOOKUP(Tablo3[[#This Row],[Personel Adı]],Tablo1[[Ad Soyad]:[Günlük Ücreti]],2,0)) -> 100
D297: =IFERROR(VLOOKUP(Tablo3[[#This Row],[Personel Adı]],Tablo1[[Ad Soyad]:[Günlük Ücreti]],2,0)*VLOOKUP(Tablo3[[#This Row],[Durum]],Ayarlar!$E:$F,2,0),VLOOKUP(Tablo3[[#This Row],[Personel Adı]],Tablo1[[Ad Soyad]:[Günlük Ücreti]],2,0)) -> #N/A
