Workbook
Name CurRate: Plan!$H$6
Name DolarKuru: [2]Ürünlerim!$G$2
Name EuroKuru: [2]Ürünlerim!$G$3
Name Lst_Banka_Kasa: [3]!Tbl_Banka_Kasa[Banka-Kasa]
Name Lst_Cariler: [2]!Tablo3[Cari Adı]
Name lst_EmlakTipi: [4]!tbl_ayar_EmlakTipi[Emlak Tipi]
Name Lst_Maliye_Kategorileri: OFFSET([3]Pvt_Listeler!$A$3,1,0,COUNTA([3]Pvt_Listeler!$A:$A)-1,1)
Name lst_Müşteriler: [4]!Tablo1[İsim Soyisim]
Name Lst_Nakit_Vadeli: [2]!Tablo13[Nakit / Vadeli Seçimi]
Name Lst_Ödeme_Yön: [3]!Tbl_Ödeme_Yön[Ödeme Yöntemi]
Name lst_Satılık_Kiralık: [4]!tbl_ayar_Satılık[Satılık/Kiralık]
Name Lst_Satış_Per: [6]!Tablo2[Ad Soyad]
Name Lst_Servis: [3]!Tbl_Sektör_Kategori[Servis]
Name Lst_TümHisseler: [7]!TÜM_HİSSELER_1[Menkul]
Name Lst_Ürün_Ailesi: [3]!Tbl_Ürün_Ailesi[Ürün Ailesi]
Name Lst_Ürünler: [2]!Tablo4[Ürün Adı]
Name Lst_Ürünlerim: [1]!Tablo2[Ürün Adı]
Name Lst_Yıl_Ay: [3]!Tablo8[Tarihler]
Name oran: [8]Ürün_Fiyat_Listesi!$E$3

Sheet Plan
G6: Dolar /TRY Kuru | H6: 7.5
C9: Vize&Pasaport | E9: Evden Limana Ulaşım | G9: Limandan Limana Ulaşım (Gidiş) | I9: Limandan Konaklamaya Ulaşım
C10: 250 | F10: ISTANBUL HAVALİMANI | H10: NEW YORK | K10: Gecelik Konaklama Maliyeti
E11: 50 | G11: 2500 | I11: 350
K12: 500
K13: Kaç Gece ?
F14: 44114.625 | H14: 44115.417 | K14: 7
G21: TURKISH AIRLINES
F24: Hediyelik & Ekstralar | H24: Yiyecek & İçecek | J24: Mutlaka Yapılması Gerekenler
F25: 250 | H25: 750 | J25: 2500
F37: Konaklamadan Limana Ulaşım | H37: Limandan Limana Ulaşım (Dönüş) | J37: Limandan Eve Ulaşım
G38: NEW YORK | I38: İSTANBUL HAVALİMANI
F39: 150 | H39: 2750 | J39: 50
G42: 44121.375 | I42: 44122.542
H49: AMERICAN AIRLINES

Sheet Rapor
B7: NEREDEN | E7: NEREYE
B8: Kalkış | C8: =Plan!F10 -> ISTANBUL HAVALİMANI | E8: Kalkış | F8: =Plan!G38 -> NEW YORK
B9: Varış | C9: =Plan!H10 -> NEW YORK | E9: Varış | F9: =Plan!I38 -> İSTANBUL HAVALİMANI
B10: Kalkış Saati | C10: =Plan!F14 -> 44114.625 | E10: Kalkış Saati | F10: =Plan!G42 -> 44121.375
B11: Varış Saati | C11: =Plan!H14 -> 44115.417 | E11: Varış Saati | F11: =Plan!I42 -> 44122.542
B12: Havayolu | C12: =Plan!G21 -> TURKISH AIRLINES | E12: Havayolu | F12: =Plan!H49 -> AMERICAN AIRLINES
B15: Tatil Planı Bütçem | E15: TRY Kurunda Harcamalarım | F15: Dolar Kurunda Harcamalarım
A16: 1 | B16: Seyehat | E16: =SUM(E17:E23) -> 6100 | F16: =E16*(1/CurRate) -> 813.33333
A17: 2 | B17: =Plan!C9 -> Vize&Pasaport | E17: =Plan!C10 -> 250 | F17: =E17*(1/CurRate) -> 33.333333
A18: 3 | B18: =Plan!E9 -> Evden Limana Ulaşım | E18: =Plan!E11 -> 50 | F18: =E18*(1/CurRate) -> 6.6666667
A19: 4 | B19: =Plan!G9 -> Limandan Limana Ulaşım (Gidiş) | E19: =Plan!G11 -> 2500 | F19: =E19*(1/CurRate) -> 333.33333
A20: 5 | B20: =Plan!I9 -> Limandan Konaklamaya Ulaşım | E20: =Plan!I11 -> 350 | F20: =E20*(1/CurRate) -> 46.666667
A21: 6 | B21: =Plan!F37 -> Konaklamadan Limana Ulaşım | E21: =Plan!F39 -> 150 | F21: =E21*(1/CurRate) -> 20
A22: 7 | B22: =Plan!H37 -> Limandan Limana Ulaşım (Dönüş) | E22: =Plan!H39 -> 2750 | F22: =E22*(1/CurRate) -> 366.66667
A23: 8 | B23: =Plan!J37 -> Limandan Eve Ulaşım | E23: =Plan!J39 -> 50 | F23: =E23*(1/CurRate) -> 6.6666667
A24: 9 | B24: Konaklama | E24: =E25 -> 3500 | F24: =E24*(1/CurRate) -> 466.66667
A25: 10 | B25: ="Konaklama - "&Plan!K14&" Gece" -> Konaklama - 7 Gece | E25: =Plan!K12*Plan!K14 -> 3500 | F25: =E25*(1/CurRate) -> 466.66667
A26: 11 | B26: Gezme & Görme | E26: =SUM(E27:E29) -> 3500 | F26: =E26*(1/CurRate) -> 466.66667
A27: 12 | B27: =Plan!J24 -> Mutlaka Yapılması Gerekenler | E27: =Plan!J25 -> 2500 | F27: =E27*(1/CurRate) -> 333.33333
A28: 13 | B28: =Plan!H24 -> Yiyecek & İçecek | E28: =Plan!H25 -> 750 | F28: =E28*(1/CurRate) -> 100
A29: 14 | B29: =Plan!F24 -> Hediyelik & Ekstralar | E29: =Plan!F25 -> 250 | F29: =E29*(1/CurRate) -> 33.333333
A30: 15 | B30: Toplam | E30: =SUM(E26,E24,E16) -> 13100 | F30: =E30*(1/CurRate) -> 1746.6667
B32: NOTLARIM
A33: 1
A34: 2
A35: 3
A36: 4
A37: 5
A38: 6
A39: 7
A40: 8
A41: 9
A42: 10
