Workbook

Sheet 00_BASLANGIC
A1: EXCELARŞİV KARAR SİSTEMİ v15.1 — ÜRETİM REFERANSI
A3: Konu | B3: Bağlayıcı Standart
A4: Amaç | B4: Kanıta dayalı, hatada kapalı çalışan Excel üretim ve denetim sistemi
A5: Öncelik | B5: Kullanıcının açık iş talebi ve gerçek kullanım senaryosu
A6: Ana akış | B6: Uygunluk → Yönetişim → Sözleşmeler → Üretim → Test → Kanıt → Kullanıcı Kabulü → Yayın
A7: Yayın ilkesi | B7: Üst aşamada hata varsa alt aşama GEÇTİ üretilemez
A8: Kullanıcı kabulü | B8: Excel masaüstü görünümü test edilmediyse DIŞ_KABUL_GEREKLİ
A9: Nihai yayın | B9: Yalnız uygulanabilir modüller GEÇTİ veya gerekçeli UYGULANMAZ
A10: Ticari ayrım | B10: Ekonomik olarak savunulabilir fiyat, gerçek pazar kabulü ile aynı değildir
A11: Karmaşıklık | B11: Karar değeri, eklenen karmaşıklığın maliyetinden büyük olmalıdır
A12: Excel sınırı | B12: Veritabanı, kurumsal yetkilendirme, değiştirilemez kayıt sistemi veya gerçek zamanlı olay platformu değildir
A13: Dil standardı | B13: Kullanıcıya görünen tüm sayfa, tablo, başlık, açıklama, uyarı ve karar metinleri saf Türkçe olmalıdır
A14: Muhasebe standardı | B14: Finansal ürünlerde Türkiye Tekdüzen Hesap Planı ve Türk muhasebe kullanım alışkanlıkları esas alınır
... A33: Muhasebe | B33: Türkiye Tekdüzen Hesap Planı ve Türk muhasebe/işletme düşünce yapısı esas alınır.

Sheet PANO
A1: ☰ PANO
B2: YENIDEN DEĞERLEME YAPMALI MIYIM? (VERGI TASARRUF ANALIZI) | L2: Dönem: 2026 / Tam ▼ | M2: ★ DOĞRULANMIŞ
B3: Hedef Kullanıcı: Yönetim Kurulu, CFO, Finans Yöneticisi, SMMM · 2026 Q3 Denetim Standardı
B5: TOPLAM İŞLEM HACMİ | D5: KONSOLİDE | E5: OPERASYONEL MALİYET | G5: KONTROL | H5: NET OPERASYONEL MARJ | J5: GÜVENLİ | K5: SİSTEM GÜVEN SKORU | M5: DENETLENDİ
B7: =GİRDİLER!E17 | E7: =B7*0.22 | H7: =B7-E7 | K7: =EĞER(E7>0; YUVARLA(B7/E7; 2); 0)
B9: ↑ %14.2 konsolide canlı veri bağlantısı | E9: ● 8 Kalem nakit karşılığı: bloke | H9: ██████████░░░░░ %78.0 NET MARJ | K9: ✓ İDEAL karşılama rasyosu
B11: YENIDEN DEĞERLEME YAPMALI MIYIM? (VERGI TASARRUF ANALIZI) — DÖNEMSEL İCRA VE PROJEKSİYON | F11: +%32 Verim | H11: KONSOLİDE OPERASYON VE KARAR MATRİSİ
B12: Kümülatif Hacim vs. Operasyonel Maliyet ve Net Kâr Eğilimi | H12: Anlık Hesaplama Sonuçları, Dinamik Formül Çıktıları ve Durum Puanlaması
B14: Dönem | C14: Aktif Hacim | D14: Maliyet/Yük | E14: Hedef | H14: PARAMETRE / KALEM | I14: ANA TUTAR | J14: FARK / MARJ | K14: VADE | L14: KONTROL DURUMU
B15: D1 | C15: 65 | D15: 45 | E15: 60 | H15: Dönemlik Kümülatif Bakiye | I15: =B7*0.45 | J15: =B7*0.05 | K15: 12 Ay | L15: ✓ DÜZENLİ
B16: D2 | C16: 78 | D16: 48 | E16: 70 | H16: Kritik Eşik Güvenlik Tamponu | I16: =B7*0.30 | J16: =B7*0.03 | K16: 24 Ay | L16: ★ AVANTAJ
B17: D3 | C17: 85 | D17: 55 | E17: 80 | H17: Operasyonel Net Fark | I17: =B7*0.15 | J17: =B7*0.02 | K17: 8 Ay | L17: ● YAKLAŞAN
B18: D4 | C18: 75 | D18: 42 | E18: 75 | H18: Rezerv ve Likit Dağılım | I18: =B7*0.10 | J18: =B7*0.01 | K18: 16 Ay | L18: ✓ TAM UYUM
B19: D5 | C19: 90 | D19: 40 | E19: 85 | H19: KONSOLİDE SİSTEM TOPLAMI | I19: =TOPLA(I15:I18) | J19: =TOPLA(J15:J18) | L19: TAM DOĞRULANDI (0 HATA)
B20: D6 | C20: 96 | D20: 32 | E20: 92
B22: KONSOLİDE PAY VE AĞIRLIK | F22: LİKİDİTE RİSKİ & ERKEN UYARI SİNYALLERİ | K22: KARAR MOTORU
B23: ■ Ana Segment (%42) | F23: Nakit Açığı Riski (30 Gün) | I23: 0.00 TL (Sıfır Risk) | K23: STRATEJİK VERİMLİLİK FIRSATI
B24: ■ İkincil Grup (%30) | F24: Tahsilat Gecikme Toleransı | I24: 48 Gün Güvenli Eşik | K24: Operasyonel süreç optimizasyonu ile kârlılık artış potansiyeli tespit edildi.
B25: ■ Destek Birimi (%15) | F25: ██████████████████████████████████████ Güvenli Bölge (%100)
B26: ■ Rezervler (%13) | F26: ✓ 90 GÜNLÜK PROJEKSİYONDA NAKİT SIKIŞIKLIĞI TESPİT EDİLMEDİ | K26: STRATEJİ REÇETESİNİ İNCELE >

Sheet GİRDİLER
A1: ☰ PANO
B3: 🔍 YENIDEN DEĞERLEME YAPMALI MIYIM? (VERGI TASARRUF ANALIZI) — Kayıt veya hesap ara... | G3: TOPLAM: 1.450 KAYIT | I3: HATALI HÜCRE: 0 ADET
B5: TARİH | C5: REFERANS NO | D5: İŞLEM AÇIKLAMASI VE DETAY | E5: BRÜT TUTAR (₺) | F5: KDV ORANI | G5: NET TUTAR (₺) | H5: HESAP / CARİ | I5: DURUM
B6: 12.10.2026 | C6: TR-0428-A | D6: Operasyonel ana kalem tahmini | E6: 845200 | F6: 0.2 | G6: =E6/(1+F6) | H6: Vadesiz Ticari | I6: ONAYLANDI
B7: 14.10.2026 | C7: TR-0429-B | D7: Operasyonel çıkış/maliyet tahmini | E7: 1240000 | F7: 0.2 | G7: =E7/(1+F7) | H7: Tedarikçi Havuzu | I7: BEKLEMEDE
B8: 18.10.2026 | C8: TR-0430-C | D8: Ödeme takvimi tahakkuku | E8: 620500 | F8: 0.1 | G8: =E8/(1+F8) | H8: Kısa Vade Tahakkuk | I8: ONAYLANDI
B9: 21.10.2026 | C9: TR-0431-D | D9: Müşteri işlem tahmini | E9: 415000 | F9: 0.2 | G9: =E9/(1+F9) | H9: Müşteri Alacağı | I9: ONAYLANDI
B10: 25.10.2026 | C10: TR-0432-E | D10: Ana operasyon tahmini | E10: 980400 | F10: 0.2 | G10: =E10/(1+F10) | H10: Vadesiz Ticari | I10: ONAYLANDI
B11: 28.10.2026 | C11: TR-0433-F | D11: Kredi/taksit karşılığı | E11: 1850000 | F11: 0.2 | G11: =E11/(1+F11) | H11: Finansman Havuzu | I11: BLOKE
B12: 02.11.2026 | C12: TR-0434-G | D12: Sabit gider ve yönetim notları | E12: 740000 | F12: 0.2 | G12: =E12/(1+F12) | H12: Genel Yönetim | I12: ONAYLANDI
B13: 05.11.2026 | C13: TR-0435-H | D13: Operasyonel ana kalem tahmini | E13: 520800 | F13: 0.2 | G13: =E13/(1+F13) | H13: Vadesiz Ticari | I13: ONAYLANDI
B14: 09.11.2026 | C14: TR-0436-I | D14: Müşteri işlem tahmini | E14: 1120000 | F14: 0.2 | G14: =E14/(1+F14) | H14: Müşteri Alacağı | I14: ONAYLANDI
B15: 12.11.2026 | C15: TR-0437-J | D15: Operasyonel çıkış tahmini | E15: 890000 | F15: 0.2 | G15: =E15/(1+F15) | H15: Tedarikçi Havuzu | I15: ONAYLANDI
B17: SAYFA TOPLAMI (10 / 1.450 KAYIT) | E17: =TOPLA(E6:E15)

Sheet YÖNETİM_RAPORU
A1: ☰ PANO
B2: YENIDEN DEĞERLEME YAPMALI MIYIM? (VERGI TASARRUF ANALIZI) — NİHAİ KARAR VE DEĞERLEME
B3: Yönetim Kurulu ve İcra Komitesi için Otomatik Finansal Stres Testi Raporu · Yönetim Kurulu, CFO, Finans Yöneticisi, SMMM
B4: DÖNEM: 2026 Q3 · DENETİM PROTOKOLÜ: ISO/VUK/IFRS UYUMLU · DURUM: ONAYLANDI
B6: SENARYO A: KÖTÜMSER (STRES TESTİ -%20) | H6: SENARYO B: BAZ MODEL (HEDEFLENEN)
B8: Ciro / Hacim Düşüşü: | E8: -%20.0 (Kriz Eşiği) | H8: Ciro / Hacim Gerçekleşmesi: | K8: %100.0 (Tam Bütçe)
B9: Beklenen Net Kâr / Getiri: | E9: =PANO!B7*0.8*0.22 | H9: Beklenen Net Kâr / Getiri: | K9: =PANO!H7
B10: Minimum Nakit Tamponu: | E10: =PANO!E7*0.75 | H10: Serbest Nakit Akımı: | K10: =PANO!H7*0.75
B11: Likidite Karşılama Oranı: | E11: =YUVARLA(PANO!B7*0.8/PANO!E7; 2) | H11: Yatırım Geri Dönüşü (ROI): | K11: %38.4 Yıllık
B14: STRES SENARYOSUNDA DAHİ İFLAS RİSKİ YOK | H14: OPTİMUM İCRA VE PLANLAMA REÇETESİ
B17: YÖNETİM KARAR MATRİSİ VE UYGULAMA REÇETESİ
B19: ● Öncelik 1: Acil Likidite ve Borç Servis Planlaması
B20: Sistemde hesaplanan vade günlerine sadık kalınarak nakit blokajı 3 gün önceden hazır edilmelidir.
B21: ● Öncelik 2: Formül Doğrulama ve Çapraz Sağlama
B22: Tüm hücreler kilitli formül korumasında olup girdi sayfalarında sıfır döngüsel başvuru (circular ref) garantilidir.
B23: ● Öncelik 3: Resmi Mevzuat ve Vergi Kalkanı Entegrasyonu
B24: 2026 güncel vergi dilimleri, amortisman ve SGK teşvik parametreleri tam otomatik yansıtılmaktadır.
B25: ● Öncelik 4: Yönetici İmzası ve Rapor Paylaşımı
B26: Tek tuşla PDF ve A4 çıktı formatına tam uyumlu sayfa yapısı kurgulanmıştır.

Sheet 01_YURUTME_CEKIRDEGI
A1: YÜRÜTME ÇEKİRDEĞİ — ZORUNLU ÜRETİM SIRASI
A3: Adım | B3: Modül | C3: Tetikleyici | D3: Zorunlu Kanıt | E3: GEÇTİ Kuralı | F3: Hata Durumu | G3: Sonraki Aşama
A4: 1 | B4: Excel Uygunluğu | C4: Her yeni model | D4: UYGUNLUK_KARARI | E4: Excel'in rolü açık | F4: HATA / BLOKE | G4: Yönetişim
A5: 2 | B5: Yönetişim | C5: Her model | D5: Risk seviyesi + etki girdileri | E5: Seviye hesaplandı | F5: BLOKE | G5: Sözleşmeler
A6: 3 | B6: Türk Muhasebe Eşlemesi | C6: Finansal model | D6: THP hesap eşleme tablosu | E6: Kritik satırlar THP ile uyumlu | F6: HATA | G6: Sözleşmeler
A7: 4 | B7: Veri ve Anlam Sözleşmeleri | C7: Girdi/KPI varsa | D7: Veri + KPI sözleşmeleri | E7: Kapsam %100 | F7: HATA | G7: Üretim
A8: 5 | B8: Üretim | C8: Sözleşmeler GEÇTİ | D8: Çalışan Excel | E8: Tek gerçek kaynak korunmuş | F8: HATA | G8: Testler
A9: 6 | B9: Görsel/Kullanım Katmanı | C9: Motor hazır | D9: Başlıklar + renk + grafik + yönlendirme | E9: Tüm kullanıcı sayfaları standarda uygun | F9: HATA | G9: Testler
A10: 7 | B10: Testler | C10: Üretim tamam | D10: Formül/OOXML/kimlik/oracle/golden/metamorfik | E10: Uygulanabilir hard gate'ler GEÇTİ | F10: HATA | G10: Kanıt
A11: 8 | B11: Hata-Kontrol Tutarlılığı | C11: Test sonucu var | D11: Hata taraması + kontrol sonuçları | E11: Formül hatası varken GEÇTİ yok | F11: HATA | G11: Kanıt
A12: 9 | B12: Kanıt | C12: Test sonucu var | D12: Makine okunur artefakt + özet | E12: Kanıt fiziksel ve tutarlı | F12: HATA | G12: Kullanıcı Kabulü
A13: 10 | B13: Kullanıcı Kabulü | C13: Kritik görevler | D13: Gerçek ekran davranışı | E13: Kritik görevler %100 | F13: DIŞ_KABUL_GEREKLİ | G13: Ticari
A14: 11 | B14: Ticari Değer | C14: Ürün satılacaksa | D14: ROI + demo + kanıt paketi | E14: Ekonomik değer kanıtlı | F14: UYARI / HATA | G14: Pazar Doğrulama
A15: 12 | B15: Pazar Doğrulama | C15: Pazar iddiası varsa | D15: Ücretli satış/pilot/fiyat kabul kanıtı | E15: Gerçek fiyat kabul kanıtı | F15: UYGULANMAZ / HATA | G15: Yayın

Sheet 02_KONTROL_LISTESI
A1: NİHAİ KONTROL LİSTESİ — KANITSIZ GEÇİŞ YOK
A3: Kontrol No | B3: Kontrol | C3: Beklenen | D3: Zorunlu Kapı? | E3: Sonuç
A4: K01 | B4: Kullanıcının açık talebi öncelikli mi? | C4: Evet | D4: EVET
A5: K02 | B5: Mevcut yapı, formüller ve tek gerçek kaynak korunuyor mu? | C5: Evet, değişiklik gerekçeli | D5: EVET
A6: K03 | B6: Üst aşama HATA ise alt aşama GEÇTİ engelleniyor mu? | C6: Evet | D6: EVET
A7: K04 | B7: Kanıt fiziksel çıktı ve içerik doğrulaması içeriyor mu? | C7: Evet | D7: EVET
A8: K05 | B8: Excel GUI erişimi olmadan kullanıcı görünümü GEÇTİ yazılıyor mu? | C8: Hayır | D8: EVET
A9: K06 | B9: NİHAİ yalnız GEÇTİ / gerekçeli UYGULANMAZ ile mi? | C9: Evet | D9: EVET
A10: K07 | B10: Ekonomik fiyat savunusu pazar doğrulamasından ayrılmış mı? | C10: Evet | D10: EVET
A11: K08 | B11: Prestij için gereksiz modül var mı? | C11: Hayır | D11: HAYIR
A12: K09 | B12: Excel sınırları açık mı? | C12: Evet | D12: EVET
A13: K10 | B13: Teknik kaynak korunuyor mu? | C13: Evet | D13: EVET
A14: K11 | B14: Kullanıcıya görünen tüm metinler Türkçe mi? | C14: Evet | D14: EVET
A15: K12 | B15: Her kullanıcı sayfasında üst başlık var mı? | C15: Evet | D15: EVET
... A34: K31 | B34: Premium vitrin, altyapı kadar güçlü ve satış fiyatını destekleyecek seviyede mi? | C34: Evet | D34: EVET

Sheet 03_GORSEL_TASARIM
A1: GÖRSEL TASARIM VE PREMIUM EXCEL STANDARDI
A3: Alan | B3: Zorunlu Kural | C3: Uygulama | D3: Yasak | E3: Kontrol | F3: Durum
A4: Sayfa başlığı | B4: Her kullanıcı sayfasının en üstünde tek ve açık sayfa başlığı | C4: A1'den başlayan koyu lacivert başlık bandı | D4: Başlıksız sayfa | E4: Başlık kapsama = %100 | F4: ZORUNLU
A5: Sekme renkleri | B5: Sayfalar işlevine göre renk kodlanır | C5: Girdi=mavi, hesap=gri, rapor=lacivert, kontrol=kırmızı, kılavuz=altın | D5: Rastgele renk | E5: Renk semantiği tutarlı | F5: ZORUNLU
A6: Kolon düzeni | B6: Veri blokları bitişik kolonlarda ilerler | C6: Gereksiz boş kolon bırakma; yalnız gerçek bölüm ayrımı varsa kontrollü boşluk | D6: A:C veri, D boş, E:F veri gibi parçalı yapı | E6: Boş kolon taraması | F6: ZORUNLU
A7: Girdi hücreleri | B7: Kullanıcının değiştireceği alan açıkça görünür | C7: Açık sarı dolgu + mavi yazı | D7: Formülle aynı görünüm | E7: Girdi/formül ayrımı | F7: ZORUNLU
A8: Formüller | B8: Hesap hücreleri kullanıcı girdisinden ayrılır | C8: Siyah yazı; sayfalar arası bağlantı yeşil yazı | D8: Hard-code gizleme | E8: Formül sınıfı kontrolü | F8: ZORUNLU
A9: Grafik sayısı | B9: Yönetici ekranında en fazla 3 ana karar grafiği | C9: Trend, karşılaştırma, köprü/dağılım; iş kararına bağlı | D9: Grafik kalabalığı | E9: Grafik başına karar sorusu | F9: ZORUNLU
A10: Grafik stili | B10: Kurumsal ve yüksek okunabilirlik | C10: Beyaz zemin, ince gridline, tek vurgu rengi, açık birim/başlık | D10: 3B, gölge, neon, gökkuşağı renkleri | E10: Görsel inceleme | F10: ZORUNLU
A11: Grafik başlığı | B11: Grafik 'neyi' değil 'ne anlama geldiğini' söyler | C11: Örn: 'Nakit 2028'de kritik eşiğin altına iniyor' | D11: 'Nakit Grafiği' gibi anlamsız başlık | E11: Başlık karar testi | F11: ZORUNLU
A12: Birimler | B12: Tüm finansal görsellerde birim açık | C12: TL, bin TL, milyon TL, %, gün, x | D12: Birim belirsizliği | E12: Birim kapsama %100 | F12: ZORUNLU
A13: Sıfır/negatif | B13: Finansal format standardı | C13: Sıfır='-', negatif kırmızı parantez | D13: -500 veya 0,00 kalabalığı | E13: Format kontrolü | F13: ZORUNLU
A14: Yazı tipi | B14: Tek aile | C14: Aptos veya Segoe UI | D14: Karışık font | E14: Tek font kontrolü | F14: ZORUNLU
... A22: Premium vitrin | B22: Görsel kalite ürün değerinin zorunlu parçasıdır | C22: Kaliteli grafik, gerçek KPI kartı, finansal hiyerarşi, tab rengi, fonksiyonel navigasyon | D22: Sadece doğru hesap yapıp çıplak/varsayılan Excel görünümü bırakmak | E22: Görsel release incelemesi | F22: ZORUNLU

Sheet 04_MUHASEBE_THP
A1: TÜRKİYE MUHASEBE VE TEKDÜZEN HESAP PLANI STANDARDI
A3: Konu | B3: Zorunlu Standart | C3: Örnek Türkçe Ad | D3: THP / Mantık | E3: Hata Riski | F3: Kontrol
A4: Dil | B4: Kullanıcıya görünen finansal terimler Türkçe | C4: Hasılat, Satışların Maliyeti, Brüt Kâr, Faaliyet Giderleri | D4: Türk işletme kullanımına uygun | E4: İngilizce jargon | F4: Terminoloji taraması
A5: Gelir Tablosu | B5: Türk sunum sırası kullanılır | C5: Net Satışlar → Satışların Maliyeti → Brüt Kâr → Faaliyet Giderleri → Faaliyet Kârı | D5: 600/610/611; 620-623; 63x | E5: Yanlış sınıflama | F5: Hesap eşleme
A6: Bilanço | B6: Dönen/Duran Varlık ve Kısa/Uzun Vadeli Yükümlülük ayrımı | C6: Hazır Değerler, Ticari Alacaklar, Stoklar, Mali Borçlar | D6: 1xx / 2xx / 3xx / 4xx / 5xx | E6: Vade sınıfı hatası | F6: Bilanço eşitliği
A7: Nakit Akışı | B7: İşletme/Yatırım/Finansman nakit akışları ayrılır | C7: Faaliyetlerden Nakit, Yatırım Harcamaları, Finansman Nakit Akışı | D7: Dolaylı/doğrudan yöntem açık seçilir | E7: Kâr = nakit sanılması | F7: Nakit devri
A8: Ticari Alacaklar | B8: Cari ve vade mantığı korunur | C8: 120 Alıcılar | D8: 120 | E8: Tahakkuk/nakit karışması | F8: Alacak devir kontrolü
A9: Ticari Borçlar | B9: Tedarikçi borcu ayrı izlenir | C9: 320 Satıcılar | D9: 320 | E9: Gider/ödeme karışması | F9: Borç devir kontrolü
A10: Kasa/Banka | B10: Hazır değerler ayrı izlenir | C10: 100 Kasa, 102 Bankalar | D10: 100 / 102 | E10: Virmanla toplam nakdin değişmesi | F10: Virman değişmezi
A11: Stok | B11: Dikeye uygun stok türü | C11: 150 İlk Madde ve Malzeme, 153 Ticari Mallar | D11: 15x | E11: Maliyet ve stok hareketinin kopması | F11: Stok devri
A12: Maddi Duran Varlık | B12: Yatırım harcaması ve amortisman bağlantılı | C12: 253 Tesis Makine Cihazlar, 255 Demirbaşlar, 257 Birikmiş Amortismanlar | D12: 25x | E12: Yatırım/gider karışması | F12: Net defter değeri devri
A13: Mali Borçlar | B13: Kısa/uzun vadeli borç ayrımı | C13: 300 Banka Kredileri / 400 Banka Kredileri | D13: 300 / 400 | E13: Vade sınıfı yanlış | F13: Borç devri
A14: Özkaynak | B14: Sermaye ve geçmiş yıl kârları ayrı | C14: 500 Sermaye, 570 Geçmiş Yıllar Kârları, 590 Dönem Net Kârı | D14: 5xx | E14: Net kâr bağının kopması | F14: Özkaynak devri
... A18: İstisna | B18: TFRS özel ürün varsa fark açık yazılır | C18: Tekdüzen raporlama ≠ TFRS finansal tablo sunumu | D18: Amaç belirtilir | E18: Standartları karıştırma | F18: Model amacı kontrolü

Sheet 05_KARAR_SATIS
A1: KARAR, GÜVEN VE SATIŞA HAZIRLIK STANDARDI
A3: Alan | B3: Müşteri Sorusu | C3: Zorunlu Ürün Davranışı | D3: Kanıt | E3: Başarısızlık Durumu | F3: Kapı
A4: 5 saniye | B4: Bu ürün neyi çözüyor? | C4: İlk ekranda hedef kullanıcı + pahalı problem + sonuç görünür | D4: Başlık + alt mesaj + gerçek ekran | E4: Ürün yalnız teknik isim | F4: HATA
A5: Acı | B5: Sorun bana neye mal oluyor? | C5: Mümkünse müşterinin kendi verisiyle parasal/zaman etkisi hesaplanır | D5: ROI/acı hesaplama yöntemi | E5: Uydurma tasarruf | F5: HATA
A6: Karar | B6: Bu bilgiyle ne yapacağım? | C6: Her kritik KPI aksiyona bağlanır | D6: KARAR_KUYRUGU | E6: Sadece rapor | F6: HATA
A7: Güven | B7: Bu sayıya neden inanayım? | C7: Kaynak, formül mantığı, kontrol ve son doğrulama görünür | D7: Kontroller + kaynak izi + sürüm | E7: Prestij kelimesi | F7: HATA
A8: Referans | B8: Müşteri yorumu yoksa ne göstereceğim? | C8: Önce/Sonra + Karar Vakası + Hata Önleme Vakası üretilir | D8: Demo/örnek çıktı | E8: Kanıtsız iddia | F8: HATA
A9: Senaryo | B9: Ne olursa işler bozulur? | C9: Baz/Aşağı/Yukarı veya uygun stres senaryosu | D9: Senaryo karşılaştırma | E9: Dekoratif senaryo | F9: HATA
A10: Ters stres | B10: Hangi eşikte karar kırılır? | C10: En az bir kritik sürücü için kırılma eşiği | D10: Kırılma eşiği tablosu | E10: Sadece +/- %10 | F10: UYARI/HATA
A11: Hata tutarlılığı | B11: Formül hata verirse ne olur? | C11: Kontrol GEÇTİ veremez; BLOKE/HATA üretir | D11: Hata taraması | E11: Hata + GEÇTİ birlikte | F11: HATA
A12: Karar motoru | B12: Ne oldu, neden oldu? | C12: Sorun + neden + parasal etki + aksiyon + son tarih | D12: Karar tablosu | E12: Boş sayfa / isim düzeyi modül | F12: HATA
A13: Yönetici özeti | B13: 5 saniyede ne görmeliyim? | C13: Bugün / ne değişti / ne bozulacak / neden / ne yapmalıyım / güven | D13: Yönetici özeti ekranı | E13: KPI kutusu yığını | F13: HATA
A14: Teklif | B14: Neden satın almalıyım? | C14: Dosya özellikleri yerine sonuç ve kaçınılan maliyet sunulur | D14: Ürün sayfası kanıt eşlemesi | E14: Özellik listesiyle satış | F14: HATA
... A19: Pazar kanıtı | B19: Piyasa gerçekten ödüyor mu? | C19: Satış/pilot/LOI/fiyat kabulü olmadan pazar doğrulandı yazılmaz | D19: Gerçek işlem kanıtı | E19: Tahmini talep = satış kabulü | F19: HATA

Sheet KAPAK
A1: KAPAK — Yeniden Değerleme Yapmalı Mıyım? (Vergi Tasarruf Analizi)
A3: Yeniden Değerleme Yapmalı Mıyım? (Vergi Tasarruf Analizi)
A4: Kıymet bazında yeniden değerleme katsayısını işleyin; değer artışı, %2 fon vergisi ve ek amortismanın vergi tasarrufunu karşılaştırın; net faydaya göre karar verin.
A6: Bu ürün ne sağlar?
A7: • Kıymet bazında değer artışı, %2 fon vergisi ve yıllık ek amortisman hesabı
A8: • Ek amortismanın kalan ömür boyunca sağladığı vergi tasarrufunun bugünkü değeri
A9: • Net fayda (tasarruf eksi fon) ve UYGUN / İNCELE / DURDUR karar kapısı
A10: • İskonto ve fon oranına göre senaryo bant aralığı ve tornado analizi
A11: • Kıymet türü bazında yoğunlaşma, anomali ve veri kalite skoru
A14: Kimler için?
A15: • Yeniden değerleme yapıp yapmamayı değerlendiren mükellefler ve mali müşavirler
A16: • Aktif büyüklüğünü artırmak ve ek amortisman avantajı arayan şirketler
... A21: Sürüm 1.0.0 | 2026 | ExcelArşiv | Lisans: Tek kullanıcı

Sheet HIZLI_BASLANGIC
A1: HIZLI BASLANGIC — Yeniden Değerleme Yapmalı Mıyım? (Vergi Tasarruf Analizi)
A3: Nasıl kullanılır?
A5: Adım 1 — Kıymetlerinizi girin | B5: KIYMET_LISTESI sayfasındaki sarı hücrelere kıymet türü, defter değeri, birikmiş amortisman, amortisman oranı, kalan faydalı ömür ve yeniden değerleme katsayısını girin.
A6: Adım 2 — Değer artışını ve fonu izleyin | B6: HESAP sayfası değer artışını, %2 fon vergisini ve yıllık ek amortismanı hesaplar.
A7: Adım 3 — Vergi tasarrufunu karşılaştırın | B7: Ek amortismanın kalan ömür boyunca sağladığı tasarrufun bugünkü değeri fon maliyetiyle karşılaştırılır; KARAR sayfası UYGUN/İNCELE/DURDUR üretir.
A8: Adım 4 — Oranları ayarlayın | B8: Fon oranı, kurumlar vergisi oranı ve iskonto oranı AYARLAR sayfasından değiştirilir.
A11: Sık yapılan hatalar
A12: • Amortismanı defter değerinden büyük girmek (net defter değeri negatif olur)
A13: • Araziyi amortismana tabi kıymet gibi işlemek (arazide ek amortisman yoktur)
A14: • Katsayıyı gerçekleşmemiş oranlarla doldurmak (oran güncel Yİ-ÜFE katsayısına göre girilir)
A15: Bu dosya karar destek aracıdır; mali müşavir görüşü yerine geçmez.

Sheet KIYMET_LISTESI
A1: KIYMET LISTESI — Yeniden Değerleme Yapmalı Mıyım? (Vergi Tasarruf Analizi)
A3: Kıymet Listesi
A4: Sarı hücrelere manuel veri girin. Her satır bir duran varlık kalemidir; değer artışı, fon vergisi ve tasarruf otomatik hesaplanır.
A5: Kayıt Sırası | B5: Kıymet Türü | C5: Defter Değeri (Brüt) | D5: Birikmiş Amortisman | E5: Net Defter Değeri | F5: Amortisman Oranı | G5: Kalan Faydalı Ömür | H5: Yeniden Değerleme Katsayısı | I5: Değerlenmiş Net Değer | J5: Değer Artışı | K5: Fon Vergisi | L5: Yıllık Ek Amortisman | M5: Yıllık Vergi Tasarrufu | N5: Tasarruf Bugünkü Değeri | O5: Net Fayda | P5: Öneri | Q5: Kayıt Açıklaması
A6: 1 | B6: Bina | C6: 500000 | D6: 200000 | E6: =IF($C6=0,0,$C6-$D6) | F6: 0.02 | G6: 10 | H6: 2.5 | I6: =IF($E6=0,0,$E6*$H6) | J6: =IF($I6=0,0,$I6-$E6) | K6: =IF($J6=0,0,$J6*YenidegerFonOran) | L6: =IF($G6=0,0,$J6/$G6) | M6: =IF($L6=0,0,$L6*YenidegerKurumlarVergiOran) | N6: =IFERROR(IF(YenidegerIskontoOrani=0,$M6*$G6,$M6*(1-1/(1+YenidegerIskontoOrani)^$G6)/YenidegerIskontoOrani),0) | O6: =$N6-$K6 | P6: =IF($J6<=0,"DEĞERLENDİR",IF($O6>0,"YENİDEN DEĞERLE","DEĞERLENDİR")) | Q6: =IF($B6="","",CONCATENATE("Kıymet: ",$B6," | Değer Artışı: ",TEXT($J6,"#,##0")))
A7: 2 | B7: Bina | C7: 300000 | D7: 100000 | E7: =IF($C7=0,0,$C7-$D7) | F7: 0.02 | G7: 8 | H7: 2.2 | I7: =IF($E7=0,0,$E7*$H7) | J7: =IF($I7=0,0,$I7-$E7) | K7: =IF($J7=0,0,$J7*YenidegerFonOran) | L7: =IF($G7=0,0,$J7/$G7) | M7: =IF($L7=0,0,$L7*YenidegerKurumlarVergiOran) | N7: =IFERROR(IF(YenidegerIskontoOrani=0,$M7*$G7,$M7*(1-1/(1+YenidegerIskontoOrani)^$G7)/YenidegerIskontoOrani),0) | O7: =$N7-$K7 | P7: =IF($J7<=0,"DEĞERLENDİR",IF($O7>0,"YENİDEN DEĞERLE","DEĞERLENDİR")) | Q7: =IF($B7="","",CONCATENATE("Kıymet: ",$B7," | Değer Artışı: ",TEXT($J7,"#,##0")))
A8: 3 | B8: Makine | C8: 250000 | D8: 120000 | E8: =IF($C8=0,0,$C8-$D8) | F8: 0.1 | G8: 7 | H8: 3.1 | I8: =IF($E8=0,0,$E8*$H8) | J8: =IF($I8=0,0,$I8-$E8) | K8: =IF($J8=0,0,$J8*YenidegerFonOran) | L8: =IF($G8=0,0,$J8/$G8) | M8: =IF($L8=0,0,$L8*YenidegerKurumlarVergiOran) | N8: =IFERROR(IF(YenidegerIskontoOrani=0,$M8*$G8,$M8*(1-1/(1+YenidegerIskontoOrani)^$G8)/YenidegerIskontoOrani),0) | O8: =$N8-$K8 | P8: =IF($J8<=0,"DEĞERLENDİR",IF($O8>0,"YENİDEN DEĞERLE","DEĞERLENDİR")) | Q8: =IF($B8="","",CONCATENATE("Kıymet: ",$B8," | Değer Artışı: ",TEXT($J8,"#,##0")))
A9: 4 | B9: Makine | C9: 400000 | D9: 220000 | E9: =IF($C9=0,0,$C9-$D9) | F9: 0.1 | G9: 5 | H9: 2.8 | I9: =IF($E9=0,0,$E9*$H9) | J9: =IF($I9=0,0,$I9-$E9) | K9: =IF($J9=0,0,$J9*YenidegerFonOran) | L9: =IF($G9=0,0,$J9/$G9) | M9: =IF($L9=0,0,$L9*YenidegerKurumlarVergiOran) | N9: =IFERROR(IF(YenidegerIskontoOrani=0,$M9*$G9,$M9*(1-1/(1+YenidegerIskontoOrani)^$G9)/YenidegerIskontoOrani),0) | O9: =$N9-$K9 | P9: =IF($J9<=0,"DEĞERLENDİR",IF($O9>0,"YENİDEN DEĞERLE","DEĞERLENDİR")) | Q9: =IF($B9="","",CONCATENATE("Kıymet: ",$B9," | Değer Artışı: ",TEXT($J9,"#,##0")))
A10: 5 | B10: Tesis | C10: 1500000 | D10: 600000 | E10: =IF($C10=0,0,$C10-$D10) | F10: 0.04 | G10: 15 | H10: 2.3 | I10: =IF($E10=0,0,$E10*$H10) | J10: =IF($I10=0,0,$I10-$E10) | K10: =IF($J10=0,0,$J10*YenidegerFonOran) | L10: =IF($G10=0,0,$J10/$G10) | M10: =IF($L10=0,0,$L10*YenidegerKurumlarVergiOran) | N10: =IFERROR(IF(YenidegerIskontoOrani=0,$M10*$G10,$M10*(1-1/(1+YenidegerIskontoOrani)^$G10)/YenidegerIskontoOrani),0) | O10: =$N10-$K10 | P10: =IF($J10<=0,"DEĞERLENDİR",IF($O10>0,"YENİDEN DEĞERLE","DEĞERLENDİR")) | Q10: =IF($B10="","",CONCATENATE("Kıymet: ",$B10," | Değer Artışı: ",TEXT($J10,"#,##0")))
A11: 6 | B11: Taşıt | C11: 120000 | D11: 80000 | E11: =IF($C11=0,0,$C11-$D11) | F11: 0.2 | G11: 4 | H11: 1.9 | I11: =IF($E11=0,0,$E11*$H11) | J11: =IF($I11=0,0,$I11-$E11) | K11: =IF($J11=0,0,$J11*YenidegerFonOran) | L11: =IF($G11=0,0,$J11/$G11) | M11: =IF($L11=0,0,$L11*YenidegerKurumlarVergiOran) | N11: =IFERROR(IF(YenidegerIskontoOrani=0,$M11*$G11,$M11*(1-1/(1+YenidegerIskontoOrani)^$G11)/YenidegerIskontoOrani),0) | O11: =$N11-$K11 | P11: =IF($J11<=0,"DEĞERLENDİR",IF($O11>0,"YENİDEN DEĞERLE","DEĞERLENDİR")) | Q11: =IF($B11="","",CONCATENATE("Kıymet: ",$B11," | Değer Artışı: ",TEXT($J11,"#,##0")))
A12: 7 | B12: Arazi | C12: 1000000 | D12: 0 | E12: =IF($C12=0,0,$C12-$D12) | F12: 0 | G12: 0 | H12: 3 | I12: =IF($E12=0,0,$E12*$H12) | J12: =IF($I12=0,0,$I12-$E12) | K12: =IF($J12=0,0,$J12*YenidegerFonOran) | L12: =IF($G12=0,0,$J12/$G12) | M12: =IF($L12=0,0,$L12*YenidegerKurumlarVergiOran) | N12: =IFERROR(IF(YenidegerIskontoOrani=0,$M12*$G12,$M12*(1-1/(1+YenidegerIskontoOrani)^$G12)/YenidegerIskontoOrani),0) | O12: =$N12-$K12 | P12: =IF($J12<=0,"DEĞERLENDİR",IF($O12>0,"YENİDEN DEĞERLE","DEĞERLENDİR")) | Q12: =IF($B12="","",CONCATENATE("Kıymet: ",$B12," | Değer Artışı: ",TEXT($J12,"#,##0")))
A13: 8 | B13: Bina | C13: 250000 | D13: 90000 | E13: =IF($C13=0,0,$C13-$D13) | F13: 0.02 | G13: 12 | H13: 2.6 | I13: =IF($E13=0,0,$E13*$H13) | J13: =IF($I13=0,0,$I13-$E13) | K13: =IF($J13=0,0,$J13*YenidegerFonOran) | L13: =IF($G13=0,0,$J13/$G13) | M13: =IF($L13=0,0,$L13*YenidegerKurumlarVergiOran) | N13: =IFERROR(IF(YenidegerIskontoOrani=0,$M13*$G13,$M13*(1-1/(1+YenidegerIskontoOrani)^$G13)/YenidegerIskontoOrani),0) | O13: =$N13-$K13 | P13: =IF($J13<=0,"DEĞERLENDİR",IF($O13>0,"YENİDEN DEĞERLE","DEĞERLENDİR")) | Q13: =IF($B13="","",CONCATENATE("Kıymet: ",$B13," | Değer Artışı: ",TEXT($J13,"#,##0")))
A14: 9 | B14: Makine | C14: 180000 | D14: 70000 | E14: =IF($C14=0,0,$C14-$D14) | F14: 0.1 | G14: 6 | H14: 3.2 | I14: =IF($E14=0,0,$E14*$H14) | J14: =IF($I14=0,0,$I14-$E14) | K14: =IF($J14=0,0,$J14*YenidegerFonOran) | L14: =IF($G14=0,0,$J14/$G14) | M14: =IF($L14=0,0,$L14*YenidegerKurumlarVergiOran) | N14: =IFERROR(IF(YenidegerIskontoOrani=0,$M14*$G14,$M14*(1-1/(1+YenidegerIskontoOrani)^$G14)/YenidegerIskontoOrani),0) | O14: =$N14-$K14 | P14: =IF($J14<=0,"DEĞERLENDİR",IF($O14>0,"YENİDEN DEĞERLE","DEĞERLENDİR")) | Q14: =IF($B14="","",CONCATENATE("Kıymet: ",$B14," | Değer Artışı: ",TEXT($J14,"#,##0")))
A15: 10 | B15: Tesis | C15: 800000 | D15: 300000 | E15: =IF($C15=0,0,$C15-$D15) | F15: 0.04 | G15: 20 | H15: 2.4 | I15: =IF($E15=0,0,$E15*$H15) | J15: =IF($I15=0,0,$I15-$E15) | K15: =IF($J15=0,0,$J15*YenidegerFonOran) | L15: =IF($G15=0,0,$J15/$G15) | M15: =IF($L15=0,0,$L15*YenidegerKurumlarVergiOran) | N15: =IFERROR(IF(YenidegerIskontoOrani=0,$M15*$G15,$M15*(1-1/(1+YenidegerIskontoOrani)^$G15)/YenidegerIskontoOrani),0) | O15: =$N15-$K15 | P15: =IF($J15<=0,"DEĞERLENDİR",IF($O15>0,"YENİDEN DEĞERLE","DEĞERLENDİR")) | Q15: =IF($B15="","",CONCATENATE("Kıymet: ",$B15," | Değer Artışı: ",TEXT($J15,"#,##0")))
E16: =IF($C16=0,0,$C16-$D16) | I16: =IF($E16=0,0,$E16*$H16) | J16: =IF($I16=0,0,$I16-$E16) | K16: =IF($J16=0,0,$J16*YenidegerFonOran) | L16: =IF($G16=0,0,$J16/$G16) | M16: =IF($L16=0,0,$L16*YenidegerKurumlarVergiOran) | N16: =IFERROR(IF(YenidegerIskontoOrani=0,$M16*$G16,$M16*(1-1/(1+YenidegerIskontoOrani)^$G16)/YenidegerIskontoOrani),0) | O16: =$N16-$K16 | P16: =IF($J16<=0,"DEĞERLENDİR",IF($O16>0,"YENİDEN DEĞERLE","DEĞERLENDİR")) | Q16: =IF($B16="","",CONCATENATE("Kıymet: ",$B16," | Değer Artışı: ",TEXT($J16,"#,##0")))
E17: =IF($C17=0,0,$C17-$D17) | I17: =IF($E17=0,0,$E17*$H17) | J17: =IF($I17=0,0,$I17-$E17) | K17: =IF($J17=0,0,$J17*YenidegerFonOran) | L17: =IF($G17=0,0,$J17/$G17) | M17: =IF($L17=0,0,$L17*YenidegerKurumlarVergiOran) | N17: =IFERROR(IF(YenidegerIskontoOrani=0,$M17*$G17,$M17*(1-1/(1+YenidegerIskontoOrani)^$G17)/YenidegerIskontoOrani),0) | O17: =$N17-$K17 | P17: =IF($J17<=0,"DEĞERLENDİR",IF($O17>0,"YENİDEN DEĞERLE","DEĞERLENDİR")) | Q17: =IF($B17="","",CONCATENATE("Kıymet: ",$B17," | Değer Artışı: ",TEXT($J17,"#,##0")))
E18: =IF($C18=0,0,$C18-$D18) | I18: =IF($E18=0,0,$E18*$H18) | J18: =IF($I18=0,0,$I18-$E18) | K18: =IF($J18=0,0,$J18*YenidegerFonOran) | L18: =IF($G18=0,0,$J18/$G18) | M18: =IF($L18=0,0,$L18*YenidegerKurumlarVergiOran) | N18: =IFERROR(IF(YenidegerIskontoOrani=0,$M18*$G18,$M18*(1-1/(1+YenidegerIskontoOrani)^$G18)/YenidegerIskontoOrani),0) | O18: =$N18-$K18 | P18: =IF($J18<=0,"DEĞERLENDİR",IF($O18>0,"YENİDEN DEĞERLE","DEĞERLENDİR")) | Q18: =IF($B18="","",CONCATENATE("Kıymet: ",$B18," | Değer Artışı: ",TEXT($J18,"#,##0")))
E19: =IF($C19=0,0,$C19-$D19) | I19: =IF($E19=0,0,$E19*$H19) | J19: =IF($I19=0,0,$I19-$E19) | K19: =IF($J19=0,0,$J19*YenidegerFonOran) | L19: =IF($G19=0,0,$J19/$G19) | M19: =IF($L19=0,0,$L19*YenidegerKurumlarVergiOran) | N19: =IFERROR(IF(YenidegerIskontoOrani=0,$M19*$G19,$M19*(1-1/(1+YenidegerIskontoOrani)^$G19)/YenidegerIskontoOrani),0) | O19: =$N19-$K19 | P19: =IF($J19<=0,"DEĞERLENDİR",IF($O19>0,"YENİDEN DEĞERLE","DEĞERLENDİR")) | Q19: =IF($B19="","",CONCATENATE("Kıymet: ",$B19," | Değer Artışı: ",TEXT($J19,"#,##0")))
E20: =IF($C20=0,0,$C20-$D20) | I20: =IF($E20=0,0,$E20*$H20) | J20: =IF($I20=0,0,$I20-$E20) | K20: =IF($J20=0,0,$J20*YenidegerFonOran) | L20: =IF($G20=0,0,$J20/$G20) | M20: =IF($L20=0,0,$L20*YenidegerKurumlarVergiOran) | N20: =IFERROR(IF(YenidegerIskontoOrani=0,$M20*$G20,$M20*(1-1/(1+YenidegerIskontoOrani)^$G20)/YenidegerIskontoOrani),0) | O20: =$N20-$K20 | P20: =IF($J20<=0,"DEĞERLENDİR",IF($O20>0,"YENİDEN DEĞERLE","DEĞERLENDİR")) | Q20: =IF($B20="","",CONCATENATE("Kıymet: ",$B20," | Değer Artışı: ",TEXT($J20,"#,##0")))
E21: =IF($C21=0,0,$C21-$D21) | I21: =IF($E21=0,0,$E21*$H21) | J21: =IF($I21=0,0,$I21-$E21) | K21: =IF($J21=0,0,$J21*YenidegerFonOran) | L21: =IF($G21=0,0,$J21/$G21) | M21: =IF($L21=0,0,$L21*YenidegerKurumlarVergiOran) | N21: =IFERROR(IF(YenidegerIskontoOrani=0,$M21*$G21,$M21*(1-1/(1+YenidegerIskontoOrani)^$G21)/YenidegerIskontoOrani),0) | O21: =$N21-$K21 | P21: =IF($J21<=0,"DEĞERLENDİR",IF($O21>0,"YENİDEN DEĞERLE","DEĞERLENDİR")) | Q21: =IF($B21="","",CONCATENATE("Kıymet: ",$B21," | Değer Artışı: ",TEXT($J21,"#,##0")))
E22: =IF($C22=0,0,$C22-$D22) | I22: =IF($E22=0,0,$E22*$H22) | J22: =IF($I22=0,0,$I22-$E22) | K22: =IF($J22=0,0,$J22*YenidegerFonOran) | L22: =IF($G22=0,0,$J22/$G22) | M22: =IF($L22=0,0,$L22*YenidegerKurumlarVergiOran) | N22: =IFERROR(IF(YenidegerIskontoOrani=0,$M22*$G22,$M22*(1-1/(1+YenidegerIskontoOrani)^$G22)/YenidegerIskontoOrani),0) | O22: =$N22-$K22 | P22: =IF($J22<=0,"DEĞERLENDİR",IF($O22>0,"YENİDEN DEĞERLE","DEĞERLENDİR")) | Q22: =IF($B22="","",CONCATENATE("Kıymet: ",$B22," | Değer Artışı: ",TEXT($J22,"#,##0")))
E23: =IF($C23=0,0,$C23-$D23) | I23: =IF($E23=0,0,$E23*$H23) | J23: =IF($I23=0,0,$I23-$E23) | K23: =IF($J23=0,0,$J23*YenidegerFonOran) | L23: =IF($G23=0,0,$J23/$G23) | M23: =IF($L23=0,0,$L23*YenidegerKurumlarVergiOran) | N23: =IFERROR(IF(YenidegerIskontoOrani=0,$M23*$G23,$M23*(1-1/(1+YenidegerIskontoOrani)^$G23)/YenidegerIskontoOrani),0) | O23: =$N23-$K23 | P23: =IF($J23<=0,"DEĞERLENDİR",IF($O23>0,"YENİDEN DEĞERLE","DEĞERLENDİR")) | Q23: =IF($B23="","",CONCATENATE("Kıymet: ",$B23," | Değer Artışı: ",TEXT($J23,"#,##0")))
E24: =IF($C24=0,0,$C24-$D24) | I24: =IF($E24=0,0,$E24*$H24) | J24: =IF($I24=0,0,$I24-$E24) | K24: =IF($J24=0,0,$J24*YenidegerFonOran) | L24: =IF($G24=0,0,$J24/$G24) | M24: =IF($L24=0,0,$L24*YenidegerKurumlarVergiOran) | N24: =IFERROR(IF(YenidegerIskontoOrani=0,$M24*$G24,$M24*(1-1/(1+YenidegerIskontoOrani)^$G24)/YenidegerIskontoOrani),0) | O24: =$N24-$K24 | P24: =IF($J24<=0,"DEĞERLENDİR",IF($O24>0,"YENİDEN DEĞERLE","DEĞERLENDİR")) | Q24: =IF($B24="","",CONCATENATE("Kıymet: ",$B24," | Değer Artışı: ",TEXT($J24,"#,##0")))
E25: =IF($C25=0,0,$C25-$D25) | I25: =IF($E25=0,0,$E25*$H25) | J25: =IF($I25=0,0,$I25-$E25) | K25: =IF($J25=0,0,$J25*YenidegerFonOran) | L25: =IF($G25=0,0,$J25/$G25) | M25: =IF($L25=0,0,$L25*YenidegerKurumlarVergiOran) | N25: =IFERROR(IF(YenidegerIskontoOrani=0,$M25*$G25,$M25*(1-1/(1+YenidegerIskontoOrani)^$G25)/YenidegerIskontoOrani),0) | O25: =$N25-$K25 | P25: =IF($J25<=0,"DEĞERLENDİR",IF($O25>0,"YENİDEN DEĞERLE","DEĞERLENDİR")) | Q25: =IF($B25="","",CONCATENATE("Kıymet: ",$B25," | Değer Artışı: ",TEXT($J25,"#,##0")))
E26: =IF($C26=0,0,$C26-$D26) | I26: =IF($E26=0,0,$E26*$H26) | J26: =IF($I26=0,0,$I26-$E26) | K26: =IF($J26=0,0,$J26*YenidegerFonOran) | L26: =IF($G26=0,0,$J26/$G26) | M26: =IF($L26=0,0,$L26*YenidegerKurumlarVergiOran) | N26: =IFERROR(IF(YenidegerIskontoOrani=0,$M26*$G26,$M26*(1-1/(1+YenidegerIskontoOrani)^$G26)/YenidegerIskontoOrani),0) | O26: =$N26-$K26 | P26: =IF($J26<=0,"DEĞERLENDİR",IF($O26>0,"YENİDEN DEĞERLE","DEĞERLENDİR")) | Q26: =IF($B26="","",CONCATENATE("Kıymet: ",$B26," | Değer Artışı: ",TEXT($J26,"#,##0")))
E27: =IF($C27=0,0,$C27-$D27) | I27: =IF($E27=0,0,$E27*$H27) | J27: =IF($I27=0,0,$I27-$E27) | K27: =IF($J27=0,0,$J27*YenidegerFonOran) | L27: =IF($G27=0,0,$J27/$G27) | M27: =IF($L27=0,0,$L27*YenidegerKurumlarVergiOran) | N27: =IFERROR(IF(YenidegerIskontoOrani=0,$M27*$G27,$M27*(1-1/(1+YenidegerIskontoOrani)^$G27)/YenidegerIskontoOrani),0) | O27: =$N27-$K27 | P27: =IF($J27<=0,"DEĞERLENDİR",IF($O27>0,"YENİDEN DEĞERLE","DEĞERLENDİR")) | Q27: =IF($B27="","",CONCATENATE("Kıymet: ",$B27," | Değer Artışı: ",TEXT($J27,"#,##0")))
... E1004: =IF($C1004=0,0,$C1004-$D1004) | I1004: =IF($E1004=0,0,$E1004*$H1004) | J1004: =IF($I1004=0,0,$I1004-$E1004) | K1004: =IF($J1004=0,0,$J1004*YenidegerFonOran) | L1004: =IF($G1004=0,0,$J1004/$G1004) | M1004: =IF($L1004=0,0,$L1004*YenidegerKurumlarVergiOran) | N1004: =IFERROR(IF(YenidegerIskontoOrani=0,$M1004*$G1004,$M1004*(1-1/(1+YenidegerIskontoOrani)^$G1004)/YenidegerIskontoOrani),0) | O1004: =$N1004-$K1004 | P1004: =IF($J1004<=0,"DEĞERLENDİR",IF($O1004>0,"YENİDEN DEĞERLE","DEĞERLENDİR")) | Q1004: =IF($B1004="","",CONCATENATE("Kıymet: ",$B1004," | Değer Artışı: ",TEXT($J1004,"#,##0")))
A1006: Sarı hücreler manuel giriştir; formül hücreleri kilitli ve korumalıdır.

Sheet HESAP
A1: HESAP — Yeniden Değerleme Yapmalı Mıyım? (Vergi Tasarruf Analizi)
A3: Kıymet Türü Bazlı Yeniden Değerleme Hesabı
A4: Aşağıdaki özet kıymet türlerine göre listeden otomatik beslenir; elle değiştirilmez.
A5: Kıymet Türü | B5: Net Defter Değeri | C5: Değer Artışı | D5: Fon Vergisi | E5: Yıllık Ek Amortisman | F5: Yıllık Vergi Tasarrufu | G5: Tasarruf Bugünkü Değeri | H5: Net Fayda | I5: Öneri
A6: Bina | B6: =SUMIFS(tblKiyamet[Net Defter Değeri],tblKiyamet[Kıymet Türü],$A6) | C6: =SUMIFS(tblKiyamet[Değer Artışı],tblKiyamet[Kıymet Türü],$A6) | D6: =SUMIFS(tblKiyamet[Fon Vergisi],tblKiyamet[Kıymet Türü],$A6) | E6: =SUMIFS(tblKiyamet[Yıllık Ek Amortisman],tblKiyamet[Kıymet Türü],$A6) | F6: =SUMIFS(tblKiyamet[Yıllık Vergi Tasarrufu],tblKiyamet[Kıymet Türü],$A6) | G6: =SUMIFS(tblKiyamet[Tasarruf Bugünkü Değeri],tblKiyamet[Kıymet Türü],$A6) | H6: =SUMIFS(tblKiyamet[Net Fayda],tblKiyamet[Kıymet Türü],$A6) | I6: =IF(B6<=0,"VERİ YOK",IF(H6>0,"YENİDEN DEĞERLE","DEĞERLENDİR"))
A7: Arazi | B7: =SUMIFS(tblKiyamet[Net Defter Değeri],tblKiyamet[Kıymet Türü],$A7) | C7: =SUMIFS(tblKiyamet[Değer Artışı],tblKiyamet[Kıymet Türü],$A7) | D7: =SUMIFS(tblKiyamet[Fon Vergisi],tblKiyamet[Kıymet Türü],$A7) | E7: =SUMIFS(tblKiyamet[Yıllık Ek Amortisman],tblKiyamet[Kıymet Türü],$A7) | F7: =SUMIFS(tblKiyamet[Yıllık Vergi Tasarrufu],tblKiyamet[Kıymet Türü],$A7) | G7: =SUMIFS(tblKiyamet[Tasarruf Bugünkü Değeri],tblKiyamet[Kıymet Türü],$A7) | H7: =SUMIFS(tblKiyamet[Net Fayda],tblKiyamet[Kıymet Türü],$A7) | I7: =IF(B7<=0,"VERİ YOK",IF(H7>0,"YENİDEN DEĞERLE","DEĞERLENDİR"))
A8: Makine | B8: =SUMIFS(tblKiyamet[Net Defter Değeri],tblKiyamet[Kıymet Türü],$A8) | C8: =SUMIFS(tblKiyamet[Değer Artışı],tblKiyamet[Kıymet Türü],$A8) | D8: =SUMIFS(tblKiyamet[Fon Vergisi],tblKiyamet[Kıymet Türü],$A8) | E8: =SUMIFS(tblKiyamet[Yıllık Ek Amortisman],tblKiyamet[Kıymet Türü],$A8) | F8: =SUMIFS(tblKiyamet[Yıllık Vergi Tasarrufu],tblKiyamet[Kıymet Türü],$A8) | G8: =SUMIFS(tblKiyamet[Tasarruf Bugünkü Değeri],tblKiyamet[Kıymet Türü],$A8) | H8: =SUMIFS(tblKiyamet[Net Fayda],tblKiyamet[Kıymet Türü],$A8) | I8: =IF(B8<=0,"VERİ YOK",IF(H8>0,"YENİDEN DEĞERLE","DEĞERLENDİR"))
A9: Tesis | B9: =SUMIFS(tblKiyamet[Net Defter Değeri],tblKiyamet[Kıymet Türü],$A9) | C9: =SUMIFS(tblKiyamet[Değer Artışı],tblKiyamet[Kıymet Türü],$A9) | D9: =SUMIFS(tblKiyamet[Fon Vergisi],tblKiyamet[Kıymet Türü],$A9) | E9: =SUMIFS(tblKiyamet[Yıllık Ek Amortisman],tblKiyamet[Kıymet Türü],$A9) | F9: =SUMIFS(tblKiyamet[Yıllık Vergi Tasarrufu],tblKiyamet[Kıymet Türü],$A9) | G9: =SUMIFS(tblKiyamet[Tasarruf Bugünkü Değeri],tblKiyamet[Kıymet Türü],$A9) | H9: =SUMIFS(tblKiyamet[Net Fayda],tblKiyamet[Kıymet Türü],$A9) | I9: =IF(B9<=0,"VERİ YOK",IF(H9>0,"YENİDEN DEĞERLE","DEĞERLENDİR"))
A10: Taşıt | B10: =SUMIFS(tblKiyamet[Net Defter Değeri],tblKiyamet[Kıymet Türü],$A10) | C10: =SUMIFS(tblKiyamet[Değer Artışı],tblKiyamet[Kıymet Türü],$A10) | D10: =SUMIFS(tblKiyamet[Fon Vergisi],tblKiyamet[Kıymet Türü],$A10) | E10: =SUMIFS(tblKiyamet[Yıllık Ek Amortisman],tblKiyamet[Kıymet Türü],$A10) | F10: =SUMIFS(tblKiyamet[Yıllık Vergi Tasarrufu],tblKiyamet[Kıymet Türü],$A10) | G10: =SUMIFS(tblKiyamet[Tasarruf Bugünkü Değeri],tblKiyamet[Kıymet Türü],$A10) | H10: =SUMIFS(tblKiyamet[Net Fayda],tblKiyamet[Kıymet Türü],$A10) | I10: =IF(B10<=0,"VERİ YOK",IF(H10>0,"YENİDEN DEĞERLE","DEĞERLENDİR"))
A11: Diğer | B11: =SUMIFS(tblKiyamet[Net Defter Değeri],tblKiyamet[Kıymet Türü],$A11) | C11: =SUMIFS(tblKiyamet[Değer Artışı],tblKiyamet[Kıymet Türü],$A11) | D11: =SUMIFS(tblKiyamet[Fon Vergisi],tblKiyamet[Kıymet Türü],$A11) | E11: =SUMIFS(tblKiyamet[Yıllık Ek Amortisman],tblKiyamet[Kıymet Türü],$A11) | F11: =SUMIFS(tblKiyamet[Yıllık Vergi Tasarrufu],tblKiyamet[Kıymet Türü],$A11) | G11: =SUMIFS(tblKiyamet[Tasarruf Bugünkü Değeri],tblKiyamet[Kıymet Türü],$A11) | H11: =SUMIFS(tblKiyamet[Net Fayda],tblKiyamet[Kıymet Türü],$A11) | I11: =IF(B11<=0,"VERİ YOK",IF(H11>0,"YENİDEN DEĞERLE","DEĞERLENDİR"))
A12: TOPLAM | B12: =SUM(B6:B11) | C12: =SUM(C6:C11) | D12: =SUM(D6:D11) | E12: =SUM(E6:E11) | F12: =SUM(F6:F11) | G12: =SUM(G6:G11) | H12: =SUM(H6:H11) | I12: =IF(H12>0,"YENİDEN DEĞERLE","DEĞERLENDİR")
A13: Toplam Net Defter Değeri (TL) | B13: =B12
A14: Net Fayda (TL) | B14: =H12
A15: Fon Vergisi Yükü (TL) | B15: =D12
A16: Toplam Değer Artışı (TL) | B16: =C12
A17: Yıllık Vergi Tasarrufu (TL) | B17: =F12
A18: Tasarruf Bugünkü Değeri (TL) | B18: =G12
A19: Kalan Ömür Ortalaması (Yıl) | B19: =IFERROR(AVERAGE(tblKiyamet[Kalan Faydalı Ömür]),0)
A20: Kıymet Adedi | B20: =COUNTA(tblKiyamet[Kıymet Türü])
A21: Net Fayda Verimliliği (NBD/Fon) | B21: =IFERROR(H12/D12,0)
A23: Hesap satırları yalnızca kıymet listesinden beslenir; korumalıdır.

Sheet ANALITIK_MOTOR
A1: ANALITIK MOTOR — Yeniden Değerleme Yapmalı Mıyım? (Vergi Tasarruf Analizi)
A3: ANALİTİK MOTOR — DERİNLİK KATMANI
A5: Kod | B5: Gösterge | C5: Değer | D5: Makine Yorumu
A6: T1 | B6: Ortalama Değer Artışı Oranı | C6: =IFERROR(IF(AVERAGE(tblKiyamet[Net Defter Değeri])=0,0,AVERAGE(tblKiyamet[Değer Artışı])/AVERAGE(tblKiyamet[Net Defter Değeri])),0) | D6: =_xlfn.TEXTJOIN("; ",TRUE(),"Ortalama değer artışı oranı ",TEXT(C6,"0.0%")," — katsayı uygulamasının ortalama büyütme gücünü gösterir")
A7: T2 | B7: Ortalama Yeniden Değerleme Katsayısı | C7: =IFERROR(AVERAGE(tblKiyamet[Yeniden Değerleme Katsayısı]),0) | D7: =_xlfn.TEXTJOIN("; ",TRUE(),"Ortalama yeniden değerleme katsayısı ",TEXT(C7,"0.00")," — katsayı büyüdükçe fon yükü de büyür")
A8: O1 | B8: Net Fayda Sapması (MAD) | C8: =IFERROR(AVEDEV(tblKiyamet[Net Fayda]),0) | D8: =_xlfn.TEXTJOIN("; ",TRUE(),"Net fayda ortalama mutlak sapması ",TEXT(C8,"₺ #,##0")," TL — sapma yüksekse kıymet portföyü heterojendir")
A9: O2 | B9: En Yüksek Net Fayda | C9: =IFERROR(MAX(tblKiyamet[Net Fayda]),0) | D9: =_xlfn.TEXTJOIN("; ",TRUE(),"En yüksek net faydalı kıymet ",TEXT(C9,"₺ #,##0")," TL — bu kıymet yeniden değerlemeye en uygun adaydır")
A10: O3 | B10: Senaryo Bant Genişliği | C10: =SENARYO_DUYARLILIK!C7-SENARYO_DUYARLILIK!C10 | D10: =_xlfn.TEXTJOIN("; ",TRUE(),"İyimser ile kritik senaryo net fayda farkı ",TEXT(C10,"₺ #,##0")," TL — iskonto belirsizliğinin etkisini gösterir")
A11: O6 | B11: Değer Artışı Yoğunlaşması (HHI) | C11: =IFERROR(IF(SUM(HESAP!$C$6:$C$11)=0,0,SUMPRODUCT((HESAP!$C$6:$C$11/SUM(HESAP!$C$6:$C$11))^2)),0) | D11: =_xlfn.TEXTJOIN("; ",TRUE(),"Değer artışı yoğunlaşma endeksi ",TEXT(C11,"0.000")," — 1 e yaklaştıkça fayda tek türden gelir")
A12: O8 | B12: Veri Kalite Skoru | C12: =KONTROLLER!B19 | D12: =_xlfn.TEXTJOIN("; ",TRUE(),"Veri kalite skoru ",TEXT(C12,"0")," puan — ",IF(C12>=YenidegerKaliteIyi,"yüksek güven","veri girişi tamamlanmalı"))
A13: I1 | B13: Gelecek Dönem Net Fayda Tahmini | C13: =PANO!B30 | D13: =_xlfn.TEXTJOIN("; ",TRUE(),"Gelecek dönem net fayda tahmini ",TEXT(C13,"₺ #,##0")," TL — güven bandı için alt/üst sınır PANO sayfasındadır")
A14: I2 | B14: Net Fayda Yüzdelik P90 | C14: =IFERROR(_xlfn.PERCENTILE.INC(tblKiyamet[Net Fayda],YenidegerP90Oran),0) | D14: =_xlfn.TEXTJOIN("; ",TRUE(),"Kıymet net faydalarının %90 ı ",TEXT(C14,"₺ #,##0")," altında gerçekleşir — üst sınır portföy seçiminde kullanılabilir")

Sheet KONTROLLER
A1: KONTROLLER — Yeniden Değerleme Yapmalı Mıyım? (Vergi Tasarruf Analizi)
A3: Giriş Kalite Kontrolleri
A4: Aşağıdaki kontroller canlı formüllerle çalışır; sorun varsa uyarı üretir.
A6: Boş kıymet türü satırı var mı? | B6: =IF(COUNTBLANK(tblKiyamet[Kıymet Türü])=0,"TEMİZ","BOŞ VAR")
A7: Boş defter değeri var mı? | B7: =IF(COUNTBLANK(tblKiyamet[Defter Değeri (Brüt)])=0,"TEMİZ","BOŞ VAR")
A8: Negatif defter değeri var mı? | B8: =IF(COUNTIF(tblKiyamet[Defter Değeri (Brüt)],"<0")=0,"TEMİZ","NEGATİF VAR")
A9: Negatif amortisman var mı? | B9: =IF(COUNTIF(tblKiyamet[Birikmiş Amortisman],"<0")=0,"TEMİZ","NEGATİF VAR")
A10: Katsayı 1'in altında mı? | B10: =IF(COUNTIF(tblKiyamet[Yeniden Değerleme Katsayısı],"<1")=0,"TEMİZ","KATSAYI <1 VAR")
A11: Kalan ömür boş mu? | B11: =IF(COUNTBLANK(tblKiyamet[Kalan Faydalı Ömür])=0,"TEMİZ","BOŞ VAR")
A12: Fon yükü eşiği aşılıyor mu? | B12: =IF(HESAP!D12>YenidegerFonEsik,"AŞIYOR","NORMAL")
A13: Net fayda eşiği aşılıyor mu? | B13: =IF(HESAP!H12>YenidegerNbdEsik,"AŞIYOR","NORMAL")
A15: Veri Kalitesi Skoru (0-100)
A16: Temel giriş kolonlarının dolu olma oranına göre üretilen kalite skoru.
A17: Toplam Giriş Hücresi | B17: =COUNTA(tblKiyamet[Kıymet Türü])*YenidegerTemelKolonSayisi
A18: Dolu Giriş Hücresi | B18: =COUNTA(tblKiyamet[Kıymet Türü])+COUNTA(tblKiyamet[Defter Değeri (Brüt)])+COUNTA(tblKiyamet[Birikmiş Amortisman])+COUNTA(tblKiyamet[Kalan Faydalı Ömür])+COUNTA(tblKiyamet[Yeniden Değerleme Katsayısı])
A19: Kalite Skoru | B19: =ROUND(IF(YenidegerToplamGiris=0,0,YenidegerDoluGiris/YenidegerToplamGiris*100),0)
A20: Kalite Seviyesi | B20: =IF(B19>=YenidegerKaliteIyi,"YÜKSEK",IF(B19>=YenidegerKaliteOrta,"ORTA","DÜŞÜK"))
A22: Kontroller yalnızca giriş verisini denetler; değerleri değiştirmez.

Sheet KARAR
A1: KARAR — Yeniden Değerleme Yapmalı Mıyım? (Vergi Tasarruf Analizi)
A3: Karar Kapısı — Yeniden Değerleme Vergi Tasarrufu
A4: Net fayda (tasarruf eksi fon), değer artışı ve veri kalitesine göre üretilen karar.
A6: Toplam Değer Artışı (TL) | B6: =HESAP!C12
A7: Fon Vergisi Yükü (TL) | B7: =HESAP!D12
A8: Yıllık Vergi Tasarrufu (TL) | B8: =HESAP!F12
A9: Net Fayda (TL) | B9: =HESAP!H12
A11: KARAR | B11: =IF(COUNTA(tblKiyamet[Kıymet Türü])=0,"VERİ YOK",IF(COUNTIF(tblKiyamet[Defter Değeri (Brüt)],"<0")>0,"DURDUR",IF(COUNTIF(tblKiyamet[Birikmiş Amortisman],"<0")>0,"DURDUR",IF(SUM(tblKiyamet[Net Fayda])>YenidegerNbdEsik,"UYGUN",IF(SUM(tblKiyamet[Değer Artışı])>YenidegerArtisEsik,"İNCELE","DURDUR")))))
A12: Gerekçe | B12: =IF(COUNTIF(tblKiyamet[Defter Değeri (Brüt)],"<0")>0,"Negatif defter değeri girişi tespit edildi; veriler mutlaka düzeltilmeli.",IF(COUNTIF(tblKiyamet[Birikmiş Amortisman],"<0")>0,"Negatif amortisman girişi tespit edildi; veriler mutlaka düzeltilmeli.",IF(SUM(tblKiyamet[Net Fayda])>YenidegerNbdEsik,"Yeniden değerlemenin vergi tasarrufu bugünkü değeri fon maliyetinin üzerinde; yeniden değerleme önerilir.",IF(SUM(tblKiyamet[Değer Artışı])>YenidegerArtisEsik,"Değer artışı eşiğin üzerinde ancak net fayda pozitif değil; kalan ömür, iskonto oranı ve fon oranı yeniden incelenmeli.","Karar kapısı uygun değil; yeniden değerleme net fayda üretmiyor."))))
A14: Önerilen Aksiyonlar
A15: Aksiyon 1 | B15: =YenidegerAksiyon1_ACIKLAMA
A16: Aksiyon 2 | B16: =YenidegerAksiyon2_ACIKLAMA
A17: Aksiyon 3 | B17: =YenidegerAksiyon3_ACIKLAMA
A19: Karar yalnızca giriş verisi ve AYARLAR'daki oran/eşiklerden türetilir; mali müşavir görüşü değildir.

Sheet SENARYO_DUYARLILIK
A1: SENARYO DUYARLILIK — Yeniden Değerleme Yapmalı Mıyım? (Vergi Tasarruf Analizi)
A3: Senaryo ve Duyarlılık Analizi
A4: Farklı iskonto oranlarında net fayda bant aralığı; ardından hangi değişkenin sonucu en çok etkilediğini gösteren tornado analizi.
A6: Senaryo | B6: İskonto Oranı | C6: Net Fayda (NBD-Fon) | D6: Durum
A7: İYİMSER | B7: =AYARLAR!$B$14 | C7: =IFERROR(YenidegerYillikTasarruf*(1-1/(1+AYARLAR!$B$14)^YenidegerKalanOmurOrtalama)/AYARLAR!$B$14-YenidegerFonToplam,0) | D7: =IF(C7>0,"ÖNERİLİR","DEĞERLENDİR")
A8: BAZ | B8: =AYARLAR!$B$15 | C8: =IFERROR(YenidegerYillikTasarruf*(1-1/(1+AYARLAR!$B$15)^YenidegerKalanOmurOrtalama)/AYARLAR!$B$15-YenidegerFonToplam,0) | D8: =IF(C8>0,"ÖNERİLİR","DEĞERLENDİR")
A9: KÖTÜMSER | B9: =AYARLAR!$B$16 | C9: =IFERROR(YenidegerYillikTasarruf*(1-1/(1+AYARLAR!$B$16)^YenidegerKalanOmurOrtalama)/AYARLAR!$B$16-YenidegerFonToplam,0) | D9: =IF(C9>0,"ÖNERİLİR","DEĞERLENDİR")
A10: KRİTİK | B10: =AYARLAR!$B$17 | C10: =IFERROR(YenidegerYillikTasarruf*(1-1/(1+AYARLAR!$B$17)^YenidegerKalanOmurOrtalama)/AYARLAR!$B$17-YenidegerFonToplam,0) | D10: =IF(C10>0,"ÖNERİLİR","DEĞERLENDİR")
A12: Tornado: Net Faydaya Etki
A13: İskonto Oranı +%1 Etkisi | B13: =IFERROR(ABS(YenidegerYillikTasarruf*(1-1/(1+AYARLAR!$B$15+AYARLAR!$B$21)^YenidegerKalanOmurOrtalama)/(AYARLAR!$B$15+AYARLAR!$B$21)-C8),0)
A14: Fon Oranı +%1 Etkisi | B14: =IFERROR(ABS(YenidegerFonToplam*AYARLAR!$B$22/AYARLAR!$B$11),0)
A16: En Etkili Değişken | B16: =IF(B13>=B14,"İskonto Oranı","Fon Oranı")
A18: Senaryo iskonto oranları ve tornado çarpanları AYARLAR'dan türetilir.

Sheet RAPOR
A1: YENİDEN DEĞERLEME — YÖNETİCİ ÖZETİ
A2: =_xlfn.CONCAT("Rapor Tarihi: ",TEXT(RaporTarihi,"dd.mm.yyyy")," | Hazırlayan: ",RaporHazirlayan," | Sürüm: ",DosyaSurumu)
A4: Karar | B4: =KARAR!B11
A6: Toplam Değer Artışı (TL) | B6: =HESAP!C12
A7: Fon Vergisi Yükü (TL) | B7: =HESAP!D12
A8: Yıllık Vergi Tasarrufu (TL) | B8: =HESAP!F12
A9: Tasarruf Bugünkü Değeri (TL) | B9: =HESAP!G12
A10: Net Fayda (TL) | B10: =HESAP!H12
A11: Net Fayda Verimliliği (NBD/Fon) | B11: =HESAP!B21
A12: Kıymet Adedi | B12: =HESAP!B20
A13: Ortalama Değer Artışı Oranı | B13: =ANALITIK_MOTOR!C6
A14: Kalite Skoru | B14: =KONTROLLER!B19
A16: Varsayımlar ve Önemli Notlar
A17: • Değer artışı, değerlenmiş net değer eksi net defter değeri olarak hesaplanır.
A18: • Fon vergisi, değer artışı üzerinden VUK Geçici 31 kapsamında %2 olarak alınır (oran AYARLAR'dan değişir).
A19: • Vergi tasarrufu, yıllık ek amortismanın kurumlar vergisi oranı ile çarpımıdır; iskonto oranıyla bugünkü değere indirgenir.
A20: • Arazi gibi amortismana tabi olmayan kıymetlerde ek amortisman yoktur; net fayda fon yükü kadar negatif kalır.
A21: • Bu dosya karar destek aracıdır; mali müşavir veya vergi danışmanı görüşü yerine geçmez.
A22: • Demo veriler gerçek müşteri verisi değildir; kullanımdan önce temizlenmelidir.
A24: Önerilen Aksiyonlar
A25: =YenidegerAksiyon1_ACIKLAMA
A26: =YenidegerAksiyon2_ACIKLAMA
A27: =YenidegerAksiyon3_ACIKLAMA
A29: Bu rapor karar destek amaçlıdır; mali tavsiye niteliği taşımaz.

Sheet ORNEK_VERI
A1: ORNEK VERI — Yeniden Değerleme Yapmalı Mıyım? (Vergi Tasarruf Analizi)
A3: Örnek Veri (Demo)
A4: Gerçek girişlere başlamadan önce demo veri ile ürünü deneyin. Bu satırlar örnektir; gerçek verilerle değiştirin.
A5: Kayıt Sırası | B5: Kıymet Türü | C5: Defter Değeri (Brüt) | D5: Birikmiş Amortisman | E5: Net Defter Değeri | F5: Yeniden Değerleme Katsayısı | G5: Değer Artışı | H5: Not
A6: 1 | B6: Bina | C6: 500000 | D6: 200000 | E6: =IF($C6=0,0,$C6-$D6) | F6: 2.5 | G6: =IF($E6=0,0,$E6*($F6-1)) | H6: =IF($B6="","",CONCATENATE("Örnek kıymet: ",$B6))
A7: 2 | B7: Bina | C7: 300000 | D7: 100000 | E7: =IF($C7=0,0,$C7-$D7) | F7: 2.2 | G7: =IF($E7=0,0,$E7*($F7-1)) | H7: =IF($B7="","",CONCATENATE("Örnek kıymet: ",$B7))
A8: 3 | B8: Makine | C8: 250000 | D8: 120000 | E8: =IF($C8=0,0,$C8-$D8) | F8: 3.1 | G8: =IF($E8=0,0,$E8*($F8-1)) | H8: =IF($B8="","",CONCATENATE("Örnek kıymet: ",$B8))
A9: 4 | B9: Makine | C9: 400000 | D9: 220000 | E9: =IF($C9=0,0,$C9-$D9) | F9: 2.8 | G9: =IF($E9=0,0,$E9*($F9-1)) | H9: =IF($B9="","",CONCATENATE("Örnek kıymet: ",$B9))
A10: 5 | B10: Tesis | C10: 1500000 | D10: 600000 | E10: =IF($C10=0,0,$C10-$D10) | F10: 2.3 | G10: =IF($E10=0,0,$E10*($F10-1)) | H10: =IF($B10="","",CONCATENATE("Örnek kıymet: ",$B10))
A11: 6 | B11: Taşıt | C11: 120000 | D11: 80000 | E11: =IF($C11=0,0,$C11-$D11) | F11: 1.9 | G11: =IF($E11=0,0,$E11*($F11-1)) | H11: =IF($B11="","",CONCATENATE("Örnek kıymet: ",$B11))
E12: =IF($C12=0,0,$C12-$D12) | G12: =IF($E12=0,0,$E12*($F12-1)) | H12: =IF($B12="","",CONCATENATE("Örnek kıymet: ",$B12))
E13: =IF($C13=0,0,$C13-$D13) | G13: =IF($E13=0,0,$E13*($F13-1)) | H13: =IF($B13="","",CONCATENATE("Örnek kıymet: ",$B13))
E14: =IF($C14=0,0,$C14-$D14) | G14: =IF($E14=0,0,$E14*($F14-1)) | H14: =IF($B14="","",CONCATENATE("Örnek kıymet: ",$B14))
E15: =IF($C15=0,0,$C15-$D15) | G15: =IF($E15=0,0,$E15*($F15-1)) | H15: =IF($B15="","",CONCATENATE("Örnek kıymet: ",$B15))
E16: =IF($C16=0,0,$C16-$D16) | G16: =IF($E16=0,0,$E16*($F16-1)) | H16: =IF($B16="","",CONCATENATE("Örnek kıymet: ",$B16))
E17: =IF($C17=0,0,$C17-$D17) | G17: =IF($E17=0,0,$E17*($F17-1)) | H17: =IF($B17="","",CONCATENATE("Örnek kıymet: ",$B17))
E18: =IF($C18=0,0,$C18-$D18) | G18: =IF($E18=0,0,$E18*($F18-1)) | H18: =IF($B18="","",CONCATENATE("Örnek kıymet: ",$B18))
E19: =IF($C19=0,0,$C19-$D19) | G19: =IF($E19=0,0,$E19*($F19-1)) | H19: =IF($B19="","",CONCATENATE("Örnek kıymet: ",$B19))
E20: =IF($C20=0,0,$C20-$D20) | G20: =IF($E20=0,0,$E20*($F20-1)) | H20: =IF($B20="","",CONCATENATE("Örnek kıymet: ",$B20))
E21: =IF($C21=0,0,$C21-$D21) | G21: =IF($E21=0,0,$E21*($F21-1)) | H21: =IF($B21="","",CONCATENATE("Örnek kıymet: ",$B21))
E22: =IF($C22=0,0,$C22-$D22) | G22: =IF($E22=0,0,$E22*($F22-1)) | H22: =IF($B22="","",CONCATENATE("Örnek kıymet: ",$B22))
E23: =IF($C23=0,0,$C23-$D23) | G23: =IF($E23=0,0,$E23*($F23-1)) | H23: =IF($B23="","",CONCATENATE("Örnek kıymet: ",$B23))
... E1004: =IF($C1004=0,0,$C1004-$D1004) | G1004: =IF($E1004=0,0,$E1004*($F1004-1)) | H1004: =IF($B1004="","",CONCATENATE("Örnek kıymet: ",$B1004))
A1006: Demo veriler rapor sonuçlarını örnekler; satın alma sonrası silinerek gerçek veriler girilir.

Sheet KURALLAR
A1: KURALLAR — eski35_yeniden-degerleme-yapmali-miyim-vergi-tasarruf-analizi_uretildi
A3: kural_id | B3: aciklama | C3: deger_2025 | D3: deger_2026 | E3: deger_2027 | F3: kaynak
A4: K1 | B4: Kurumlar vergisi oranı | C4: 0.25 | D4: 0.25 | E4: 0.25 | F4: KV
A5: K2 | B5: İskonto / referans oran | C5: 0.2 | D5: 0.2 | E5: 0.2 | F5: AYARLAR

Sheet VAKALAR
A1: VAKALAR — eski35_yeniden-degerleme-yapmali-miyim-vergi-tasarruf-analizi_uretildi
A3: Tebliğ tarzı altın vakalar
A5: vaka_id | B5: aciklama | C5: girdi_ozeti | D5: beklenen_sonuc | E5: hesaplanan | F5: fark | G5: durum | H5: kaynak
A6: V1 | B6: Baz senaryo tutarlılık | C6: örnek girdi | D6: 0 | E6: 0 | F6: 0 | G6: TUTARLI | H6: iç test

Sheet DEGISIKLIK_KAYDI
A1: DEGISIKLIK KAYDI — Yeniden Değerleme Yapmalı Mıyım? (Vergi Tasarruf Analizi)
A3: Değişiklik Kaydı
A4: Tarih | B4: Sürüm | C4: Değişiklik | D4: Neden | E4: Yapan
A5: 10.08.2026 | B5: 1.0.0 | C5: İlk üretim | D5: Ürünün yayına hazırlanması | E5: ExcelArşiv

Sheet LISTELER
A1: LISTELER — Yeniden Değerleme Yapmalı Mıyım? (Vergi Tasarruf Analizi)
A3: Bağlı Listeler
A4: Bu sayfadaki listeler açılır menüleri besler; yeni seçenek eklemek için sarı hücrelere yazın.
A6: Kıymet Türü
A7: Bina
A8: Arazi
A9: Makine
A10: Tesis
A11: Taşıt
A12: Diğer

Sheet AYARLAR
A1: AYARLAR — Yeniden Değerleme Yapmalı Mıyım? (Vergi Tasarruf Analizi)
A3: Sistem Ayarları ve Oranlar
A4: Tüm sabitler bu sayfadadır. Fon oranı, kurumlar vergisi oranı ve iskonto oranını güncelleyin; değişen her değer tüm hesaplamalara anında yansır.
A6: anahtar | B6: deger | C6: birim | D6: alt | E6: ust | F6: aciklama | G6: kaynak | H6: yururluk_tarihi | I6: dogrulama_tarihi
A7: FirmaUnvan | B7: Örnek Firma A.Ş. | C7: Metin | F7: Rapor ve kapakta görünen firma adı. | G7: Kullanıcı | H7: 46023 | I7: 46244
A8: RaporTarihi | B8: 46244 | C8: Tarih | F8: Tüm hesapların ve kararın alındığı tarih. | G8: Kullanıcı | H8: 46023 | I8: 46244
A9: RaporHazirlayan | B9: Mali İşler Direktörü | C9: Metin | F9: Raporu hazırlayan kişi/rol. | G9: Kullanıcı | H9: 46023 | I9: 46244
A10: DosyaSurumu | B10: 1.0.0 | C10: Metin | F10: Ürün sürüm bilgisi; rapor alt bilgisinde görünür. | G10: Kullanıcı | H10: 46023 | I10: 46244
A11: YenidegerFonOran | B11: 0.02 | C11: Oran | D11: 0 | E11: 0.1 | F11: Değer artışı üzerinden alınan fon vergisi oranı (%2). | G11: Mevzuat (VUK Geçici 31) | H11: 46023 | I11: 46244
A12: YenidegerKurumlarVergiOran | B12: 0.25 | C12: Oran | D12: 0 | E12: 1 | F12: Kurumlar vergisi oranı (%25); tasarruf hesabında kullanılır. | G12: Mevzuat (KVK Md. 32) | H12: 46023 | I12: 46244
A13: YenidegerIskontoOrani | B13: 0.15 | C13: Oran | D13: 0 | E13: 1 | F13: Tasarrufları bugünkü değere indirgemede kullanılan iskonto oranı. | G13: Varsayım | H13: 46023 | I13: 46244
A14: YenidegerIyiIskonto | B14: 0.1 | C14: Oran | D14: 0 | E14: 1 | F14: İyimser senaryo iskonto oranı. | G14: Varsayım | H14: 46023 | I14: 46244
A15: YenidegerBazIskonto | B15: 0.15 | C15: Oran | D15: 0 | E15: 1 | F15: Baz senaryo iskonto oranı. | G15: Varsayım | H15: 46023 | I15: 46244
A16: YenidegerKotuIskonto | B16: 0.22 | C16: Oran | D16: 0 | E16: 1 | F16: Kötümser senaryo iskonto oranı. | G16: Varsayım | H16: 46023 | I16: 46244
A17: YenidegerKritikIskonto | B17: 0.3 | C17: Oran | D17: 0 | E17: 1 | F17: Kritik senaryo iskonto oranı. | G17: Varsayım | H17: 46023 | I17: 46244
A18: YenidegerNbdEsik | B18: 100000 | C18: TL | D18: 0 | E18: 10000000000 | F18: Net fayda eşiği; üzerinde karar UYGUN olur. | G18: Varsayım | H18: 46023 | I18: 46244
A19: YenidegerArtisEsik | B19: 50000 | C19: TL | D19: 0 | E19: 10000000000 | F19: Değer artışı eşiği; üzerinde karar İNCELE olur. | G19: Varsayım | H19: 46023 | I19: 46244
A20: YenidegerFonEsik | B20: 200000 | C20: TL | D20: 0 | E20: 10000000000 | F20: Fon yükü eşiği; üzerinde kontroller AŞIYOR üretir. | G20: Varsayım | H20: 46023 | I20: 46244
A21: YenidegerTornadoIskonto | B21: 0.01 | C21: Oran | D21: 0 | E21: 0.1 | F21: İskonto oranının %1 artışının net faydaya etkisi. | G21: Varsayım | H21: 46023 | I21: 46244
A22: YenidegerTornadoFon | B22: 0.01 | C22: Oran | D22: 0 | E22: 0.1 | F22: Fon oranının %1 artışının net faydaya etkisi. | G22: Varsayım | H22: 46023 | I22: 46244
... A25: YenidegerKaliteOrta | B25: 70 | C25: Skor | D25: 0 | E25: 100 | F25: Kalite skoru bu eşiğin üzerindeyse ORTA kalite. | G25: Varsayım | H25: 46023 | I25: 46244
A26: YenidegerAksiyon1_ACIKLAMA | B26: Net fayda eşiğin üzerinde: yeniden değerleme yapılabilir; değer artışını dönem beyanına işleyin ve ek amortismanı kalan ömür boyunca ayırın. | C26: Metin | F26: UYGUN kararında gösterilen ilk öneri. | G26: Varsayım | H26: 46023 | I26: 46244
A27: YenidegerAksiyon2_ACIKLAMA | B27: Net fayda pozitif değil: kalan faydalı ömrü, iskonto oranını ve fon oranını mali müşavirinizle yeniden gözden geçirin; kıymet bazlı seçim yapın. | C27: Metin | F27: İNCELE kararında gösterilen ikinci öneri. | G27: Varsayım | H27: 46023 | I27: 46244
A28: YenidegerAksiyon3_ACIKLAMA | B28: Yeniden değerleme bu portföyde vergi tasarrufu üretmiyor; katsayı ve oran değişimlerini izleyin, uygun dönemde yeniden değerlendirin. | C28: Metin | F28: DURDUR kararında gösterilen üçüncü öneri. | G28: Varsayım | H28: 46023 | I28: 46244
A29: YenidegerP90Oran | B29: 0.9 | C29: Oran | D29: 0.5 | E29: 1 | F29: Net fayda dağılımında üst yüzdelik dilimin oranı. | G29: Varsayım | H29: 46023 | I29: 46244
A30: YenidegerTemelKolonSayisi | B30: 5 | C30: Adet | D30: 1 | E30: 20 | F30: Veri kalitesi skorunda temel kabul edilen zorunlu giriş kolonu sayısı. | G30: Varsayım | H30: 46023 | I30: 46244
A32: YenidegerPanelSatir1 | B32: 1 | C32: Satır | F32: PANO'daki kıymet bazlı net fayda grafiğinin tablodaki veri satırı (1. veri). | G32: Kullanıcı | H32: 46023 | I32: 46244
A33: YenidegerPanelSatir2 | B33: 2 | C33: Satır | F33: PANO'daki kıymet bazlı net fayda grafiğinin tablodaki veri satırı (2. veri). | G33: Kullanıcı | H33: 46023 | I33: 46244
A34: YenidegerPanelSatir3 | B34: 3 | C34: Satır | F34: PANO'daki kıymet bazlı net fayda grafiğinin tablodaki veri satırı (3. veri). | G34: Kullanıcı | H34: 46023 | I34: 46244
A35: YenidegerPanelSatir4 | B35: 4 | C35: Satır | F35: PANO'daki kıymet bazlı net fayda grafiğinin tablodaki veri satırı (4. veri). | G35: Kullanıcı | H35: 46023 | I35: 46244
A36: YenidegerPanelSatir5 | B36: 5 | C36: Satır | F36: PANO'daki kıymet bazlı net fayda grafiğinin tablodaki veri satırı (5. veri). | G36: Kullanıcı | H36: 46023 | I36: 46244
A37: YenidegerPanelSatir6 | B37: 6 | C37: Satır | F37: PANO'daki kıymet bazlı net fayda grafiğinin tablodaki veri satırı (6. veri). | G37: Kullanıcı | H37: 46023 | I37: 46244
A38: YenidegerPanelSatir7 | B38: 7 | C38: Satır | F38: PANO'daki kıymet bazlı net fayda grafiğinin tablodaki veri satırı (7. veri). | G38: Kullanıcı | H38: 46023 | I38: 46244
A39: YenidegerPanelSatir8 | B39: 8 | C39: Satır | F39: PANO'daki kıymet bazlı net fayda grafiğinin tablodaki veri satırı (8. veri). | G39: Kullanıcı | H39: 46023 | I39: 46244
A40: YenidegerPanelSatir9 | B40: 9 | C40: Satır | F40: PANO'daki kıymet bazlı net fayda grafiğinin tablodaki veri satırı (9. veri). | G40: Kullanıcı | H40: 46023 | I40: 46244
A41: YenidegerPanelSatir10 | B41: 10 | C41: Satır | F41: PANO'daki kıymet bazlı net fayda grafiğinin tablodaki veri satırı (10. veri). | G41: Kullanıcı | H41: 46023 | I41: 46244
A42: YenidegerPanelSatir11 | B42: 11 | C42: Satır | F42: PANO'daki kıymet bazlı net fayda grafiğinin tablodaki veri satırı (11. veri). | G42: Kullanıcı | H42: 46023 | I42: 46244
A43: YenidegerPanelSatir12 | B43: 12 | C43: Satır | F43: PANO'daki kıymet bazlı net fayda grafiğinin tablodaki veri satırı (12. veri). | G43: Kullanıcı | H43: 46023 | I43: 46244

Sheet KILAVUZ
A1: KILAVUZ — Yeniden Değerleme Yapmalı Mıyım? (Vergi Tasarruf Analizi)
A3: Kullanım Kılavuzu
A5: Veri girişi | B5: KIYMET_LISTESI sayfasında sarı hücrelere kıymetlerinizi girin. Kıymet türünü listeden seçin; defter değeri, birikmiş amortisman, amortisman oranı, kalan faydalı ömür ve yeniden değerleme katsayısını girin.
A6: Hesap katmanı | B6: HESAP sayfası kıymet türü bazında değer artışını, %2 fon vergisini, yıllık ek amortismanı ve vergi tasarrufunun bugünkü değerini otomatik özetler.
A7: Karar ve rapor | B7: KARAR sayfası UYGUN/İNCELE/DURDUR kararını üretir; RAPOR yöneticiye sunulabilir.
A8: Ayarlar | B8: AYARLAR sayfasındaki fon oranı, kurumlar vergisi oranı ve iskonto oranını mali müşavirinize göre güncelleyin.
A9: Koruma | B9: Tüm sayfalar 1234 şifresiyle korunur; sarı hücreler serbesttir, formül hücreleri kilitlidir.
A11: Bu dosya karar destek aracıdır; mali müşavir ve vergi danışmanı görüşü niteliği taşımaz.
A13: Varsayım İşaretli Parametreler
A14: Aşağıdaki eşik ve çarpanlar AYARLAR sayfasında kaynak=Varsayım olarak işaretlidir; mevzuat zorunluluğu yoktur ve işletmeye göre güncellenmelidir.
A15: • İskonto Oranı ve Senaryo Oranları (iyimser-baz-kötümser-kritik)
A16: • Net Fayda ve Değer Artışı Eşikleri
A17: • Fon Yükü Eşiği
A18: • Tornado İskonto ve Fon Etkisi Oranları
A19: • Tahmin Çarpanı (standart sapma katı)
A20: • Kalite Skoru İyi ve Orta Eşikleri
A21: • P90 Yüzdelik Oranı
A22: • Aksiyon Önerisi Açıklamaları
A24: Bu dosya tamamen çevrimdışı çalışır; verileriniz cihazınızdan çıkmaz. Makro ve dış bağlantı yoktur.
