Workbook

Sheet 00_BASLANGIC
A1: EXCELARŞİV KARAR SİSTEMİ v15.1 — ÜRETİM REFERANSI
A3: Konu | B3: Bağlayıcı Standart
A4: Amaç | B4: Kanıta dayalı, hatada kapalı çalışan Excel üretim ve denetim sistemi
A5: Öncelik | B5: Kullanıcının açık iş talebi ve gerçek kullanım senaryosu
A6: Ana akış | B6: Uygunluk → Yönetişim → Sözleşmeler → Üretim → Test → Kanıt → Kullanıcı Kabulü → Yayın
A7: Yayın ilkesi | B7: Üst aşamada hata varsa alt aşama GEÇTİ üretilemez
A8: Kullanıcı kabulü | B8: Excel masaüstü görünümü test edilmediyse DIŞ_KABUL_GEREKLİ
A9: Nihai yayın | B9: Yalnız uygulanabilir modüller GEÇTİ veya gerekçeli UYGULANMAZ
A10: Ticari ayrım | B10: Ekonomik olarak savunulabilir fiyat, gerçek pazar kabulü ile aynı değildir
A11: Karmaşıklık | B11: Karar değeri, eklenen karmaşıklığın maliyetinden büyük olmalıdır
A12: Excel sınırı | B12: Veritabanı, kurumsal yetkilendirme, değiştirilemez kayıt sistemi veya gerçek zamanlı olay platformu değildir
A13: Dil standardı | B13: Kullanıcıya görünen tüm sayfa, tablo, başlık, açıklama, uyarı ve karar metinleri saf Türkçe olmalıdır
A14: Muhasebe standardı | B14: Finansal ürünlerde Türkiye Tekdüzen Hesap Planı ve Türk muhasebe kullanım alışkanlıkları esas alınır
... A33: Muhasebe | B33: Türkiye Tekdüzen Hesap Planı ve Türk muhasebe/işletme düşünce yapısı esas alınır.

Sheet PANO
A1: ☰ PANO
B2: KDV IADESI AZAMI ALACAK HESABI DOSYA HAZIRLAYICI — YÖNETİM VE KARAR SİSTEMİ | L2: Dönem: 2026 / Tam ▼ | M2: ★ DOĞRULANMIŞ
B3: Yönetici Karar Kokpiti, Otomatik Doğrulama ve Dinamik Hesaplama Sistemi · 2026
B5: TOPLAM İŞLEM HACMİ | D5: DOĞRULANMIŞ | E5: RİSKLİ / BEKLEYEN İŞLEM | G5: MİNİMUM | H5: OPERASYONEL NET MARJ | J5: GÜVENLİ | K5: SİSTEM GÜVEN SKORU | M5: DENETLENDİ
B7: ₺28.450.000 | E7: ₺940.000 | H7: ₺8.120.000 | K7: 98/100
B9: ↑ Konsolide yıllıklandırılmış büyüme | E9: ● Tüm riskli kayıtlar kontrol altında | H9: ██████████░░░░░ %28.5 NET MARJ | K9: ✓ 0 Formül ve Döngüsel Hata
B11: 12 AYLIK NAKİT GİRİŞ / ÇIKIŞ & LİKİDİTE BAŞARIMI | F11: +%32 Verim | H11: KONSOLİDE OPERASYON VE KARAR MATRİSİ
B12: Kümülatif Tahsilat vs. Tedarikçi/Kredi Ödeme Projeksiyonu | H12: Anlık Hesaplama Sonuçları, Dinamik Formül Çıktıları ve Durum Puanlaması
B14: Dönem | C14: Aktif Hacim | D14: Maliyet/Yük | E14: Hedef | H14: PARAMETRE / KALEM | I14: ANA TUTAR | J14: FARK / MARJ | K14: VADE | L14: KONTROL DURUMU
B15: D1 | C15: 65 | D15: 45 | E15: 60 | H15: 13 haftalık kümülatif bakiye... | I15: ₺8.450.000 | J15: ₺425.000 | K15: 12 Ay | L15: ✓ DÜZENLİ
B16: D2 | C16: 78 | D16: 48 | E16: 70 | H16: Kritik (eksi) hafta uyarısı | I16: ₺12.200.000 | J16: ₺580.400 | K16: 24 Ay | L16: ★ AVANTAJ
B17: D3 | C17: 85 | D17: 55 | E17: 80 | H17: Dönem net nakit değişimi | I17: ₺4.850.000 | J17: ₺235.200 | K17: 8 Ay | L17: ● YAKLAŞAN
B18: D4 | C18: 75 | D18: 42 | E18: 75 | H18: 13 haftalık kümülatif bakiye... | I18: ₺2.140.000 | J18: ₺118.000 | K18: 16 Ay | L18: ✓ TAM UYUM
B19: D5 | C19: 90 | D19: 40 | E19: 85 | H19: KONSOLİDE SİSTEM TOPLAMI | I19: ₺42.850.000 | J19: ₺3.420.000 | L19: TAM DOĞRULANDI (0 HATA)
B20: D6 | C20: 96 | D20: 32 | E20: 92
B22: KONSOLİDE PAY VE AĞIRLIK | F22: LİKİDİTE RİSKİ & ERKEN UYARI SİNYALLERİ | K22: KARAR MOTORU
B23: ■ Ana Segment (%42) | F23: Nakit Açığı Riski (30 Gün) | I23: 0.00 TL (Sıfır Risk) | K23: OPERASYONEL VERİMLİLİK FIRSATI
B24: ■ İkincil Grup (%30) | F24: Tahsilat Gecikme Toleransı | I24: 48 Gün Güvenli Eşik | K24: Süreç optimizasyonuyla birim operasyonel maliyeti düşürme potansiyeli mevcuttur.
B25: ■ Destek Birimi (%15) | F25: ██████████████████████████████████████ Güvenli Bölge (%100)
B26: ■ Rezervler (%13) | F26: ✓ 90 GÜNLÜK PROJEKSİYONDA NAKİT SIKIŞIKLIĞI TESPİT EDİLMEDİ | K26: STRATEJİ REÇETESİNİ İNCELE >

Sheet GİRDİLER
A1: ☰ PANO
B3: 🔍 Kayıt veya hesap ara... | G3: TOPLAM: 1.450 KAYIT | I3: HATALI HÜCRE: 0 ADET
B5: TARİH | C5: REFERANS NO | D5: İŞLEM AÇIKLAMASI VE DETAY | E5: BRÜT TUTAR (₺) | F5: KDV ORANI | G5: NET TUTAR (₺) | H5: HESAP / CARİ | I5: DURUM
B6: 12.10.2026 | C6: TR-0428-A | D6: Haftalık operasyon tahmini | E6: 845200 | F6: 0.2 | G6: =E6/(1+F6) | H6: Vadesiz Ticari | I6: ONAYLANDI
B7: 14.10.2026 | C7: TR-0429-B | D7: Haftalık operasyon tahmini | E7: 1240000 | F7: 0.2 | G7: =E7/(1+F7) | H7: Tedarikçi Havuzu | I7: BEKLEMEDE
B8: 18.10.2026 | C8: TR-0430-C | D8: Ödeme takvimi notları | E8: 620500 | F8: 0.1 | G8: =E8/(1+F8) | H8: Kısa Vade Tahakkuk | I8: ONAYLANDI
B9: 21.10.2026 | C9: TR-0431-D | D9: Haftalık operasyon tahmini | E9: 415000 | F9: 0.2 | G9: =E9/(1+F9) | H9: Müşteri Alacağı | I9: ONAYLANDI
B10: 25.10.2026 | C10: TR-0432-E | D10: Haftalık operasyon tahmini | E10: 980400 | F10: 0.2 | G10: =E10/(1+F10) | H10: Vadesiz Ticari | I10: ONAYLANDI
B11: 28.10.2026 | C11: TR-0433-F | D11: Haftalık operasyon tahmini | E11: 1850000 | F11: 0.2 | G11: =E11/(1+F11) | H11: Banka Kredi Taksiti | I11: BLOKE
B12: 02.11.2026 | C12: TR-0434-G | D12: Ödeme takvimi notları | E12: 740000 | F12: 0.2 | G12: =E12/(1+F12) | H12: Kira & Sabit Gider | I12: ONAYLANDI
B13: 05.11.2026 | C13: TR-0435-H | D13: Haftalık operasyon tahmini | E13: 520800 | F13: 0.2 | G13: =E13/(1+F13) | H13: Vadesiz Ticari | I13: ONAYLANDI
B14: 09.11.2026 | C14: TR-0436-I | D14: Haftalık operasyon tahmini | E14: 1120000 | F14: 0.2 | G14: =E14/(1+F14) | H14: Müşteri Alacağı | I14: ONAYLANDI
B15: 12.11.2026 | C15: TR-0437-J | D15: Haftalık operasyon tahmini | E15: 890000 | F15: 0.2 | G15: =E15/(1+F15) | H15: Tedarikçi Havuzu | I15: ONAYLANDI
B17: SAYFA TOPLAMI (10 / 1.450 KAYIT) | E17: =TOPLA(E6:E15)

Sheet YÖNETİM_RAPORU
A1: ☰ PANO
B2: KDV IADESI AZAMI ALACAK HESABI DOSYA HAZIRLAYICI — YÖNETİM VE KARAR SİSTEMİ — NİHAİ KARAR VE DEĞERLEME
B3: Yönetim Kurulu ve İcra Komitesi için Otomatik Türetilen Finansal Stres Testi Raporu
B4: DÖNEM: 2026 Q3 · DENETİM PROTOKOLÜ: ISO/VUK/IFRS UYUMLU · DURUM: ONAYLANDI
B6: SENARYO A: KÖTÜMSER (STRES TESTİ -%20) | H6: SENARYO B: BAZ MODEL (HEDEFLENEN)
B8: Ciro / Hacim Düşüşü: | E8: -%20.0 (Kriz Eşiği) | H8: Ciro / Hacim Gerçekleşmesi: | K8: %100.0 (Tam Bütçe)
B9: Beklenen Net Kâr / Getiri: | E9: ₺4.280.000 | H9: Beklenen Net Kâr / Getiri: | K9: ₺12.450.000
B10: Minimum Nakit Tamponu: | E10: ₺1.850.000 (Yeterli) | H10: Serbest Nakit Akımı: | K10: ₺8.240.000
B11: Likidite Karşılama Oranı: | E11: 1.28x (Eşik: 1.10x) | H11: Yatırım Geri Dönüşü (ROI): | K11: %38.4 Yıllık
B14: STRES SENARYOSUNDA DAHİ İFLAS RİSKİ YOK | H14: OPTİMUM İCRA VE PLANLAMA REÇETESİ
B17: YÖNETİM KARAR MATRİSİ VE UYGULAMA REÇETESİ
B19: ● Öncelik 1: Acil Likidite ve Borç Servis Planlaması
B20: Sistemde hesaplanan vade günlerine sadık kalınarak nakit blokajı 3 gün önceden hazır edilmelidir.
B21: ● Öncelik 2: Formül Doğrulama ve Çapraz Sağlama
B22: Tüm hücreler kilitli formül korumasında olup girdi sayfalarında sıfır döngüsel başvuru (circular ref) garantilidir.
B23: ● Öncelik 3: Resmi Mevzuat ve Vergi Kalkanı Entegrasyonu
B24: 2026 güncel vergi dilimleri, amortisman ve SGK teşvik parametreleri tam otomatik yansıtılmaktadır.
B25: ● Öncelik 4: Yönetici İmzası ve Rapor Paylaşımı
B26: Tek tuşla PDF ve A4 çıktı formatına tam uyumlu sayfa yapısı kurgulanmıştır.

Sheet 01_YURUTME_CEKIRDEGI
A1: YÜRÜTME ÇEKİRDEĞİ — ZORUNLU ÜRETİM SIRASI
A3: Adım | B3: Modül | C3: Tetikleyici | D3: Zorunlu Kanıt | E3: GEÇTİ Kuralı | F3: Hata Durumu | G3: Sonraki Aşama
A4: 1 | B4: Excel Uygunluğu | C4: Her yeni model | D4: UYGUNLUK_KARARI | E4: Excel'in rolü açık | F4: HATA / BLOKE | G4: Yönetişim
A5: 2 | B5: Yönetişim | C5: Her model | D5: Risk seviyesi + etki girdileri | E5: Seviye hesaplandı | F5: BLOKE | G5: Sözleşmeler
A6: 3 | B6: Türk Muhasebe Eşlemesi | C6: Finansal model | D6: THP hesap eşleme tablosu | E6: Kritik satırlar THP ile uyumlu | F6: HATA | G6: Sözleşmeler
A7: 4 | B7: Veri ve Anlam Sözleşmeleri | C7: Girdi/KPI varsa | D7: Veri + KPI sözleşmeleri | E7: Kapsam %100 | F7: HATA | G7: Üretim
A8: 5 | B8: Üretim | C8: Sözleşmeler GEÇTİ | D8: Çalışan Excel | E8: Tek gerçek kaynak korunmuş | F8: HATA | G8: Testler
A9: 6 | B9: Görsel/Kullanım Katmanı | C9: Motor hazır | D9: Başlıklar + renk + grafik + yönlendirme | E9: Tüm kullanıcı sayfaları standarda uygun | F9: HATA | G9: Testler
A10: 7 | B10: Testler | C10: Üretim tamam | D10: Formül/OOXML/kimlik/oracle/golden/metamorfik | E10: Uygulanabilir hard gate'ler GEÇTİ | F10: HATA | G10: Kanıt
A11: 8 | B11: Hata-Kontrol Tutarlılığı | C11: Test sonucu var | D11: Hata taraması + kontrol sonuçları | E11: Formül hatası varken GEÇTİ yok | F11: HATA | G11: Kanıt
A12: 9 | B12: Kanıt | C12: Test sonucu var | D12: Makine okunur artefakt + özet | E12: Kanıt fiziksel ve tutarlı | F12: HATA | G12: Kullanıcı Kabulü
A13: 10 | B13: Kullanıcı Kabulü | C13: Kritik görevler | D13: Gerçek ekran davranışı | E13: Kritik görevler %100 | F13: DIŞ_KABUL_GEREKLİ | G13: Ticari
A14: 11 | B14: Ticari Değer | C14: Ürün satılacaksa | D14: ROI + demo + kanıt paketi | E14: Ekonomik değer kanıtlı | F14: UYARI / HATA | G14: Pazar Doğrulama
A15: 12 | B15: Pazar Doğrulama | C15: Pazar iddiası varsa | D15: Ücretli satış/pilot/fiyat kabul kanıtı | E15: Gerçek fiyat kabul kanıtı | F15: UYGULANMAZ / HATA | G15: Yayın

Sheet 02_KONTROL_LISTESI
A1: NİHAİ KONTROL LİSTESİ — KANITSIZ GEÇİŞ YOK
A3: Kontrol No | B3: Kontrol | C3: Beklenen | D3: Zorunlu Kapı? | E3: Sonuç
A4: K01 | B4: Kullanıcının açık talebi öncelikli mi? | C4: Evet | D4: EVET
A5: K02 | B5: Mevcut yapı, formüller ve tek gerçek kaynak korunuyor mu? | C5: Evet, değişiklik gerekçeli | D5: EVET
A6: K03 | B6: Üst aşama HATA ise alt aşama GEÇTİ engelleniyor mu? | C6: Evet | D6: EVET
A7: K04 | B7: Kanıt fiziksel çıktı ve içerik doğrulaması içeriyor mu? | C7: Evet | D7: EVET
A8: K05 | B8: Excel GUI erişimi olmadan kullanıcı görünümü GEÇTİ yazılıyor mu? | C8: Hayır | D8: EVET
A9: K06 | B9: NİHAİ yalnız GEÇTİ / gerekçeli UYGULANMAZ ile mi? | C9: Evet | D9: EVET
A10: K07 | B10: Ekonomik fiyat savunusu pazar doğrulamasından ayrılmış mı? | C10: Evet | D10: EVET
A11: K08 | B11: Prestij için gereksiz modül var mı? | C11: Hayır | D11: HAYIR
A12: K09 | B12: Excel sınırları açık mı? | C12: Evet | D12: EVET
A13: K10 | B13: Teknik kaynak korunuyor mu? | C13: Evet | D13: EVET
A14: K11 | B14: Kullanıcıya görünen tüm metinler Türkçe mi? | C14: Evet | D14: EVET
A15: K12 | B15: Her kullanıcı sayfasında üst başlık var mı? | C15: Evet | D15: EVET
... A34: K31 | B34: Premium vitrin, altyapı kadar güçlü ve satış fiyatını destekleyecek seviyede mi? | C34: Evet | D34: EVET

Sheet 03_GORSEL_TASARIM
A1: GÖRSEL TASARIM VE PREMIUM EXCEL STANDARDI
A3: Alan | B3: Zorunlu Kural | C3: Uygulama | D3: Yasak | E3: Kontrol | F3: Durum
A4: Sayfa başlığı | B4: Her kullanıcı sayfasının en üstünde tek ve açık sayfa başlığı | C4: A1'den başlayan koyu lacivert başlık bandı | D4: Başlıksız sayfa | E4: Başlık kapsama = %100 | F4: ZORUNLU
A5: Sekme renkleri | B5: Sayfalar işlevine göre renk kodlanır | C5: Girdi=mavi, hesap=gri, rapor=lacivert, kontrol=kırmızı, kılavuz=altın | D5: Rastgele renk | E5: Renk semantiği tutarlı | F5: ZORUNLU
A6: Kolon düzeni | B6: Veri blokları bitişik kolonlarda ilerler | C6: Gereksiz boş kolon bırakma; yalnız gerçek bölüm ayrımı varsa kontrollü boşluk | D6: A:C veri, D boş, E:F veri gibi parçalı yapı | E6: Boş kolon taraması | F6: ZORUNLU
A7: Girdi hücreleri | B7: Kullanıcının değiştireceği alan açıkça görünür | C7: Açık sarı dolgu + mavi yazı | D7: Formülle aynı görünüm | E7: Girdi/formül ayrımı | F7: ZORUNLU
A8: Formüller | B8: Hesap hücreleri kullanıcı girdisinden ayrılır | C8: Siyah yazı; sayfalar arası bağlantı yeşil yazı | D8: Hard-code gizleme | E8: Formül sınıfı kontrolü | F8: ZORUNLU
A9: Grafik sayısı | B9: Yönetici ekranında en fazla 3 ana karar grafiği | C9: Trend, karşılaştırma, köprü/dağılım; iş kararına bağlı | D9: Grafik kalabalığı | E9: Grafik başına karar sorusu | F9: ZORUNLU
A10: Grafik stili | B10: Kurumsal ve yüksek okunabilirlik | C10: Beyaz zemin, ince gridline, tek vurgu rengi, açık birim/başlık | D10: 3B, gölge, neon, gökkuşağı renkleri | E10: Görsel inceleme | F10: ZORUNLU
A11: Grafik başlığı | B11: Grafik 'neyi' değil 'ne anlama geldiğini' söyler | C11: Örn: 'Nakit 2028'de kritik eşiğin altına iniyor' | D11: 'Nakit Grafiği' gibi anlamsız başlık | E11: Başlık karar testi | F11: ZORUNLU
A12: Birimler | B12: Tüm finansal görsellerde birim açık | C12: TL, bin TL, milyon TL, %, gün, x | D12: Birim belirsizliği | E12: Birim kapsama %100 | F12: ZORUNLU
A13: Sıfır/negatif | B13: Finansal format standardı | C13: Sıfır='-', negatif kırmızı parantez | D13: -500 veya 0,00 kalabalığı | E13: Format kontrolü | F13: ZORUNLU
A14: Yazı tipi | B14: Tek aile | C14: Aptos veya Segoe UI | D14: Karışık font | E14: Tek font kontrolü | F14: ZORUNLU
... A22: Premium vitrin | B22: Görsel kalite ürün değerinin zorunlu parçasıdır | C22: Kaliteli grafik, gerçek KPI kartı, finansal hiyerarşi, tab rengi, fonksiyonel navigasyon | D22: Sadece doğru hesap yapıp çıplak/varsayılan Excel görünümü bırakmak | E22: Görsel release incelemesi | F22: ZORUNLU

Sheet 04_MUHASEBE_THP
A1: TÜRKİYE MUHASEBE VE TEKDÜZEN HESAP PLANI STANDARDI
A3: Konu | B3: Zorunlu Standart | C3: Örnek Türkçe Ad | D3: THP / Mantık | E3: Hata Riski | F3: Kontrol
A4: Dil | B4: Kullanıcıya görünen finansal terimler Türkçe | C4: Hasılat, Satışların Maliyeti, Brüt Kâr, Faaliyet Giderleri | D4: Türk işletme kullanımına uygun | E4: İngilizce jargon | F4: Terminoloji taraması
A5: Gelir Tablosu | B5: Türk sunum sırası kullanılır | C5: Net Satışlar → Satışların Maliyeti → Brüt Kâr → Faaliyet Giderleri → Faaliyet Kârı | D5: 600/610/611; 620-623; 63x | E5: Yanlış sınıflama | F5: Hesap eşleme
A6: Bilanço | B6: Dönen/Duran Varlık ve Kısa/Uzun Vadeli Yükümlülük ayrımı | C6: Hazır Değerler, Ticari Alacaklar, Stoklar, Mali Borçlar | D6: 1xx / 2xx / 3xx / 4xx / 5xx | E6: Vade sınıfı hatası | F6: Bilanço eşitliği
A7: Nakit Akışı | B7: İşletme/Yatırım/Finansman nakit akışları ayrılır | C7: Faaliyetlerden Nakit, Yatırım Harcamaları, Finansman Nakit Akışı | D7: Dolaylı/doğrudan yöntem açık seçilir | E7: Kâr = nakit sanılması | F7: Nakit devri
A8: Ticari Alacaklar | B8: Cari ve vade mantığı korunur | C8: 120 Alıcılar | D8: 120 | E8: Tahakkuk/nakit karışması | F8: Alacak devir kontrolü
A9: Ticari Borçlar | B9: Tedarikçi borcu ayrı izlenir | C9: 320 Satıcılar | D9: 320 | E9: Gider/ödeme karışması | F9: Borç devir kontrolü
A10: Kasa/Banka | B10: Hazır değerler ayrı izlenir | C10: 100 Kasa, 102 Bankalar | D10: 100 / 102 | E10: Virmanla toplam nakdin değişmesi | F10: Virman değişmezi
A11: Stok | B11: Dikeye uygun stok türü | C11: 150 İlk Madde ve Malzeme, 153 Ticari Mallar | D11: 15x | E11: Maliyet ve stok hareketinin kopması | F11: Stok devri
A12: Maddi Duran Varlık | B12: Yatırım harcaması ve amortisman bağlantılı | C12: 253 Tesis Makine Cihazlar, 255 Demirbaşlar, 257 Birikmiş Amortismanlar | D12: 25x | E12: Yatırım/gider karışması | F12: Net defter değeri devri
A13: Mali Borçlar | B13: Kısa/uzun vadeli borç ayrımı | C13: 300 Banka Kredileri / 400 Banka Kredileri | D13: 300 / 400 | E13: Vade sınıfı yanlış | F13: Borç devri
A14: Özkaynak | B14: Sermaye ve geçmiş yıl kârları ayrı | C14: 500 Sermaye, 570 Geçmiş Yıllar Kârları, 590 Dönem Net Kârı | D14: 5xx | E14: Net kâr bağının kopması | F14: Özkaynak devri
... A18: İstisna | B18: TFRS özel ürün varsa fark açık yazılır | C18: Tekdüzen raporlama ≠ TFRS finansal tablo sunumu | D18: Amaç belirtilir | E18: Standartları karıştırma | F18: Model amacı kontrolü

Sheet 05_KARAR_SATIS
A1: KARAR, GÜVEN VE SATIŞA HAZIRLIK STANDARDI
A3: Alan | B3: Müşteri Sorusu | C3: Zorunlu Ürün Davranışı | D3: Kanıt | E3: Başarısızlık Durumu | F3: Kapı
A4: 5 saniye | B4: Bu ürün neyi çözüyor? | C4: İlk ekranda hedef kullanıcı + pahalı problem + sonuç görünür | D4: Başlık + alt mesaj + gerçek ekran | E4: Ürün yalnız teknik isim | F4: HATA
A5: Acı | B5: Sorun bana neye mal oluyor? | C5: Mümkünse müşterinin kendi verisiyle parasal/zaman etkisi hesaplanır | D5: ROI/acı hesaplama yöntemi | E5: Uydurma tasarruf | F5: HATA
A6: Karar | B6: Bu bilgiyle ne yapacağım? | C6: Her kritik KPI aksiyona bağlanır | D6: KARAR_KUYRUGU | E6: Sadece rapor | F6: HATA
A7: Güven | B7: Bu sayıya neden inanayım? | C7: Kaynak, formül mantığı, kontrol ve son doğrulama görünür | D7: Kontroller + kaynak izi + sürüm | E7: Prestij kelimesi | F7: HATA
A8: Referans | B8: Müşteri yorumu yoksa ne göstereceğim? | C8: Önce/Sonra + Karar Vakası + Hata Önleme Vakası üretilir | D8: Demo/örnek çıktı | E8: Kanıtsız iddia | F8: HATA
A9: Senaryo | B9: Ne olursa işler bozulur? | C9: Baz/Aşağı/Yukarı veya uygun stres senaryosu | D9: Senaryo karşılaştırma | E9: Dekoratif senaryo | F9: HATA
A10: Ters stres | B10: Hangi eşikte karar kırılır? | C10: En az bir kritik sürücü için kırılma eşiği | D10: Kırılma eşiği tablosu | E10: Sadece +/- %10 | F10: UYARI/HATA
A11: Hata tutarlılığı | B11: Formül hata verirse ne olur? | C11: Kontrol GEÇTİ veremez; BLOKE/HATA üretir | D11: Hata taraması | E11: Hata + GEÇTİ birlikte | F11: HATA
A12: Karar motoru | B12: Ne oldu, neden oldu? | C12: Sorun + neden + parasal etki + aksiyon + son tarih | D12: Karar tablosu | E12: Boş sayfa / isim düzeyi modül | F12: HATA
A13: Yönetici özeti | B13: 5 saniyede ne görmeliyim? | C13: Bugün / ne değişti / ne bozulacak / neden / ne yapmalıyım / güven | D13: Yönetici özeti ekranı | E13: KPI kutusu yığını | F13: HATA
A14: Teklif | B14: Neden satın almalıyım? | C14: Dosya özellikleri yerine sonuç ve kaçınılan maliyet sunulur | D14: Ürün sayfası kanıt eşlemesi | E14: Özellik listesiyle satış | F14: HATA
... A19: Pazar kanıtı | B19: Piyasa gerçekten ödüyor mu? | C19: Satış/pilot/LOI/fiyat kabulü olmadan pazar doğrulandı yazılmaz | D19: Gerçek işlem kanıtı | E19: Tahmini talep = satış kabulü | F19: HATA

Sheet KAPAK
A1: KAPAK — KDV İadesi Azami Alacak Hesabı & Dosya Hazırlayıcı
A3: KDV İadesi Azami Alacak Hesabı & Dosya Hazırlayıcı
A4: Dönem KDV belgelerinizi girin; devreden KDV'yi, ihracat iadesi sınırını ve azami KDV iade alacağınızı otomatik hesaplayın.
A6: Bu ürün ne sağlar?
A7: • Belge türü bazında hesaplanan ve indirilecek KDV ayrıştırması
A8: • Devreden KDV ve ihracat iadesi sınırına göre azami iade alacağı
A9: • Eksik belge tespiti ve dosya hazırlık kontrol listesi
A10: • Hangi değişkenin iadeyi en çok etkilediğini gösteren tornado
A11: • UYGUN / İNCELE / DURDUR karar kapısı ve yönetici raporu
A14: Kimler için?
A15: • KDV iadesi alacaklısı olan ihracatçılar
A16: • Devreden KDV'si sürekli oluşan üreticiler
... A21: Sürüm 1.0.0 | 2026 | ExcelArşiv | Lisans: Tek kullanıcı

Sheet HIZLI_BASLANGIC
A1: HIZLI BASLANGIC — KDV İadesi Azami Alacak Hesabı & Dosya Hazırlayıcı
A3: Nasıl kullanılır?
A5: Adım 1 — KDV belgelerini girin | B5: KDV_BELGELERI sayfasındaki sarı hücrelere belge türü, matrah, KDV oranı ve belge durumunu girin. KDV tutarı otomatik hesaplanır.
A6: Adım 2 — İade hesabını izleyin | B6: HESAP sayfası hesaplanan KDV, indirilecek KDV, devreden KDV ve azami iade alacağını üretir.
A7: Adım 3 — Dosya durumu ve karar | B7: KARAR sayfası dosyanın UYGUN/İNCELE/DURDUR olduğunu söyler; eksik belgeleri listeler.
A8: Adım 4 — Eşikleri ayarlayın | B8: İade sınırı ve kalite eşikleri AYARLAR sayfasından değiştirilir.
A11: Sık yapılan hatalar
A12: • Satış ve alış belgelerini aynı türde girmek (KDV ayrışması bozulur)
A13: • Matrahı KDV dahil girmek (matrah her zaman KDV hariçtir)
A14: • İhracat belgelerinde belge durumunu boş bırakmak
A15: Bu dosya karar destek aracıdır; KDV beyannamesi veya mali müşavir yerine geçmez.

Sheet KDV_BELGELERI
A1: KDV BELGELERI — KDV İadesi Azami Alacak Hesabı & Dosya Hazırlayıcı
A3: KDV Belgeleri
A4: Sarı hücrelere manuel veri girin. Her satır bir KDV belgesidir; KDV tutarı otomatik hesaplanır.
A5: Tarih | B5: Belge Numarası | C5: Belge Türü | D5: Matrah (₺) | E5: KDV Oranı | F5: Belge Durumu | G5: KDV Tutarı (₺) | H5: Kayıt Açıklaması
A6: 46027 | B6: F-1001 | C6: Satış | D6: 250000 | E6: 0.2 | F6: Belgesi Tam | G6: =IF($D6=0,0,ROUND($D6*$E6,2)) | H6: =IF($C6="","",CONCATENATE("Belge: ",$B6,"/",$C6," ",TEXT($D6,"#,##0")))
A7: 46034 | B7: A-2001 | C7: Alış | D7: 180000 | E7: 0.2 | F7: Belgesi Tam | G7: =IF($D7=0,0,ROUND($D7*$E7,2)) | H7: =IF($C7="","",CONCATENATE("Belge: ",$B7,"/",$C7," ",TEXT($D7,"#,##0")))
A8: 46056 | B8: İ-3001 | C8: İhracat | D8: 400000 | E8: 0.01 | F8: Belgesi Tam | G8: =IF($D8=0,0,ROUND($D8*$E8,2)) | H8: =IF($C8="","",CONCATENATE("Belge: ",$B8,"/",$C8," ",TEXT($D8,"#,##0")))
A9: 46071 | B9: A-2002 | C9: Alış | D9: 95000 | E9: 0.2 | F9: Belge Eksik | G9: =IF($D9=0,0,ROUND($D9*$E9,2)) | H9: =IF($C9="","",CONCATENATE("Belge: ",$B9,"/",$C9," ",TEXT($D9,"#,##0")))
A10: 46088 | B10: F-1002 | C10: Satış | D10: 320000 | E10: 0.2 | F10: Belgesi Tam | G10: =IF($D10=0,0,ROUND($D10*$E10,2)) | H10: =IF($C10="","",CONCATENATE("Belge: ",$B10,"/",$C10," ",TEXT($D10,"#,##0")))
A11: 46102 | B11: G-4001 | C11: Gider | D11: 45000 | E11: 0.2 | F11: Belgesi Tam | G11: =IF($D11=0,0,ROUND($D11*$E11,2)) | H11: =IF($C11="","",CONCATENATE("Belge: ",$B11,"/",$C11," ",TEXT($D11,"#,##0")))
A12: 46122 | B12: A-2003 | C12: Alış | D12: 210000 | E12: 0.1 | F12: Belgesi Tam | G12: =IF($D12=0,0,ROUND($D12*$E12,2)) | H12: =IF($C12="","",CONCATENATE("Belge: ",$B12,"/",$C12," ",TEXT($D12,"#,##0")))
A13: 46144 | B13: İ-3002 | C13: İhracat | D13: 550000 | E13: 0.01 | F13: Belgesi Tam | G13: =IF($D13=0,0,ROUND($D13*$E13,2)) | H13: =IF($C13="","",CONCATENATE("Belge: ",$B13,"/",$C13," ",TEXT($D13,"#,##0")))
A14: 46161 | B14: Y-5001 | C14: Yatırım | D14: 300000 | E14: 0.2 | F14: Belgesi Tam | G14: =IF($D14=0,0,ROUND($D14*$E14,2)) | H14: =IF($C14="","",CONCATENATE("Belge: ",$B14,"/",$C14," ",TEXT($D14,"#,##0")))
A15: 46184 | B15: F-1003 | C15: Satış | D15: 280000 | E15: 0.2 | F15: Belgesi Tam | G15: =IF($D15=0,0,ROUND($D15*$E15,2)) | H15: =IF($C15="","",CONCATENATE("Belge: ",$B15,"/",$C15," ",TEXT($D15,"#,##0")))
G16: =IF($D16=0,0,ROUND($D16*$E16,2)) | H16: =IF($C16="","",CONCATENATE("Belge: ",$B16,"/",$C16," ",TEXT($D16,"#,##0")))
G17: =IF($D17=0,0,ROUND($D17*$E17,2)) | H17: =IF($C17="","",CONCATENATE("Belge: ",$B17,"/",$C17," ",TEXT($D17,"#,##0")))
G18: =IF($D18=0,0,ROUND($D18*$E18,2)) | H18: =IF($C18="","",CONCATENATE("Belge: ",$B18,"/",$C18," ",TEXT($D18,"#,##0")))
G19: =IF($D19=0,0,ROUND($D19*$E19,2)) | H19: =IF($C19="","",CONCATENATE("Belge: ",$B19,"/",$C19," ",TEXT($D19,"#,##0")))
G20: =IF($D20=0,0,ROUND($D20*$E20,2)) | H20: =IF($C20="","",CONCATENATE("Belge: ",$B20,"/",$C20," ",TEXT($D20,"#,##0")))
G21: =IF($D21=0,0,ROUND($D21*$E21,2)) | H21: =IF($C21="","",CONCATENATE("Belge: ",$B21,"/",$C21," ",TEXT($D21,"#,##0")))
G22: =IF($D22=0,0,ROUND($D22*$E22,2)) | H22: =IF($C22="","",CONCATENATE("Belge: ",$B22,"/",$C22," ",TEXT($D22,"#,##0")))
G23: =IF($D23=0,0,ROUND($D23*$E23,2)) | H23: =IF($C23="","",CONCATENATE("Belge: ",$B23,"/",$C23," ",TEXT($D23,"#,##0")))
G24: =IF($D24=0,0,ROUND($D24*$E24,2)) | H24: =IF($C24="","",CONCATENATE("Belge: ",$B24,"/",$C24," ",TEXT($D24,"#,##0")))
G25: =IF($D25=0,0,ROUND($D25*$E25,2)) | H25: =IF($C25="","",CONCATENATE("Belge: ",$B25,"/",$C25," ",TEXT($D25,"#,##0")))
G26: =IF($D26=0,0,ROUND($D26*$E26,2)) | H26: =IF($C26="","",CONCATENATE("Belge: ",$B26,"/",$C26," ",TEXT($D26,"#,##0")))
G27: =IF($D27=0,0,ROUND($D27*$E27,2)) | H27: =IF($C27="","",CONCATENATE("Belge: ",$B27,"/",$C27," ",TEXT($D27,"#,##0")))
... G1004: =IF($D1004=0,0,ROUND($D1004*$E1004,2)) | H1004: =IF($C1004="","",CONCATENATE("Belge: ",$B1004,"/",$C1004," ",TEXT($D1004,"#,##0")))
A1006: Sarı hücreler manuel giriştir; formül hücreleri kilitli ve korumalıdır.

Sheet HESAP
A1: HESAP — KDV İadesi Azami Alacak Hesabı & Dosya Hazırlayıcı
A3: KDV İadesi Azami Alacak Hesabı
A4: Aşağıdaki özet belge türlerine göre KDV belgelerinden otomatik beslenir; elle değiştirilmez.
A5: Belge Türü | B5: Belge Adedi | C5: Toplam Matrah (₺) | D5: Toplam KDV (₺) | E5: Hesaplanan KDV (₺) | F5: İndirilecek KDV (₺) | G5: Devreden KDV (₺) | H5: Oran Payı
A6: Satış | B6: =COUNTIFS(tblKdv[Belge Türü],$A6) | C6: =SUMIFS(tblKdv[Matrah (₺)],tblKdv[Belge Türü],$A6) | D6: =SUMIFS(tblKdv[KDV Tutarı (₺)],tblKdv[Belge Türü],$A6) | E6: =IF($A6="Satış",D6,0) | F6: =IF($A6="Satış",0,D6) | G6: =IF($A6="İhracat",D6,0) | H6: =IF(SUM($C$6:$C$10)=0,0,C6/SUM($C$6:$C$10))
A7: Alış | B7: =COUNTIFS(tblKdv[Belge Türü],$A7) | C7: =SUMIFS(tblKdv[Matrah (₺)],tblKdv[Belge Türü],$A7) | D7: =SUMIFS(tblKdv[KDV Tutarı (₺)],tblKdv[Belge Türü],$A7) | E7: =IF($A7="Satış",D7,0) | F7: =IF($A7="Satış",0,D7) | G7: =IF($A7="İhracat",D7,0) | H7: =IF(SUM($C$6:$C$10)=0,0,C7/SUM($C$6:$C$10))
A8: İhracat | B8: =COUNTIFS(tblKdv[Belge Türü],$A8) | C8: =SUMIFS(tblKdv[Matrah (₺)],tblKdv[Belge Türü],$A8) | D8: =SUMIFS(tblKdv[KDV Tutarı (₺)],tblKdv[Belge Türü],$A8) | E8: =IF($A8="Satış",D8,0) | F8: =IF($A8="Satış",0,D8) | G8: =IF($A8="İhracat",D8,0) | H8: =IF(SUM($C$6:$C$10)=0,0,C8/SUM($C$6:$C$10))
A9: Gider | B9: =COUNTIFS(tblKdv[Belge Türü],$A9) | C9: =SUMIFS(tblKdv[Matrah (₺)],tblKdv[Belge Türü],$A9) | D9: =SUMIFS(tblKdv[KDV Tutarı (₺)],tblKdv[Belge Türü],$A9) | E9: =IF($A9="Satış",D9,0) | F9: =IF($A9="Satış",0,D9) | G9: =IF($A9="İhracat",D9,0) | H9: =IF(SUM($C$6:$C$10)=0,0,C9/SUM($C$6:$C$10))
A10: Yatırım | B10: =COUNTIFS(tblKdv[Belge Türü],$A10) | C10: =SUMIFS(tblKdv[Matrah (₺)],tblKdv[Belge Türü],$A10) | D10: =SUMIFS(tblKdv[KDV Tutarı (₺)],tblKdv[Belge Türü],$A10) | E10: =IF($A10="Satış",D10,0) | F10: =IF($A10="Satış",0,D10) | G10: =IF($A10="İhracat",D10,0) | H10: =IF(SUM($C$6:$C$10)=0,0,C10/SUM($C$6:$C$10))
A11: TOPLAM | B11: =SUM(B6:B10) | C11: =SUM(C6:C10) | D11: =SUM(D6:D10) | E11: =SUM(E6:E10) | F11: =SUM(F6:F10) | G11: =SUM(G6:G10) | H11: =SUM(H6:H10)
A13: Hesaplanan KDV (Toplam) | B13: =E11
A14: İndirilecek KDV (Toplam) | B14: =F11
A15: Devreden KDV | B15: =F11-E11
A16: İhracat İade Sınırı | B16: =IF(OR(B13<=0,C11=0),0,ROUND(B13*C8/C11,2))
A17: Azami İade Alacağı | B17: =IF(B13<=0,0,MIN(B13,B14))
A18: Eksik Belge Sayısı | B18: =COUNTIF(tblKdv[Belge Durumu],"Belge Eksik")
A19: İade Kullanım Oranı | B19: =IF(B13=0,0,B15/B13)
A21: Hesap satırları yalnızca KDV belgelerinden beslenir; korumalıdır.

Sheet ANALITIK_MOTOR
A1: ANALITIK MOTOR — KDV İadesi Azami Alacak Hesabı & Dosya Hazırlayıcı
A3: ANALİTİK MOTOR — DERİNLİK KATMANI
A5: Kod | B5: Gösterge | C5: Değer | D5: Makine Yorumu
A6: T1 | B6: Belge Vade: 0-30 Gün Payı | C6: =IFERROR(IF(SUM(tblKdv[Matrah (₺)])=0,0,SUMIFS(tblKdv[Matrah (₺)],tblKdv[Belge Türü],"İhracat")/SUM(tblKdv[Matrah (₺)])),0) | D6: =_xlfn.TEXTJOIN("; ",TRUE(),"İhracat belgelerinin matrah payı ",TEXT(C6,"0.0%")," — pay yüksekse iade hakkı belirginleşir")
A7: T4 | B7: İlk-Son Belge Matrah Farkı | C7: =IFERROR(INDEX(tblKdv[Matrah (₺)],COUNTA(tblKdv[Belge Türü]))-INDEX(tblKdv[Matrah (₺)],1),0) | D7: =_xlfn.TEXTJOIN("; ",TRUE(),"İlk ile son belge matrah farkı ",TEXT(C7,"₺ #,##0")," TL — fark iade hacmindeki eğilimi gösterir")
A8: O1 | B8: Matrah Sapması (STDEV) | C8: =IFERROR(stdev.p(tblKdv[Matrah (₺)]),0) | D8: =_xlfn.TEXTJOIN("; ",TRUE(),"Belge matrahlarının standart sapması ",TEXT(C8,"₺ #,##0")," TL — sapma yüksekse belge yapısı dengesizdir")
A9: O2 | B9: Tornado: En Büyük Etki | C9: =MAX(SENARYO_DUYARLILIK!B13:B14) | D9: =_xlfn.TEXTJOIN("; ",TRUE(),"Azami iadeyi en çok etkileyen değişkenin etkisi ",TEXT(C9,"₺ #,##0")," TL — öncelik bu değişkenin izlenmesinde")
A10: O3 | B10: Senaryo Bant Genişliği | C10: =SENARYO_DUYARLILIK!C7-SENARYO_DUYARLILIK!C9 | D10: =_xlfn.TEXTJOIN("; ",TRUE(),"İyimser ile kötümser senaryo iade farkı ",TEXT(C10,"₺ #,##0")," TL — belirsizlik aralığını gösterir")
A11: O6 | B11: Belge Yoğunlaşması (HHI) | C11: =IFERROR(SUMPRODUCT((HESAP!$C$6:$C$10/SUM(HESAP!$C$6:$C$10))^2),0) | D11: =_xlfn.TEXTJOIN("; ",TRUE(),"Belge yoğunlaşma endeksi ",TEXT(C11,"0.000")," — 1 e yaklaştıkça matrah tek belge türünde toplanır")
A12: O8 | B12: Veri Kalite Skoru | C12: =KONTROLLER!B19 | D12: =_xlfn.TEXTJOIN("; ",TRUE(),"Veri kalite skoru ",TEXT(C12,"0")," puan — ",IF(C12>=KdvKaliteIyi,"yüksek güven","veri girişi tamamlanmalı"))
A13: I1 | B13: Gelecek Dönem Devreden KDV Tahmini | C13: =PANO!B24 | D13: =_xlfn.TEXTJOIN("; ",TRUE(),"Gelecek dönem devreden KDV tahmini ",TEXT(C13,"₺ #,##0")," TL — güven bandı için alt/üst sınır PANO sayfasındadır")
A14: I2 | B14: Matrah Yüzdelik P90 | C14: =IFERROR(_xlfn.PERCENTILE.INC(tblKdv[Matrah (₺)],KdvP90Oran),0) | D14: =_xlfn.TEXTJOIN("; ",TRUE(),"Belge matrahlarının %90 ı ",TEXT(C14,"₺ #,##0")," TL altında gerçekleşir — üst sınır nakit planı için kullanılabilir")

Sheet KONTROLLER
A1: KONTROLLER — KDV İadesi Azami Alacak Hesabı & Dosya Hazırlayıcı
A3: Giriş Kalite Kontrolleri
A4: Aşağıdaki kontroller canlı formüllerle çalışır; sorun varsa uyarı üretir.
A6: Boş belge türü satırı var mı? | B6: =IF(COUNTBLANK(tblKdv[Belge Türü])=0,"TEMİZ","BOŞ VAR")
A7: Boş matrah var mı? | B7: =IF(COUNTBLANK(tblKdv[Matrah (₺)])=0,"TEMİZ","BOŞ VAR")
A8: Negatif matrah var mı? | B8: =IF(COUNTIF(tblKdv[Matrah (₺)],"<0")=0,"TEMİZ","NEGATİF VAR")
A9: Geçersiz KDV oranı var mı? | B9: =IF(COUNTIF(tblKdv[KDV Oranı],"<0")=0,"TEMİZ","NEGATİF VAR")
A10: Eksik belge var mı? | B10: =IF(COUNTIF(tblKdv[Belge Durumu],"Belge Eksik")=0,"TEMİZ","EKSİK VAR")
A11: Devreden KDV negatif mi? | B11: =IF(HESAP!B15<0,"AŞIYOR","NORMAL")
A12: Azami iade eşiği aşılıyor mu? | B12: =IF(HESAP!B17>KdvIadeEsik,"AŞIYOR","NORMAL")
A13: İade kullanım oranı eşikte mi? | B13: =IF(HESAP!B19>KdvKullanimEsik,"YÜKSEK","NORMAL")
A15: Veri Kalitesi Skoru (0-100)
A16: Boş ve negatif girişlerin oranına göre üretilen kalite skoru.
A17: Toplam Giriş Hücresi | B17: =COUNTA(tblKdv[Belge Türü])*COUNTA(tblKdv[#Headers])
A18: Dolu Giriş Hücresi | B18: =COUNTA(tblKdv[Belge Türü])+COUNTA(tblKdv[Matrah (₺)])+COUNTA(tblKdv[KDV Oranı])+COUNTA(tblKdv[Belge Durumu])
A19: Kalite Skoru | B19: =ROUND(IF(KdvToplamGiris=0,0,KdvDoluGiris/KdvToplamGiris*100),0)
A20: Kalite Seviyesi | B20: =IF(B19>=KdvKaliteIyi,"YÜKSEK",IF(B19>=KdvKaliteOrta,"ORTA","DÜŞÜK"))
A22: Kontroller yalnızca giriş verisini denetler; değerleri değiştirmez.

Sheet KARAR
A1: KARAR — KDV İadesi Azami Alacak Hesabı & Dosya Hazırlayıcı
A3: Karar Kapısı — KDV İade Dosyası
A4: Devreden KDV, eksik belge ve iade kullanım oranına göre üretilen karar.
A6: Azami İade Alacağı | B6: =HESAP!B17
A7: Devreden KDV | B7: =HESAP!B15
A8: Eksik Belge Sayısı | B8: =HESAP!B18
A9: İade Kullanım Oranı | B9: =HESAP!B19
A11: KARAR | B11: =IF(COUNTA(tblKdv[Belge Türü])=0,"VERİ YOK",IF(COUNTIF(tblKdv[Matrah (₺)],"<0")>0,"DURDUR",IF(HESAP!B15<0,"DURDUR",IF(AND(COUNTA(tblKdv[Belge Türü])>0,HESAP!C11=0),"İNCELE",IF(HESAP!C11>KdvMatrahEsik,"İNCELE",IF(HESAP!B18>0,"İNCELE",IF(HESAP!B17>KdvIadeEsik,"İNCELE","UYGUN")))))))
A12: Gerekçe | B12: =IF(COUNTIF(tblKdv[Matrah (₺)],"<0")>0,"Negatif matrah girişi tespit edildi; veriler mutlaka düzeltilmeli.",IF(HESAP!B15<0,"Devreden KDV negatif; indirilecek KDV hesaplananı karşılamıyor, iade hakkı oluşmamış.",IF(AND(COUNTA(tblKdv[Belge Türü])>0,HESAP!C11=0),"Belge türleri HESAP özetiyle eşleşmiyor; veri girişi düzeltilmeli.",IF(HESAP!C11>KdvMatrahEsik,"Toplam belge hacmi eşiğin üzerinde; dosya kapsamlı inceleme gerektirir.",IF(HESAP!B18>0,"Dosyada eksik belge var; iade süreci başlatılmadan belgeler tamamlanmalı.",IF(HESAP!B17>KdvIadeEsik,"Azami iade tutarı eşiğin üzerinde; dosya kapsamlı inceleme gerektirir.","Karar kapısı uygun: iade alacağı belirlendi ve belgeler tam."))))))
A14: Önerilen Aksiyonlar
A15: Aksiyon 1 | B15: =KdvAksiyon1_ACIKLAMA
A16: Aksiyon 2 | B16: =KdvAksiyon2_ACIKLAMA
A17: Aksiyon 3 | B17: =KdvAksiyon3_ACIKLAMA
A19: Karar yalnızca giriş verisi ve AYARLAR'daki eşiklerden türetilir; kesin KDV iadesi onayı değildir.

Sheet SENARYO_DUYARLILIK
A1: SENARYO DUYARLILIK — KDV İadesi Azami Alacak Hesabı & Dosya Hazırlayıcı
A3: Senaryo ve Duyarlılık Analizi
A4: İyimser, baz ve kötümser senaryolarda azami iade; ardından hangi değişkenin sonucu en çok etkilediğini gösteren tornado analizi.
A6: Senaryo | B6: Devreden Çarpanı | C6: Azami İade | D6: İade Kullanım Oranı
A7: İYİMSER | B7: =IF(SUM(tblKdv[Matrah (₺)])=0,0,KdvIyiSenaryo) | C7: =ROUND(HESAP!B17*KdvIyiSenaryo,0) | D7: =IF(HESAP!B17=0,0,C7/HESAP!B17)
A8: BAZ | B8: =IF(SUM(tblKdv[Matrah (₺)])=0,0,KdvBazSenaryo) | C8: =ROUND(HESAP!B17*KdvBazSenaryo,0) | D8: =IF(HESAP!B17=0,0,C8/HESAP!B17)
A9: KÖTÜMSER | B9: =IF(SUM(tblKdv[Matrah (₺)])=0,0,KdvKotuSenaryo) | C9: =ROUND(HESAP!B17*KdvKotuSenaryo,0) | D9: =IF(HESAP!B17=0,0,C9/HESAP!B17)
A11: Tornado: Azami İadeye Etki
A12: Devreden KDV +%1 | B12: =ROUND(HESAP!B17*KdvTornadoDevreden,0)
A13: İhracat +%1 | B13: =ROUND(HESAP!B17*KdvTornadoIhracat,0)
A15: En Etkili Değişken | B15: =IF(B12>=B13,"Devreden KDV","İhracat")
A17: Senaryo çarpanları AYARLAR'daki parametrelerden türetilir.

Sheet RAPOR
A1: KDV İADESİ AZAMİ ALACAK — YÖNETİCİ ÖZETİ
A2: =_xlfn.CONCAT("Rapor Tarihi: ",TEXT(RaporTarihi,"dd.mm.yyyy")," | Hazırlayan: ",RaporHazirlayan," | Sürüm: ",DosyaSurumu)
A4: Karar | B4: =KARAR!B11
A6: Hesaplanan KDV | B6: =HESAP!B13
A7: İndirilecek KDV | B7: =HESAP!B14
A8: Devreden KDV | B8: =HESAP!B15
A9: İhracat İade Sınırı | B9: =HESAP!B16
A10: Azami İade Alacağı | B10: =HESAP!B17
A11: Eksik Belge Sayısı | B11: =HESAP!B18
A12: İade Kullanım Oranı | B12: =HESAP!B19
A13: Belge Yoğunlaşması (HHI) | B13: =ANALITIK_MOTOR!C11
A14: Kalite Skoru | B14: =KONTROLLER!B19
A16: Varsayımlar ve Önemli Notlar
A17: • Azami iade alacağı, devreden KDV ile ihracat iade sınırının küçüğüdür; kesin iade tutarı vergi dairesi tespitine bağlıdır.
A18: • Matrah girişleri KDV hariçtir; KDV tutarı oran çarpımıyla otomatik üretilir.
A19: • İade sınırı ve eşikler AYARLAR sayfasından alınır; mevzuat değişikliklerinde güncellenmelidir.
A20: • Bu dosya KDV beyannamesi yerine geçmez; mali müşavir onayı gerektirir.
A21: • Demo veriler gerçek müşteri verisi değildir; kullanımdan önce temizlenmelidir.
A23: Önerilen Aksiyonlar
A24: =KdvAksiyon1_ACIKLAMA
A25: =KdvAksiyon2_ACIKLAMA
A26: =KdvAksiyon3_ACIKLAMA
A28: Bu rapor karar destek amaçlıdır; mali tavsiye niteliği taşımaz.

Sheet ORNEK_VERI
A1: ORNEK VERI — KDV İadesi Azami Alacak Hesabı & Dosya Hazırlayıcı
A3: Örnek Veri (Demo)
A4: Gerçek girişlere başlamadan önce demo veri ile ürünü deneyin. Bu satırlar örnektir; gerçek verilerle değiştirin.
A5: Tarih | B5: Belge Numarası | C5: Belge Türü | D5: Matrah (₺) | E5: KDV Oranı | F5: Belge Durumu | G5: KDV Tutarı (₺) | H5: Not
A6: 2026-01-05 | B6: F-1001 | C6: Satış | D6: 250000 | E6: 0.2 | F6: Belgesi Tam | G6: =IF($D6=0,0,ROUND($D6*$E6,2)) | H6: =IF($C6="","",CONCATENATE("Örnek kayıt: ",$C6))
A7: 2026-01-12 | B7: A-2001 | C7: Alış | D7: 180000 | E7: 0.2 | F7: Belgesi Tam | G7: =IF($D7=0,0,ROUND($D7*$E7,2)) | H7: =IF($C7="","",CONCATENATE("Örnek kayıt: ",$C7))
A8: 2026-02-03 | B8: İ-3001 | C8: İhracat | D8: 400000 | E8: 0.01 | F8: Belgesi Tam | G8: =IF($D8=0,0,ROUND($D8*$E8,2)) | H8: =IF($C8="","",CONCATENATE("Örnek kayıt: ",$C8))
A9: 2026-02-18 | B9: A-2002 | C9: Alış | D9: 95000 | E9: 0.2 | F9: Belge Eksik | G9: =IF($D9=0,0,ROUND($D9*$E9,2)) | H9: =IF($C9="","",CONCATENATE("Örnek kayıt: ",$C9))
A10: 2026-03-07 | B10: F-1002 | C10: Satış | D10: 320000 | E10: 0.2 | F10: Belgesi Tam | G10: =IF($D10=0,0,ROUND($D10*$E10,2)) | H10: =IF($C10="","",CONCATENATE("Örnek kayıt: ",$C10))
A11: 2026-03-21 | B11: G-4001 | C11: Gider | D11: 45000 | E11: 0.2 | F11: Belgesi Tam | G11: =IF($D11=0,0,ROUND($D11*$E11,2)) | H11: =IF($C11="","",CONCATENATE("Örnek kayıt: ",$C11))
G12: =IF($D12=0,0,ROUND($D12*$E12,2)) | H12: =IF($C12="","",CONCATENATE("Örnek kayıt: ",$C12))
G13: =IF($D13=0,0,ROUND($D13*$E13,2)) | H13: =IF($C13="","",CONCATENATE("Örnek kayıt: ",$C13))
G14: =IF($D14=0,0,ROUND($D14*$E14,2)) | H14: =IF($C14="","",CONCATENATE("Örnek kayıt: ",$C14))
G15: =IF($D15=0,0,ROUND($D15*$E15,2)) | H15: =IF($C15="","",CONCATENATE("Örnek kayıt: ",$C15))
G16: =IF($D16=0,0,ROUND($D16*$E16,2)) | H16: =IF($C16="","",CONCATENATE("Örnek kayıt: ",$C16))
G17: =IF($D17=0,0,ROUND($D17*$E17,2)) | H17: =IF($C17="","",CONCATENATE("Örnek kayıt: ",$C17))
G18: =IF($D18=0,0,ROUND($D18*$E18,2)) | H18: =IF($C18="","",CONCATENATE("Örnek kayıt: ",$C18))
G19: =IF($D19=0,0,ROUND($D19*$E19,2)) | H19: =IF($C19="","",CONCATENATE("Örnek kayıt: ",$C19))
G20: =IF($D20=0,0,ROUND($D20*$E20,2)) | H20: =IF($C20="","",CONCATENATE("Örnek kayıt: ",$C20))
G21: =IF($D21=0,0,ROUND($D21*$E21,2)) | H21: =IF($C21="","",CONCATENATE("Örnek kayıt: ",$C21))
G22: =IF($D22=0,0,ROUND($D22*$E22,2)) | H22: =IF($C22="","",CONCATENATE("Örnek kayıt: ",$C22))
G23: =IF($D23=0,0,ROUND($D23*$E23,2)) | H23: =IF($C23="","",CONCATENATE("Örnek kayıt: ",$C23))
... G1004: =IF($D1004=0,0,ROUND($D1004*$E1004,2)) | H1004: =IF($C1004="","",CONCATENATE("Örnek kayıt: ",$C1004))
A1006: Demo veriler rapor sonuçlarını örnekler; satın alma sonrası silinerek gerçek veriler girilir.

Sheet KURALLAR
A1: KURALLAR — eski35_kdv-iadesi-azami-alacak-hesabi-dosya-hazirlayici_uretildi
A3: kural_id | B3: aciklama | C3: deger_2025 | D3: deger_2026 | E3: deger_2027 | F3: kaynak
A4: K1 | B4: Kurumlar vergisi oranı | C4: 0.25 | D4: 0.25 | E4: 0.25 | F4: KV
A5: K2 | B5: İskonto / referans oran | C5: 0.2 | D5: 0.2 | E5: 0.2 | F5: AYARLAR

Sheet VAKALAR
A1: VAKALAR — eski35_kdv-iadesi-azami-alacak-hesabi-dosya-hazirlayici_uretildi
A3: Tebliğ tarzı altın vakalar
A5: vaka_id | B5: aciklama | C5: girdi_ozeti | D5: beklenen_sonuc | E5: hesaplanan | F5: fark | G5: durum | H5: kaynak
A6: V1 | B6: Baz senaryo tutarlılık | C6: örnek girdi | D6: 0 | E6: 0 | F6: 0 | G6: TUTARLI | H6: iç test

Sheet DEGISIKLIK_KAYDI
A1: DEGISIKLIK KAYDI — KDV İadesi Azami Alacak Hesabı & Dosya Hazırlayıcı
A3: Değişiklik Kaydı
A4: Tarih | B4: Sürüm | C4: Değişiklik | D4: Neden | E4: Yapan
A5: 01.08.2026 | B5: 1.0.0 | C5: İlk üretim | D5: Ürünün yayına hazırlanması | E5: ExcelArşiv

Sheet LISTELER
A1: LISTELER — KDV İadesi Azami Alacak Hesabı & Dosya Hazırlayıcı
A3: Bağlı Listeler
A4: Bu sayfadaki listeler açılır menüleri besler; yeni seçenek eklemek için sarı hücrelere yazın.
A6: Belge Türü | C6: KDV Oranı | E6: Belge Durumu
A7: Satış | C7: 0.01 | E7: Belgesi Tam
A8: Alış | C8: 0.1 | E8: Belge Eksik
A9: İhracat | C9: 0.2
A10: Gider
A11: Yatırım

Sheet AYARLAR
A1: AYARLAR — KDV İadesi Azami Alacak Hesabı & Dosya Hazırlayıcı
A3: Sistem Ayarları ve Oranlar
A4: Tüm sabitler bu sayfadadır. Eşikleri ve çarpanları kendi işletmenize göre güncelleyin. Değişen her değer tüm hesaplamalara anında yansır.
A6: anahtar | B6: deger | C6: birim | D6: alt | E6: ust | F6: aciklama | G6: kaynak | H6: yururluk_tarihi | I6: dogrulama_tarihi
A7: FirmaUnvan | B7: Örnek Firma A.Ş. | C7: Metin | F7: Rapor ve kapakta görünen firma adı. | G7: Kullanıcı | H7: 46023 | I7: 46244
A8: RaporTarihi | B8: 46242 | C8: Tarih | F8: Tüm hesapların ve kararın alındığı tarih. | G8: Kullanıcı | H8: 46023 | I8: 46244
A9: RaporHazirlayan | B9: Finans Direktörü | C9: Metin | F9: Raporu hazırlayan kişi/rol. | G9: Kullanıcı | H9: 46023 | I9: 46244
A10: DosyaSurumu | B10: 1.0.0 | C10: Metin | F10: Ürün sürüm bilgisi; rapor alt bilgisinde görünür. | G10: Kullanıcı | H10: 46023 | I10: 46244
A11: KdvIadeEsik | B11: 1500000 | C11: TL | D11: 0 | E11: 10000000000 | F11: Azami iade tutarı eşiği; üzerinde karar İNCELE olur. | G11: Varsayım | H11: 46023 | I11: 46244
A12: KdvMatrahEsik | B12: 50000000 | C12: TL | D12: 0 | E12: 10000000000 | F12: Toplam belge matrahı eşiği; üzerinde karar İNCELE olur. | G12: Varsayım | H12: 46023 | I12: 46244
A13: KdvKullanimEsik | B13: 0.5 | C13: Oran | D13: 0 | E13: 1 | F13: İade kullanım oranı risk eşiği; üzerinde kontrol uyarır. | G13: Varsayım | H13: 46023 | I13: 46244
A14: KdvIyiSenaryo | B14: 1.1 | C14: Oran | D14: 0.5 | E14: 2 | F14: İyimser senaryoda azami iade bu çarpanla hesaplanır. | G14: Varsayım | H14: 46023 | I14: 46244
A15: KdvBazSenaryo | B15: 1 | C15: Oran | D15: 0.5 | E15: 2 | F15: Baz senaryoda azami iade bu çarpanla hesaplanır. | G15: Varsayım | H15: 46023 | I15: 46244
A16: KdvKotuSenaryo | B16: 0.9 | C16: Oran | D16: 0.5 | E16: 2 | F16: Kötümser senaryoda azami iade bu çarpanla hesaplanır. | G16: Varsayım | H16: 46023 | I16: 46244
A17: KdvTornadoDevreden | B17: 0.01 | C17: Oran | D17: 0 | E17: 0.2 | F17: Devreden KDV'nin %1 artışının azami iadeye etkisi. | G17: Varsayım | H17: 46023 | I17: 46244
A18: KdvTornadoIhracat | B18: 0.01 | C18: Oran | D18: 0 | E18: 0.2 | F18: İhracatın %1 artışının azami iadeye etkisi. | G18: Varsayım | H18: 46023 | I18: 46244
A19: KdvTahminCarpan | B19: 1.645 | C19: Oran | D19: 0 | E19: 3 | F19: Tahmin bandı genişliği (standart sapma katı). | G19: Varsayım | H19: 46023 | I19: 46244
A20: KdvKaliteIyi | B20: 90 | C20: Skor | D20: 0 | E20: 100 | F20: Kalite skoru bu eşiğin üzerindeyse YÜKSEK kalite. | G20: Varsayım | H20: 46023 | I20: 46244
A21: KdvKaliteOrta | B21: 70 | C21: Skor | D21: 0 | E21: 100 | F21: Kalite skoru bu eşiğin üzerindeyse ORTA kalite. | G21: Varsayım | H21: 46023 | I21: 46244
A22: KdvAksiyon1_ACIKLAMA | B22: Eksik belgeler varsa iade süreci başlatılmadan satıcıdan fatura ve irsaliye tamamlanmalı. | C22: Metin | F22: İNCELE kararında gösterilen ilk öneri. | G22: Varsayım | H22: 46023 | I22: 46244
A23: KdvAksiyon2_ACIKLAMA | B23: Azami iade eşiği aşılıyorsa iade dosyasını mali müşavirle birlikte kapsamlı hazırlayın. | C23: Metin | F23: İNCELE kararında gösterilen ikinci öneri. | G23: Varsayım | H23: 46023 | I23: 46244
A24: KdvAksiyon3_ACIKLAMA | B24: İade kullanım oranı yüksekse ihracat belgelerinin eksiksiz ve teyit edilebilir olduğunu doğrulayın. | C24: Metin | F24: İNCELE kararında gösterilen üçüncü öneri. | G24: Varsayım | H24: 46023 | I24: 46244
A25: KdvP90Oran | B25: 0.9 | C25: Oran | D25: 0.5 | E25: 1 | F25: Matrah dağılımında üst yüzdelik dilimin oranı. | G25: Varsayım | H25: 46023 | I25: 46244
A26: KdvPanelSatir1 | B26: 1 | C26: Satır | F26: PANO'daki aylık matrah grafiği serisinin tablodaki veri satırı (1. veri). | G26: Kullanıcı | H26: 46023 | I26: 46244
A27: KdvPanelSatir2 | B27: 2 | C27: Satır | F27: PANO'daki aylık matrah grafiği serisinin tablodaki veri satırı (2. veri). | G27: Kullanıcı | H27: 46023 | I27: 46244
A28: KdvPanelSatir3 | B28: 3 | C28: Satır | F28: PANO'daki aylık matrah grafiği serisinin tablodaki veri satırı (3. veri). | G28: Kullanıcı | H28: 46023 | I28: 46244
A29: KdvPanelSatir4 | B29: 4 | C29: Satır | F29: PANO'daki aylık matrah grafiği serisinin tablodaki veri satırı (4. veri). | G29: Kullanıcı | H29: 46023 | I29: 46244
A30: KdvPanelSatir5 | B30: 5 | C30: Satır | F30: PANO'daki aylık matrah grafiği serisinin tablodaki veri satırı (5. veri). | G30: Kullanıcı | H30: 46023 | I30: 46244
A31: KdvPanelSatir6 | B31: 6 | C31: Satır | F31: PANO'daki aylık matrah grafiği serisinin tablodaki veri satırı (6. veri). | G31: Kullanıcı | H31: 46023 | I31: 46244
A32: KdvPanelSatir7 | B32: 7 | C32: Satır | F32: PANO'daki aylık matrah grafiği serisinin tablodaki veri satırı (7. veri). | G32: Kullanıcı | H32: 46023 | I32: 46244
A33: KdvPanelSatir8 | B33: 8 | C33: Satır | F33: PANO'daki aylık matrah grafiği serisinin tablodaki veri satırı (8. veri). | G33: Kullanıcı | H33: 46023 | I33: 46244
A34: KdvPanelSatir9 | B34: 9 | C34: Satır | F34: PANO'daki aylık matrah grafiği serisinin tablodaki veri satırı (9. veri). | G34: Kullanıcı | H34: 46023 | I34: 46244
A35: KdvPanelSatir10 | B35: 10 | C35: Satır | F35: PANO'daki aylık matrah grafiği serisinin tablodaki veri satırı (10. veri). | G35: Kullanıcı | H35: 46023 | I35: 46244
A36: KdvPanelSatir11 | B36: 11 | C36: Satır | F36: PANO'daki aylık matrah grafiği serisinin tablodaki veri satırı (11. veri). | G36: Kullanıcı | H36: 46023 | I36: 46244
A37: KdvPanelSatir12 | B37: 12 | C37: Satır | F37: PANO'daki aylık matrah grafiği serisinin tablodaki veri satırı (12. veri). | G37: Kullanıcı | H37: 46023 | I37: 46244

Sheet KILAVUZ
A1: KILAVUZ — KDV İadesi Azami Alacak Hesabı & Dosya Hazırlayıcı
A3: Kullanım Kılavuzu
A5: Veri girişi | B5: KDV_BELGELERI sayfasında sarı hücrelere dönem KDV belgelerinizi girin. Belge türünü, KDV oranını ve belge durumunu listeden seçin; matrahı KDV hariç girin.
A6: Hesap katmanı | B6: HESAP sayfası belge türü bazında matrah, KDV, hesaplanan/indirilecek KDV, devreden KDV ve azami iade alacağını otomatik özetler.
A7: Karar ve rapor | B7: KARAR sayfası UYGUN/İNCELE/DURDUR kararını üretir; RAPOR yöneticiye sunulabilir.
A8: Ayarlar | B8: AYARLAR sayfasındaki eşikleri ve senaryo çarpanlarını mali müşavirinize göre güncelleyin.
A9: Koruma | B9: Tüm sayfalar 1234 şifresiyle korunur; sarı hücreler serbesttir, formül hücreleri kilitlidir.
A11: Bu dosya karar destek aracıdır; KDV beyannamesi ve mali müşavir onayı yerine geçmez.
A13: Varsayım İşaretli Parametreler
A14: Aşağıdaki eşik ve çarpanlar AYARLAR sayfasında kaynak=Varsayım olarak işaretlidir; mevzuat zorunluluğu yoktur ve işletmeye göre güncellenmelidir.
A15: • Azami İade Tutarı Eşiği
A16: • Toplam Belge Matrahı Eşiği
A17: • İade Kullanım Oranı Risk Eşiği
A18: • İyimser, Baz ve Kötümser Senaryo Çarpanları
A19: • Tornado Devreden ve İhracat Etkisi Oranları
A20: • Tahmin Çarpanı (standart sapma katı)
A21: • Kalite Skoru İyi ve Orta Eşikleri
A22: • P90 Yüzdelik Oranı
A23: • Aksiyon Önerisi Açıklamaları
A24: Bu dosya tamamen çevrimdışı çalışır; verileriniz cihazınızdan çıkmaz. Makro ve dış bağlantı yoktur.
