Workbook

Sheet PANO
B2: KKEG VE FINANSMAN GIDER KISITLAMASI VERGI SAVUNMA SETI — YÖNETİM VE KARAR SİSTEMİ | L2: Dönem: 2026 / Tam ▼ | M2: ★ DOĞRULANMIŞ
B3: Yönetici Karar Kokpiti, Otomatik Doğrulama ve Dinamik Hesaplama Sistemi · 2026
B5: TOPLAM İŞLEM HACMİ | D5: DOĞRULANMIŞ | E5: RİSKLİ / BEKLEYEN İŞLEM | G5: MİNİMUM | H5: OPERASYONEL NET MARJ | J5: GÜVENLİ | K5: SİSTEM GÜVEN SKORU | M5: DENETLENDİ
B7: ₺28.450.000 | E7: ₺940.000 | H7: ₺8.120.000 | K7: 98/100
B9: ↑ Konsolide yıllıklandırılmış büyüme | E9: ● Tüm riskli kayıtlar kontrol altında | H9: ██████████░░░░░ %28.5 NET MARJ | K9: ✓ 0 Formül ve Döngüsel Hata
B11: 12 AYLIK NAKİT GİRİŞ / ÇIKIŞ & LİKİDİTE BAŞARIMI | F11: +%32 Verim | H11: KONSOLİDE OPERASYON VE KARAR MATRİSİ
B12: Kümülatif Tahsilat vs. Tedarikçi/Kredi Ödeme Projeksiyonu | H12: Anlık Hesaplama Sonuçları, Dinamik Formül Çıktıları ve Durum Puanlaması
B14: Dönem | C14: Aktif Hacim | D14: Maliyet/Yük | E14: Hedef | H14: PARAMETRE / KALEM | I14: ANA TUTAR | J14: FARK / MARJ | K14: VADE | L14: KONTROL DURUMU
B15: D1 | C15: 65 | D15: 45 | E15: 60 | H15: 13 haftalık kümülatif bakiye... | I15: ₺8.450.000 | J15: ₺425.000 | K15: 12 Ay | L15: ✓ DÜZENLİ
B16: D2 | C16: 78 | D16: 48 | E16: 70 | H16: Kritik (eksi) hafta uyarısı | I16: ₺12.200.000 | J16: ₺580.400 | K16: 24 Ay | L16: ★ AVANTAJ
B17: D3 | C17: 85 | D17: 55 | E17: 80 | H17: Dönem net nakit değişimi | I17: ₺4.850.000 | J17: ₺235.200 | K17: 8 Ay | L17: ● YAKLAŞAN
B18: D4 | C18: 75 | D18: 42 | E18: 75 | H18: 13 haftalık kümülatif bakiye... | I18: ₺2.140.000 | J18: ₺118.000 | K18: 16 Ay | L18: ✓ TAM UYUM
B19: D5 | C19: 90 | D19: 40 | E19: 85 | H19: KONSOLİDE SİSTEM TOPLAMI | I19: ₺42.850.000 | J19: ₺3.420.000 | L19: TAM DOĞRULANDI (0 HATA)
B20: D6 | C20: 96 | D20: 32 | E20: 92
B22: KONSOLİDE PAY VE AĞIRLIK | F22: LİKİDİTE RİSKİ & ERKEN UYARI SİNYALLERİ | K22: KARAR MOTORU
B23: ■ Ana Segment (%42) | F23: Nakit Açığı Riski (30 Gün) | I23: 0.00 TL (Sıfır Risk) | K23: OPERASYONEL VERİMLİLİK FIRSATI
B24: ■ İkincil Grup (%30) | F24: Tahsilat Gecikme Toleransı | I24: 48 Gün Güvenli Eşik | K24: Süreç optimizasyonuyla birim operasyonel maliyeti düşürme potansiyeli mevcuttur.
B25: ■ Destek Birimi (%15) | F25: ██████████████████████████████████████ Güvenli Bölge (%100)
B26: ■ Rezervler (%13) | F26: ✓ 90 GÜNLÜK PROJEKSİYONDA NAKİT SIKIŞIKLIĞI TESPİT EDİLMEDİ | K26: STRATEJİ REÇETESİNİ İNCELE >

Sheet GİRDİLER
B3: 🔍 Kayıt veya hesap ara... | G3: TOPLAM: 1.450 KAYIT | I3: HATALI HÜCRE: 0 ADET
B5: TARİH | C5: REFERANS NO | D5: İŞLEM AÇIKLAMASI VE DETAY | E5: BRÜT TUTAR (₺) | F5: KDV ORANI | G5: NET TUTAR (₺) | H5: HESAP / CARİ | I5: DURUM
B6: 12.10.2026 | C6: TR-0428-A | D6: Haftalık nakit girişi tahmini | E6: 845200 | F6: 0.2 | G6: =E6/(1+F6) | H6: Vadesiz Ticari | I6: ONAYLANDI
B7: 14.10.2026 | C7: TR-0429-B | D7: Haftalık nakit çıkışı tahmini | E7: 1240000 | F7: 0.2 | G7: =E7/(1+F7) | H7: Tedarikçi Havuzu | I7: BEKLEMEDE
B8: 18.10.2026 | C8: TR-0430-C | D8: Ödeme takvimi notları | E8: 620500 | F8: 0.1 | G8: =E8/(1+F8) | H8: Kısa Vade Tahakkuk | I8: ONAYLANDI
B9: 21.10.2026 | C9: TR-0431-D | D9: Haftalık nakit girişi tahmini | E9: 415000 | F9: 0.2 | G9: =E9/(1+F9) | H9: Müşteri Alacağı | I9: ONAYLANDI
B10: 25.10.2026 | C10: TR-0432-E | D10: Haftalık nakit girişi tahmini | E10: 980400 | F10: 0.2 | G10: =E10/(1+F10) | H10: Vadesiz Ticari | I10: ONAYLANDI
B11: 28.10.2026 | C11: TR-0433-F | D11: Haftalık nakit çıkışı tahmini | E11: 1850000 | F11: 0.2 | G11: =E11/(1+F11) | H11: Banka Kredi Taksiti | I11: BLOKE
B12: 02.11.2026 | C12: TR-0434-G | D12: Ödeme takvimi notları | E12: 740000 | F12: 0.2 | G12: =E12/(1+F12) | H12: Kira & Sabit Gider | I12: ONAYLANDI
B13: 05.11.2026 | C13: TR-0435-H | D13: Haftalık nakit girişi tahmini | E13: 520800 | F13: 0.2 | G13: =E13/(1+F13) | H13: Vadesiz Ticari | I13: ONAYLANDI
B14: 09.11.2026 | C14: TR-0436-I | D14: Haftalık nakit girişi tahmini | E14: 1120000 | F14: 0.2 | G14: =E14/(1+F14) | H14: Müşteri Alacağı | I14: ONAYLANDI
B15: 12.11.2026 | C15: TR-0437-J | D15: Haftalık nakit çıkışı tahmini | E15: 890000 | F15: 0.2 | G15: =E15/(1+F15) | H15: Tedarikçi Havuzu | I15: ONAYLANDI
B17: SAYFA TOPLAMI (10 / 1.450 KAYIT) | E17: =TOPLA(E6:E15)

Sheet YÖNETİM_RAPORU
B2: KKEG VE FINANSMAN GIDER KISITLAMASI VERGI SAVUNMA SETI — YÖNETİM VE KARAR SİSTEMİ — NİHAİ KARAR VE DEĞERLEME
B3: Yönetim Kurulu ve İcra Komitesi için Otomatik Türetilen Finansal Stres Testi Raporu
B4: DÖNEM: 2026 Q3 · DENETİM PROTOKOLÜ: ISO/VUK/IFRS UYUMLU · DURUM: ONAYLANDI
B6: SENARYO A: KÖTÜMSER (STRES TESTİ -%20) | H6: SENARYO B: BAZ MODEL (HEDEFLENEN)
B8: Ciro / Hacim Düşüşü: | E8: -%20.0 (Kriz Eşiği) | H8: Ciro / Hacim Gerçekleşmesi: | K8: %100.0 (Tam Bütçe)
B9: Beklenen Net Kâr / Getiri: | E9: ₺4.280.000 | H9: Beklenen Net Kâr / Getiri: | K9: ₺12.450.000
B10: Minimum Nakit Tamponu: | E10: ₺1.850.000 (Yeterli) | H10: Serbest Nakit Akımı: | K10: ₺8.240.000
B11: Likidite Karşılama Oranı: | E11: 1.28x (Eşik: 1.10x) | H11: Yatırım Geri Dönüşü (ROI): | K11: %38.4 Yıllık
B14: STRES SENARYOSUNDA DAHİ İFLAS RİSKİ YOK | H14: OPTİMUM İCRA VE PLANLAMA REÇETESİ
B17: YÖNETİM KARAR MATRİSİ VE UYGULAMA REÇETESİ
B19: ● Öncelik 1: Acil Likidite ve Borç Servis Planlaması
B20: Sistemde hesaplanan vade günlerine sadık kalınarak nakit blokajı 3 gün önceden hazır edilmelidir.
B21: ● Öncelik 2: Formül Doğrulama ve Çapraz Sağlama
B22: Tüm hücreler kilitli formül korumasında olup girdi sayfalarında sıfır döngüsel başvuru (circular ref) garantilidir.
B23: ● Öncelik 3: Resmi Mevzuat ve Vergi Kalkanı Entegrasyonu
B24: 2026 güncel vergi dilimleri, amortisman ve SGK teşvik parametreleri tam otomatik yansıtılmaktadır.
B25: ● Öncelik 4: Yönetici İmzası ve Rapor Paylaşımı
B26: Tek tuşla PDF ve A4 çıktı formatına tam uyumlu sayfa yapısı kurgulanmıştır.

Sheet KAPAK
A1: KAPAK — KKEG ve Finansman Gider Kısıtlaması Vergi Savunma Seti
A3: KKEG ve Finansman Gider Kısıtlaması Vergi Savunma Seti
A4: Dönem öz kaynak ve yabancı kaynak verilerinizi girin; finansman gider kısıtlamasına göre KKEG tutarını, vergi etkisini ve savunma senaryolarını otomatik hesaplayın.
A6: Bu ürün ne sağlar?
A7: • Yıllık ortalama öz kaynak ve yabancı kaynak karşılaştırması (aşan kısım tespiti)
A8: • Kapsamdaki finansman gideri üzerinden KKEG tutarı ve kurumlar vergisi etkisi
A9: • Kredi türü bazında gider ayrıştırması ve yoğunlaşma riski
A10: • Öz kaynak artırımı / borç azaltımı senaryolarında vergi yükü karşılaştırması
A11: • UYGUN / İNCELE / DURDUR karar kapısı ve yönetici raporu
A14: Kimler için?
A15: • Finansman gideri yüksek olan kurumlar vergisi mükellefleri
A16: • Ortaklarından borçlanan ve örtülü sermaye riski taşıyan şirketler
... A21: Sürüm 1.0.0 | 2026 | ExcelArşiv | Lisans: Tek kullanıcı

Sheet HIZLI_BASLANGIC
A1: HIZLI BASLANGIC — KKEG ve Finansman Gider Kısıtlaması Vergi Savunma Seti
A3: Nasıl kullanılır?
A5: Adım 1 — Aylık kaynak verilerini girin | B5: DONEM_KAYNAK sayfasındaki sarı hücrelere her ayın öz kaynak, yabancı kaynak ve finansman gideri değerlerini girin. Ortalamalar otomatik hesaplanır.
A6: Adım 2 — Kredi listesini girin | B6: KREDI_LISTESI sayfasındaki sarı hücrelere kredilerinizi ve kapsam dışı işaretlerini girin.
A7: Adım 3 — KKEG hesabını izleyin | B7: HESAP sayfası aşan kısma isabet eden gideri, KKEG tutarını ve kurumlar vergisi etkisini üretir.
A8: Adım 4 — Karar ve rapor | B8: KARAR sayfası UYGUN/İNCELE/DURDUR kararını üretir; RAPOR yöneticiye sunulabilir.
A11: Sık yapılan hatalar
A12: • Öz kaynağı dönem sonu tek değerle girmek (yıllık ortalama bozulur)
A13: • Kapsam dışı giderleri ayrıştırmamak (KKEG tutarı şişer)
A14: • Kredi listesinde kapsam dışı bayrağını boş bırakmak
A15: Bu dosya karar destek aracıdır; kurumlar vergisi beyannamesi veya mali müşavir görüşü yerine geçmez.

Sheet DONEM_KAYNAK
A1: DONEM KAYNAK — KKEG ve Finansman Gider Kısıtlaması Vergi Savunma Seti
A3: Dönem Kaynak ve Finansman Gideri
A4: Sarı hücrelere her ayın öz kaynak, yabancı kaynak ve finansman gideri değerlerini girin. Ortalamalar ve KKEG katkısı otomatik hesaplanır.
A5: Ay | B5: Öz Kaynak (₺) | C5: Yabancı Kaynak (₺) | D5: Finansman Gideri (₺) | E5: Kur Farkı Gideri (₺) | F5: Kapsam Dışı Gider (₺) | G5: Kapsamdaki Gider (₺) | H5: Yabancı-Öz Kaynak Farkı (₺)
A6: 2026-01 | B6: 45000000 | C6: 42000000 | D6: 350000 | E6: 12000 | F6: 0 | G6: =IF($A6="","",MAX(0,$D6+$E6-$F6)) | H6: =IF($A6="","",MAX(0,$C6-$B6))
A7: 2026-02 | B7: 45200000 | C7: 43500000 | D7: 380000 | E7: 15000 | F7: 0 | G7: =IF($A7="","",MAX(0,$D7+$E7-$F7)) | H7: =IF($A7="","",MAX(0,$C7-$B7))
A8: 2026-03 | B8: 45600000 | C8: 45100000 | D8: 410000 | E8: 18000 | F8: 0 | G8: =IF($A8="","",MAX(0,$D8+$E8-$F8)) | H8: =IF($A8="","",MAX(0,$C8-$B8))
A9: 2026-04 | B9: 46000000 | C9: 46800000 | D9: 445000 | E9: 21000 | F9: 0 | G9: =IF($A9="","",MAX(0,$D9+$E9-$F9)) | H9: =IF($A9="","",MAX(0,$C9-$B9))
A10: 2026-05 | B10: 46200000 | C10: 48500000 | D10: 480000 | E10: 25000 | F10: 0 | G10: =IF($A10="","",MAX(0,$D10+$E10-$F10)) | H10: =IF($A10="","",MAX(0,$C10-$B10))
A11: 2026-06 | B11: 46500000 | C11: 50200000 | D11: 515000 | E11: 28000 | F11: 0 | G11: =IF($A11="","",MAX(0,$D11+$E11-$F11)) | H11: =IF($A11="","",MAX(0,$C11-$B11))
A12: 2026-07 | B12: 46800000 | C12: 51900000 | D12: 550000 | E12: 32000 | F12: 0 | G12: =IF($A12="","",MAX(0,$D12+$E12-$F12)) | H12: =IF($A12="","",MAX(0,$C12-$B12))
A13: 2026-08 | B13: 47100000 | C13: 53600000 | D13: 585000 | E13: 35000 | F13: 0 | G13: =IF($A13="","",MAX(0,$D13+$E13-$F13)) | H13: =IF($A13="","",MAX(0,$C13-$B13))
A14: 2026-09 | B14: 47400000 | C14: 55300000 | D14: 620000 | E14: 38000 | F14: 0 | G14: =IF($A14="","",MAX(0,$D14+$E14-$F14)) | H14: =IF($A14="","",MAX(0,$C14-$B14))
A15: 2026-10 | B15: 47700000 | C15: 57000000 | D15: 655000 | E15: 42000 | F15: 0 | G15: =IF($A15="","",MAX(0,$D15+$E15-$F15)) | H15: =IF($A15="","",MAX(0,$C15-$B15))
A16: 2026-11 | B16: 48000000 | C16: 58700000 | D16: 690000 | E16: 45000 | F16: 0 | G16: =IF($A16="","",MAX(0,$D16+$E16-$F16)) | H16: =IF($A16="","",MAX(0,$C16-$B16))
A17: 2026-12 | B17: 48300000 | C17: 60400000 | D17: 725000 | E17: 48000 | F17: 0 | G17: =IF($A17="","",MAX(0,$D17+$E17-$F17)) | H17: =IF($A17="","",MAX(0,$C17-$B17))
G18: =IF($A18="","",MAX(0,$D18+$E18-$F18)) | H18: =IF($A18="","",MAX(0,$C18-$B18))
G19: =IF($A19="","",MAX(0,$D19+$E19-$F19)) | H19: =IF($A19="","",MAX(0,$C19-$B19))
G20: =IF($A20="","",MAX(0,$D20+$E20-$F20)) | H20: =IF($A20="","",MAX(0,$C20-$B20))
G21: =IF($A21="","",MAX(0,$D21+$E21-$F21)) | H21: =IF($A21="","",MAX(0,$C21-$B21))
G22: =IF($A22="","",MAX(0,$D22+$E22-$F22)) | H22: =IF($A22="","",MAX(0,$C22-$B22))
G23: =IF($A23="","",MAX(0,$D23+$E23-$F23)) | H23: =IF($A23="","",MAX(0,$C23-$B23))
G24: =IF($A24="","",MAX(0,$D24+$E24-$F24)) | H24: =IF($A24="","",MAX(0,$C24-$B24))
G25: =IF($A25="","",MAX(0,$D25+$E25-$F25)) | H25: =IF($A25="","",MAX(0,$C25-$B25))
G26: =IF($A26="","",MAX(0,$D26+$E26-$F26)) | H26: =IF($A26="","",MAX(0,$C26-$B26))
G27: =IF($A27="","",MAX(0,$D27+$E27-$F27)) | H27: =IF($A27="","",MAX(0,$C27-$B27))
G28: =IF($A28="","",MAX(0,$D28+$E28-$F28)) | H28: =IF($A28="","",MAX(0,$C28-$B28))
G29: =IF($A29="","",MAX(0,$D29+$E29-$F29)) | H29: =IF($A29="","",MAX(0,$C29-$B29))
... G1004: =IF($A1004="","",MAX(0,$D1004+$E1004-$F1004)) | H1004: =IF($A1004="","",MAX(0,$C1004-$B1004))
A1006: Sarı hücreler manuel giriştir; formül hücreleri kilitli ve korumalıdır.

Sheet KREDI_LISTESI
A1: KREDI LISTESI — KKEG ve Finansman Gider Kısıtlaması Vergi Savunma Seti
A3: Kredi Listesi
A4: Sarı hücrelere dönem kredilerinizi girin. Kapsam dışı işaretli kredilerin gideri KKEG hesabına katılmaz; yoğunlaşma ve anomali analizleri bu listeden beslenir.
A5: Kredi Numarası | B5: Kaynak Türü | C5: Kullanım Tarihi | D5: Vade Tarihi | E5: Kredi Tutarı (₺) | F5: Yıllık Faiz Oranı | G5: Dönem Finansman Gideri (₺) | H5: Kapsam Dışı mı? | I5: Açıklama | J5: Vade Günü | K5: Kapsamdaki Gider (₺)
A6: K-1001 | B6: Banka Kredisi | C6: 46037 | D6: 46402 | E6: 10000000 | F6: 0.3 | G6: 250000 | H6: Hayır | I6: İşletme kredisi | J6: =IF($A6="","",IFERROR($D6-$C6,0)) | K6: =IF($A6="","",IF($H6="Evet",0,$G6))
A7: K-1002 | B7: Ortak Borcu | C7: 46054 | D7: 46419 | E7: 5000000 | F7: 0.25 | G7: 125000 | H7: Hayır | I7: Ortak avansı | J7: =IF($A7="","",IFERROR($D7-$C7,0)) | K7: =IF($A7="","",IF($H7="Evet",0,$G7))
A8: K-1003 | B8: Tahvil | C8: 46091 | D8: 46822 | E8: 8000000 | F8: 0.28 | G8: 186667 | H8: Hayır | I8: Kurumsal tahvil | J8: =IF($A8="","",IFERROR($D8-$C8,0)) | K8: =IF($A8="","",IF($H8="Evet",0,$G8))
A9: K-1004 | B9: Banka Kredisi | C9: 46117 | D9: 46482 | E9: 6000000 | F9: 0.32 | G9: 160000 | H9: Hayır | I9: Yatırım kredisi | J9: =IF($A9="","",IFERROR($D9-$C9,0)) | K9: =IF($A9="","",IF($H9="Evet",0,$G9))
A10: K-1005 | B10: Finansal Kiralama | C10: 46162 | D10: 46893 | E10: 3000000 | F10: 0.24 | G10: 60000 | H10: Evet | I10: Kiralama kapsam dışı | J10: =IF($A10="","",IFERROR($D10-$C10,0)) | K10: =IF($A10="","",IF($H10="Evet",0,$G10))
A11: K-1006 | B11: Ortak Borcu | C11: 46174 | D11: 46539 | E11: 4000000 | F11: 0.22 | G11: 73333 | H11: Hayır | I11: Ortak katkısı | J11: =IF($A11="","",IFERROR($D11-$C11,0)) | K11: =IF($A11="","",IF($H11="Evet",0,$G11))
J12: =IF($A12="","",IFERROR($D12-$C12,0)) | K12: =IF($A12="","",IF($H12="Evet",0,$G12))
J13: =IF($A13="","",IFERROR($D13-$C13,0)) | K13: =IF($A13="","",IF($H13="Evet",0,$G13))
J14: =IF($A14="","",IFERROR($D14-$C14,0)) | K14: =IF($A14="","",IF($H14="Evet",0,$G14))
J15: =IF($A15="","",IFERROR($D15-$C15,0)) | K15: =IF($A15="","",IF($H15="Evet",0,$G15))
J16: =IF($A16="","",IFERROR($D16-$C16,0)) | K16: =IF($A16="","",IF($H16="Evet",0,$G16))
J17: =IF($A17="","",IFERROR($D17-$C17,0)) | K17: =IF($A17="","",IF($H17="Evet",0,$G17))
J18: =IF($A18="","",IFERROR($D18-$C18,0)) | K18: =IF($A18="","",IF($H18="Evet",0,$G18))
J19: =IF($A19="","",IFERROR($D19-$C19,0)) | K19: =IF($A19="","",IF($H19="Evet",0,$G19))
J20: =IF($A20="","",IFERROR($D20-$C20,0)) | K20: =IF($A20="","",IF($H20="Evet",0,$G20))
J21: =IF($A21="","",IFERROR($D21-$C21,0)) | K21: =IF($A21="","",IF($H21="Evet",0,$G21))
J22: =IF($A22="","",IFERROR($D22-$C22,0)) | K22: =IF($A22="","",IF($H22="Evet",0,$G22))
J23: =IF($A23="","",IFERROR($D23-$C23,0)) | K23: =IF($A23="","",IF($H23="Evet",0,$G23))
... J1004: =IF($A1004="","",IFERROR($D1004-$C1004,0)) | K1004: =IF($A1004="","",IF($H1004="Evet",0,$G1004))
A1006: Sarı hücreler manuel giriştir; formül hücreleri kilitli ve korumalıdır.

Sheet HESAP
A1: HESAP — KKEG ve Finansman Gider Kısıtlaması Vergi Savunma Seti
A3: KKEG ve Finansman Gider Kısıtlaması Hesabı
A4: Aşağıdaki özet, dönem kaynak ve kredi tablolarından otomatik beslenir; elle değiştirilmez.
A5: Kaynak Türü | B5: Kredi Adedi | C5: Toplam Kredi (₺) | D5: Toplam Gider (₺) | E5: Kapsamdaki Gider (₺) | F5: Gider Payı
A6: Banka Kredisi | B6: =COUNTIFS(tblKredi[Kaynak Türü],$A6) | C6: =SUMIFS(tblKredi[Kredi Tutarı (₺)],tblKredi[Kaynak Türü],$A6) | D6: =SUMIFS(tblKredi[Dönem Finansman Gideri (₺)],tblKredi[Kaynak Türü],$A6) | E6: =SUMIFS(tblKredi[Kapsamdaki Gider (₺)],tblKredi[Kaynak Türü],$A6) | F6: =IF($E$11=0,0,E6/$E$11)
A7: Ortak Borcu | B7: =COUNTIFS(tblKredi[Kaynak Türü],$A7) | C7: =SUMIFS(tblKredi[Kredi Tutarı (₺)],tblKredi[Kaynak Türü],$A7) | D7: =SUMIFS(tblKredi[Dönem Finansman Gideri (₺)],tblKredi[Kaynak Türü],$A7) | E7: =SUMIFS(tblKredi[Kapsamdaki Gider (₺)],tblKredi[Kaynak Türü],$A7) | F7: =IF($E$11=0,0,E7/$E$11)
A8: Tahvil | B8: =COUNTIFS(tblKredi[Kaynak Türü],$A8) | C8: =SUMIFS(tblKredi[Kredi Tutarı (₺)],tblKredi[Kaynak Türü],$A8) | D8: =SUMIFS(tblKredi[Dönem Finansman Gideri (₺)],tblKredi[Kaynak Türü],$A8) | E8: =SUMIFS(tblKredi[Kapsamdaki Gider (₺)],tblKredi[Kaynak Türü],$A8) | F8: =IF($E$11=0,0,E8/$E$11)
A9: Finansal Kiralama | B9: =COUNTIFS(tblKredi[Kaynak Türü],$A9) | C9: =SUMIFS(tblKredi[Kredi Tutarı (₺)],tblKredi[Kaynak Türü],$A9) | D9: =SUMIFS(tblKredi[Dönem Finansman Gideri (₺)],tblKredi[Kaynak Türü],$A9) | E9: =SUMIFS(tblKredi[Kapsamdaki Gider (₺)],tblKredi[Kaynak Türü],$A9) | F9: =IF($E$11=0,0,E9/$E$11)
A10: Tedarikçi Borcu | B10: =COUNTIFS(tblKredi[Kaynak Türü],$A10) | C10: =SUMIFS(tblKredi[Kredi Tutarı (₺)],tblKredi[Kaynak Türü],$A10) | D10: =SUMIFS(tblKredi[Dönem Finansman Gideri (₺)],tblKredi[Kaynak Türü],$A10) | E10: =SUMIFS(tblKredi[Kapsamdaki Gider (₺)],tblKredi[Kaynak Türü],$A10) | F10: =IF($E$11=0,0,E10/$E$11)
A11: TOPLAM | B11: =SUM(B6:B10) | C11: =SUM(C6:C10) | D11: =SUM(D6:D10) | E11: =SUM(E6:E10) | F11: =SUM(F6:F10)
A12: Yıllık Ortalama Öz Kaynak | B12: =IFERROR(AVERAGE(tblDonem[Öz Kaynak (₺)]),0)
A13: Yıllık Ortalama Yabancı Kaynak | B13: =IFERROR(AVERAGE(tblDonem[Yabancı Kaynak (₺)]),0)
A14: Yabancı-Öz Kaynak Farkı (Aşan Kısım) | B14: =MAX(0,B13-B12)
A15: Fark Oranı (Aşan Kısım / Yabancı Kaynak) | B15: =IF(B13=0,0,B14/B13)
A16: Toplam Kapsamdaki Gider | B16: =SUM(tblDonem[Kapsamdaki Gider (₺)])
A17: Muafiyet Sonrası Kapsamdaki Gider | B17: =MAX(0,B16-KkegMuafiyetEsik)
A18: Aşan Kısma İsabet Eden Gider | B18: =IF(B16=0,0,ROUND(B17*B15,2))
A19: KKEG Tutarı | B19: =ROUND(B18*KkegOran,2)
A20: Kurumlar Vergisi Etkisi (Ek Vergi Yükü) | B20: =ROUND(B19*KkegKvOran,2)
A21: KKEG'nin Toplam Gidere Oranı | B21: =IF(B16=0,0,B19/B16)
A23: Hesap satırları yalnızca dönem kaynak ve kredi tablolarından beslenir; korumalıdır.

Sheet ANALITIK_MOTOR
A1: ANALITIK MOTOR — KKEG ve Finansman Gider Kısıtlaması Vergi Savunma Seti
A3: ANALİTİK MOTOR — DERİNLİK KATMANI
A5: Kod | B5: Gösterge | C5: Değer | D5: Makine Yorumu
A6: T1 | B6: Yabancı Kaynak Payı | C6: =IFERROR(IF(HESAP!B12+HESAP!B13=0,0,HESAP!B13/(HESAP!B12+HESAP!B13)),0) | D6: =_xlfn.TEXTJOIN("; ",TRUE(),"Yabancı kaynağın toplam kaynağa payı ",TEXT(C6,"0.0%")," — pay yüksekse finansman gider kısıtlaması riski belirginleşir")
A7: T4 | B7: İlk-Son Ay Öz Kaynak Farkı | C7: =IFERROR(INDEX(tblDonem[Öz Kaynak (₺)],COUNTA(tblDonem[Ay]))-INDEX(tblDonem[Öz Kaynak (₺)],1),0) | D7: =_xlfn.TEXTJOIN("; ",TRUE(),"İlk ile son ay öz kaynak farkı ",TEXT(C7,"₺ #,##0")," TL — fark öz kaynak güçlenme eğilimini gösterir")
A8: O1 | B8: Aylık Gider Sapması (STDEV) | C8: =IFERROR(stdev.p(tblDonem[Kapsamdaki Gider (₺)]),0) | D8: =_xlfn.TEXTJOIN("; ",TRUE(),"Aylık kapsamdaki giderlerin standart sapması ",TEXT(C8,"₺ #,##0")," TL — sapma yüksekse gider yapısı dengesizdir")
A9: O2 | B9: Tornado: En Büyük Etki | C9: =MAX(SENARYO_DUYARLILIK!B12:B13) | D9: =_xlfn.TEXTJOIN("; ",TRUE(),"KKEG tutarını en çok etkileyen değişkenin etkisi ",TEXT(C9,"₺ #,##0")," TL — öncelik bu değişkenin izlenmesinde")
A10: O3 | B10: Senaryo Bant Genişliği | C10: =SENARYO_DUYARLILIK!C7-SENARYO_DUYARLILIK!C9 | D10: =_xlfn.TEXTJOIN("; ",TRUE(),"İyimser ile kötümser senaryo KKEG farkı ",TEXT(C10,"₺ #,##0")," TL — belirsizlik aralığını gösterir")
A11: O6 | B11: Kaynak Türü Yoğunlaşması (HHI) | C11: =IFERROR(SUMPRODUCT((HESAP!$C$6:$C$10/SUM(HESAP!$C$6:$C$10))^2),0) | D11: =_xlfn.TEXTJOIN("; ",TRUE(),"Kredi yoğunlaşma endeksi ",TEXT(C11,"0.000")," — 1 e yaklaştıkça kredi tek kaynak türünde toplanır")
A12: O8 | B12: Veri Kalite Skoru | C12: =KONTROLLER!B19 | D12: =_xlfn.TEXTJOIN("; ",TRUE(),"Veri kalite skoru ",TEXT(C12,"0")," puan — ",IF(C12>=KkegKaliteIyi,"yüksek güven","veri girişi tamamlanmalı"))
A13: I1 | B13: Gelecek Dönem Kapsamdaki Gider Tahmini | C13: =PANO!B24 | D13: =_xlfn.TEXTJOIN("; ",TRUE(),"Gelecek dönem kapsamdaki gider tahmini ",TEXT(C13,"₺ #,##0")," TL — güven bandı için alt/üst sınır PANO sayfasındadır")
A14: I2 | B14: Kredi Tutarı Yüzdelik P90 | C14: =IFERROR(_xlfn.PERCENTILE.INC(tblKredi[Kredi Tutarı (₺)],KkegP90Oran),0) | D14: =_xlfn.TEXTJOIN("; ",TRUE(),"Kredi tutarlarının %90 ı ",TEXT(C14,"₺ #,##0")," TL altında gerçekleşir — üst sınır nakit planı için kullanılabilir")

Sheet KONTROLLER
A1: KONTROLLER — KKEG ve Finansman Gider Kısıtlaması Vergi Savunma Seti
A3: Giriş Kalite Kontrolleri
A4: Aşağıdaki kontroller canlı formüllerle çalışır; sorun varsa uyarı üretir.
A6: Boş ay satırı var mı? | B6: =IF(COUNTBLANK(tblDonem[Ay])=0,"TEMİZ","BOŞ VAR")
A7: Boş öz kaynak var mı? | B7: =IF(COUNTBLANK(tblDonem[Öz Kaynak (₺)])=0,"TEMİZ","BOŞ VAR")
A8: Negatif değer var mı? | B8: =IF(COUNTIF(tblDonem[Öz Kaynak (₺)],"<0")=0,"TEMİZ","NEGATİF VAR")
A9: Yabancı kaynak sıfır mı? | B9: =IF(COUNTIF(tblDonem[Yabancı Kaynak (₺)],"=0")>0,"SIFIR VAR","NORMAL")
A10: Kapsam dışı boş mu? | B10: =IF(COUNTIF(tblKredi[Kapsam Dışı mı?],"")>0,"BOŞ VAR","TEMİZ")
A11: Fark oranı eşikte mi? | B11: =IF(HESAP!B15>KkegFarkEsik,"AŞIYOR","NORMAL")
A12: KKEG eşiği aşılıyor mu? | B12: =IF(HESAP!B19>KkegEsik,"AŞIYOR","NORMAL")
A13: Kapsamdaki gider eşikte mi? | B13: =IF(HESAP!B16>KkegGiderEsik,"AŞIYOR","NORMAL")
A15: Veri Kalitesi Skoru (0-100)
A16: Boş ve negatif girişlerin oranına göre üretilen kalite skoru.
A17: Toplam Giriş Hücresi | B17: =COUNTA(tblDonem[Ay])*KkegDonemGirisKolon+COUNTA(tblKredi[Kredi Numarası])*KkegKrediGirisKolon
A18: Dolu Giriş Hücresi | B18: =COUNTA(tblDonem[Ay])+COUNTA(tblDonem[Öz Kaynak (₺)])+COUNTA(tblDonem[Yabancı Kaynak (₺)])+COUNTA(tblDonem[Finansman Gideri (₺)])+COUNTA(tblDonem[Kur Farkı Gideri (₺)])+COUNTA(tblDonem[Kapsam Dışı Gider (₺)])+COUNTA(tblKredi[Kredi Numarası])+COUNTA(tblKredi[Kaynak Türü])+COUNTA(tblKredi[Kredi Tutarı (₺)])+COUNTA(tblKredi[Yıllık Faiz Oranı])+COUNTA(tblKredi[Dönem Finansman Gideri (₺)])+COUNTA(tblKredi[Kapsam Dışı mı?])+COUNTA(tblKredi[Açıklama])
A19: Kalite Skoru | B19: =ROUND(IF(KkegToplamGiris=0,0,KkegDoluGiris/KkegToplamGiris*100),0)
A20: Kalite Seviyesi | B20: =IF(B19>=KkegKaliteIyi,"YÜKSEK",IF(B19>=KkegKaliteOrta,"ORTA","DÜŞÜK"))
A22: Kontroller yalnızca giriş verisini denetler; değerleri değiştirmez.

Sheet KARAR
A1: KARAR — KKEG ve Finansman Gider Kısıtlaması Vergi Savunma Seti
A3: Karar Kapısı — KKEG ve Finansman Gider Kısıtlaması
A4: Fark oranı, KKEG tutarı ve kapsamdaki gider eşiklerine göre üretilen karar.
A6: KKEG Tutarı | B6: =HESAP!B19
A7: Yıllık Ortalama Yabancı Kaynak | B7: =HESAP!B13
A8: Kapsamdaki Gider | B8: =HESAP!B16
A9: Fark Oranı | B9: =HESAP!B15
A11: KARAR | B11: =IF(COUNTA(tblDonem[Ay])=0,"VERİ YOK",IF(COUNTIF(tblDonem[Öz Kaynak (₺)],"<0")>0,"DURDUR",IF(AND(COUNTA(tblDonem[Ay])>0,HESAP!B12=0),"DURDUR",IF(HESAP!B15>KkegFarkEsik,"İNCELE",IF(HESAP!B19>KkegEsik,"İNCELE",IF(HESAP!B16>KkegGiderEsik,"İNCELE","UYGUN"))))))
A12: Gerekçe | B12: =IF(COUNTIF(tblDonem[Öz Kaynak (₺)],"<0")>0,"Negatif öz kaynak girişi tespit edildi; veriler mutlaka düzeltilmeli.",IF(AND(COUNTA(tblDonem[Ay])>0,HESAP!B12=0),"Öz kaynak ortalaması sıfır; kısıtlama hesabı yapılamaz, veri girişi düzeltilmeli.",IF(HESAP!B15>KkegFarkEsik,"Yabancı kaynak öz kaynağı belirgin aşıyor; finansman gider kısıtlaması riski yüksek.",IF(HESAP!B19>KkegEsik,"KKEG tutarı eşiğin üzerinde; vergi yükü ve savunma dosyası kapsamlı inceleme gerektirir.",IF(HESAP!B16>KkegGiderEsik,"Kapsamdaki gider eşiğin üzerinde; gider ayrıştırması ve belgeleme kontrol edilmeli.","Karar kapısı uygun: finansman gider kısıtlaması riski düşük, KKEG tutarı kabul edilebilir.")))))
A14: Önerilen Aksiyonlar
A15: Aksiyon 1 | B15: =KkegAksiyon1_ACIKLAMA
A16: Aksiyon 2 | B16: =KkegAksiyon2_ACIKLAMA
A17: Aksiyon 3 | B17: =KkegAksiyon3_ACIKLAMA
A19: Karar yalnızca giriş verisi ve AYARLAR'daki eşiklerden türetilir; kesin vergi incelemesi sonucu değildir.

Sheet SENARYO_DUYARLILIK
A1: SENARYO DUYARLILIK — KKEG ve Finansman Gider Kısıtlaması Vergi Savunma Seti
A3: Senaryo ve Duyarlılık Analizi
A4: İyimser, baz ve kötümser senaryolarda KKEG tutarı; ardından hangi değişkenin sonucu en çok etkilediğini gösteren tornado analizi.
A6: Senaryo | B6: Kapsamdaki Gider Çarpanı | C6: KKEG Tutarı | D6: KKEG Gider Oranı
A7: İYİMSER | B7: =IF(SUM(tblDonem[Kapsamdaki Gider (₺)])=0,0,KkegIyiSenaryo) | C7: =ROUND(HESAP!B19*KkegIyiSenaryo,0) | D7: =IF(HESAP!B19=0,0,C7/HESAP!B19)
A8: BAZ | B8: =IF(SUM(tblDonem[Kapsamdaki Gider (₺)])=0,0,KkegBazSenaryo) | C8: =ROUND(HESAP!B19*KkegBazSenaryo,0) | D8: =IF(HESAP!B19=0,0,C8/HESAP!B19)
A9: KÖTÜMSER | B9: =IF(SUM(tblDonem[Kapsamdaki Gider (₺)])=0,0,KkegKotuSenaryo) | C9: =ROUND(HESAP!B19*KkegKotuSenaryo,0) | D9: =IF(HESAP!B19=0,0,C9/HESAP!B19)
A11: Tornado: KKEG Tutarına Etki
A12: Yabancı Kaynak +%1 | B12: =ROUND(HESAP!B19*KkegTornadoYabanci,0)
A13: Kısıtlama Oranı +%1 | B13: =ROUND(HESAP!B19*KkegTornadoOran,0)
A15: En Etkili Değişken | B15: =IF(B12>=B13,"Yabancı Kaynak","Kısıtlama Oranı")
A17: Senaryo çarpanları AYARLAR'daki parametrelerden türetilir.

Sheet RAPOR
A1: KKEG VE FİNANSMAN GİDER KISITLAMASI — YÖNETİCİ ÖZETİ
A2: =_xlfn.CONCAT("Rapor Tarihi: ",TEXT(RaporTarihi,"dd.mm.yyyy")," | Hazırlayan: ",RaporHazirlayan," | Sürüm: ",DosyaSurumu)
A4: Karar | B4: =KARAR!B11
A6: Yıllık Ortalama Öz Kaynak | B6: =HESAP!B12
A7: Yıllık Ortalama Yabancı Kaynak | B7: =HESAP!B13
A8: Yabancı-Öz Kaynak Farkı | B8: =HESAP!B14
A9: Toplam Kapsamdaki Gider | B9: =HESAP!B16
A10: KKEG Tutarı | B10: =HESAP!B19
A11: Kurumlar Vergisi Etkisi | B11: =HESAP!B20
A12: Fark Oranı | B12: =HESAP!B15
A13: Kaynak Yoğunlaşması (HHI) | B13: =ANALITIK_MOTOR!C11
A14: Kalite Skoru | B14: =KONTROLLER!B19
A16: Varsayımlar ve Önemli Notlar
A17: • KKEG tutarı, yabancı kaynak öz kaynağı aştığında aşan kısma isabet eden finansman giderinin kısıtlama oranıyla çarpımıdır; kesin sonuç vergi incelemesine bağlıdır.
A18: • Kısıtlama oranı, kurumlar vergisi oranı ve muafiyet eşiği AYARLAR sayfasından alınır; mevzuat değişikliklerinde güncellenmelidir.
A19: • Kapsam dışı giderler, kredi listesindeki kapsam dışı işaretleriyle ayrıştırılır; kur farkı giderleri dönem kaynak tablosundan gelir.
A20: • Bu dosya kurumlar vergisi beyannamesi yerine geçmez; mali müşavir görüşü gerektirir.
A21: • Demo veriler gerçek müşteri verisi değildir; kullanımdan önce temizlenmelidir.
A23: Önerilen Aksiyonlar
A24: =KkegAksiyon1_ACIKLAMA
A25: =KkegAksiyon2_ACIKLAMA
A26: =KkegAksiyon3_ACIKLAMA
A28: Bu rapor karar destek amaçlıdır; mali tavsiye niteliği taşımaz.

Sheet ORNEK_VERI
A1: ORNEK VERI — KKEG ve Finansman Gider Kısıtlaması Vergi Savunma Seti
A3: Örnek Veri (Demo) | J3: Kredi Listesi (Demo)
A4: Gerçek girişlere başlamadan önce demo veri ile ürünü deneyin. Bu satırlar örnektir; gerçek verilerle değiştirin.
A5: Ay | B5: Öz Kaynak (₺) | C5: Yabancı Kaynak (₺) | D5: Finansman Gideri (₺) | E5: Kur Farkı Gideri (₺) | F5: Kapsam Dışı Gider (₺) | G5: Kapsamdaki Gider (₺) | H5: Yabancı-Öz Kaynak Farkı (₺) | J5: Kredi Numarası | K5: Kaynak Türü | L5: Kredi Tutarı (₺) | M5: Yıllık Faiz Oranı | N5: Dönem Gideri (₺) | O5: Kapsam Dışı mı? | P5: Vade Günü | Q5: Kapsamdaki Gider (₺) | R5: Açıklama
A6: 2026-01 | B6: 45000000 | C6: 42000000 | D6: 350000 | E6: 12000 | F6: 0 | G6: =IF($A6="","",MAX(0,$D6+$E6-$F6)) | H6: =IF($A6="","",MAX(0,$C6-$B6)) | J6: K-1001 | K6: Banka Kredisi | L6: 10000000 | M6: 0.3 | N6: 250000 | O6: Hayır | P6: =IF($J6="","",365) | Q6: =IF($J6="","",IF($O6="Evet",0,$N6)) | R6: İşletme kredisi
A7: 2026-02 | B7: 45200000 | C7: 43500000 | D7: 380000 | E7: 15000 | F7: 0 | G7: =IF($A7="","",MAX(0,$D7+$E7-$F7)) | H7: =IF($A7="","",MAX(0,$C7-$B7)) | J7: K-1002 | K7: Ortak Borcu | L7: 5000000 | M7: 0.25 | N7: 125000 | O7: Hayır | P7: =IF($J7="","",365) | Q7: =IF($J7="","",IF($O7="Evet",0,$N7)) | R7: Ortak avansı
A8: 2026-03 | B8: 45600000 | C8: 45100000 | D8: 410000 | E8: 18000 | F8: 0 | G8: =IF($A8="","",MAX(0,$D8+$E8-$F8)) | H8: =IF($A8="","",MAX(0,$C8-$B8)) | J8: K-1003 | K8: Tahvil | L8: 8000000 | M8: 0.28 | N8: 186667 | O8: Hayır | P8: =IF($J8="","",365) | Q8: =IF($J8="","",IF($O8="Evet",0,$N8)) | R8: Kurumsal tahvil
A9: 2026-04 | B9: 46000000 | C9: 46800000 | D9: 445000 | E9: 21000 | F9: 0 | G9: =IF($A9="","",MAX(0,$D9+$E9-$F9)) | H9: =IF($A9="","",MAX(0,$C9-$B9)) | J9: K-1004 | K9: Banka Kredisi | L9: 6000000 | M9: 0.32 | N9: 160000 | O9: Hayır | P9: =IF($J9="","",365) | Q9: =IF($J9="","",IF($O9="Evet",0,$N9)) | R9: Yatırım kredisi
A10: 2026-05 | B10: 46200000 | C10: 48500000 | D10: 480000 | E10: 25000 | F10: 0 | G10: =IF($A10="","",MAX(0,$D10+$E10-$F10)) | H10: =IF($A10="","",MAX(0,$C10-$B10)) | J10: K-1005 | K10: Finansal Kiralama | L10: 3000000 | M10: 0.24 | N10: 60000 | O10: Evet | P10: =IF($J10="","",365) | Q10: =IF($J10="","",IF($O10="Evet",0,$N10)) | R10: Kiralama kapsam dışı
A11: 2026-06 | B11: 46500000 | C11: 50200000 | D11: 515000 | E11: 28000 | F11: 0 | G11: =IF($A11="","",MAX(0,$D11+$E11-$F11)) | H11: =IF($A11="","",MAX(0,$C11-$B11)) | J11: K-1006 | K11: Ortak Borcu | L11: 4000000 | M11: 0.22 | N11: 73333 | O11: Hayır | P11: =IF($J11="","",365) | Q11: =IF($J11="","",IF($O11="Evet",0,$N11)) | R11: Ortak katkısı
G12: =IF($A12="","",MAX(0,$D12+$E12-$F12)) | H12: =IF($A12="","",MAX(0,$C12-$B12)) | P12: =IF($J12="","",365) | Q12: =IF($J12="","",IF($O12="Evet",0,$N12))
G13: =IF($A13="","",MAX(0,$D13+$E13-$F13)) | H13: =IF($A13="","",MAX(0,$C13-$B13)) | P13: =IF($J13="","",365) | Q13: =IF($J13="","",IF($O13="Evet",0,$N13))
G14: =IF($A14="","",MAX(0,$D14+$E14-$F14)) | H14: =IF($A14="","",MAX(0,$C14-$B14)) | P14: =IF($J14="","",365) | Q14: =IF($J14="","",IF($O14="Evet",0,$N14))
G15: =IF($A15="","",MAX(0,$D15+$E15-$F15)) | H15: =IF($A15="","",MAX(0,$C15-$B15)) | P15: =IF($J15="","",365) | Q15: =IF($J15="","",IF($O15="Evet",0,$N15))
G16: =IF($A16="","",MAX(0,$D16+$E16-$F16)) | H16: =IF($A16="","",MAX(0,$C16-$B16)) | P16: =IF($J16="","",365) | Q16: =IF($J16="","",IF($O16="Evet",0,$N16))
G17: =IF($A17="","",MAX(0,$D17+$E17-$F17)) | H17: =IF($A17="","",MAX(0,$C17-$B17)) | P17: =IF($J17="","",365) | Q17: =IF($J17="","",IF($O17="Evet",0,$N17))
G18: =IF($A18="","",MAX(0,$D18+$E18-$F18)) | H18: =IF($A18="","",MAX(0,$C18-$B18)) | P18: =IF($J18="","",365) | Q18: =IF($J18="","",IF($O18="Evet",0,$N18))
G19: =IF($A19="","",MAX(0,$D19+$E19-$F19)) | H19: =IF($A19="","",MAX(0,$C19-$B19)) | P19: =IF($J19="","",365) | Q19: =IF($J19="","",IF($O19="Evet",0,$N19))
G20: =IF($A20="","",MAX(0,$D20+$E20-$F20)) | H20: =IF($A20="","",MAX(0,$C20-$B20)) | P20: =IF($J20="","",365) | Q20: =IF($J20="","",IF($O20="Evet",0,$N20))
G21: =IF($A21="","",MAX(0,$D21+$E21-$F21)) | H21: =IF($A21="","",MAX(0,$C21-$B21)) | P21: =IF($J21="","",365) | Q21: =IF($J21="","",IF($O21="Evet",0,$N21))
G22: =IF($A22="","",MAX(0,$D22+$E22-$F22)) | H22: =IF($A22="","",MAX(0,$C22-$B22)) | P22: =IF($J22="","",365) | Q22: =IF($J22="","",IF($O22="Evet",0,$N22))
G23: =IF($A23="","",MAX(0,$D23+$E23-$F23)) | H23: =IF($A23="","",MAX(0,$C23-$B23)) | P23: =IF($J23="","",365) | Q23: =IF($J23="","",IF($O23="Evet",0,$N23))
... G1004: =IF($A1004="","",MAX(0,$D1004+$E1004-$F1004)) | H1004: =IF($A1004="","",MAX(0,$C1004-$B1004)) | P1004: =IF($J1004="","",365) | Q1004: =IF($J1004="","",IF($O1004="Evet",0,$N1004))
A1006: Demo veriler rapor sonuçlarını örnekler; satın alma sonrası silinerek gerçek veriler girilir.

Sheet KURALLAR
A1: KURALLAR — eski35_kkeg-ve-finansman-gider-kisitlamasi-vergi-savunma-seti_uretildi
A3: kural_id | B3: aciklama | C3: deger_2025 | D3: deger_2026 | E3: deger_2027 | F3: kaynak
A4: K1 | B4: Kurumlar vergisi oranı | C4: 0.25 | D4: 0.25 | E4: 0.25 | F4: KV
A5: K2 | B5: İskonto / referans oran | C5: 0.2 | D5: 0.2 | E5: 0.2 | F5: AYARLAR

Sheet VAKALAR
A1: VAKALAR — eski35_kkeg-ve-finansman-gider-kisitlamasi-vergi-savunma-seti_uretildi
A3: Tebliğ tarzı altın vakalar
A5: vaka_id | B5: aciklama | C5: girdi_ozeti | D5: beklenen_sonuc | E5: hesaplanan | F5: fark | G5: durum | H5: kaynak
A6: V1 | B6: Baz senaryo tutarlılık | C6: örnek girdi | D6: 0 | E6: 0 | F6: 0 | G6: TUTARLI | H6: iç test

Sheet DEGISIKLIK_KAYDI
A1: DEGISIKLIK KAYDI — KKEG ve Finansman Gider Kısıtlaması Vergi Savunma Seti
A3: Değişiklik Kaydı
A4: Tarih | B4: Sürüm | C4: Değişiklik | D4: Neden | E4: Yapan
A5: 01.08.2026 | B5: 1.0.0 | C5: İlk üretim | D5: Ürünün yayına hazırlanması | E5: ExcelArşiv

Sheet LISTELER
A1: LISTELER — KKEG ve Finansman Gider Kısıtlaması Vergi Savunma Seti
A3: Bağlı Listeler
A4: Bu sayfadaki listeler açılır menüleri besler; yeni seçenek eklemek için sarı hücrelere yazın.
A6: Kaynak Türü | C6: Ay | E6: Kapsam Dışı
A7: Banka Kredisi | C7: 2026-01 | E7: Evet
A8: Ortak Borcu | C8: 2026-02 | E8: Hayır
A9: Tahvil | C9: 2026-03
A10: Finansal Kiralama | C10: 2026-04
A11: Tedarikçi Borcu | C11: 2026-05
C12: 2026-06
C13: 2026-07
C14: 2026-08
C15: 2026-09
C16: 2026-10
C17: 2026-11
C18: 2026-12

Sheet AYARLAR
A1: AYARLAR — KKEG ve Finansman Gider Kısıtlaması Vergi Savunma Seti
A3: Sistem Ayarları ve Oranlar
A4: Tüm sabitler bu sayfadadır. Eşikleri ve çarpanları kendi işletmenize göre güncelleyin. Değişen her değer tüm hesaplamalara anında yansır.
A6: anahtar | B6: deger | C6: birim | D6: alt | E6: ust | F6: aciklama | G6: kaynak | H6: yururluk_tarihi | I6: dogrulama_tarihi
A7: FirmaUnvan | B7: Örnek Firma A.Ş. | C7: Metin | F7: Rapor ve kapakta görünen firma adı. | G7: Kullanıcı | H7: 46023 | I7: 46244
A8: RaporTarihi | B8: 46242 | C8: Tarih | F8: Tüm hesapların ve kararın alındığı tarih. | G8: Kullanıcı | H8: 46023 | I8: 46244
A9: RaporHazirlayan | B9: Finans Direktörü | C9: Metin | F9: Raporu hazırlayan kişi/rol. | G9: Kullanıcı | H9: 46023 | I9: 46244
A10: DosyaSurumu | B10: 1.0.0 | C10: Metin | F10: Ürün sürüm bilgisi; rapor alt bilgisinde görünür. | G10: Kullanıcı | H10: 46023 | I10: 46244
A11: KkegEsik | B11: 500000 | C11: TL | D11: 0 | E11: 10000000000 | F11: KKEG tutarı eşiği; üzerinde karar İNCELE olur. | G11: Varsayım | H11: 46023 | I11: 46244
A12: KkegGiderEsik | B12: 10000000 | C12: TL | D12: 0 | E12: 100000000000 | F12: Kapsamdaki gider eşiği; üzerinde karar İNCELE olur. | G12: Varsayım | H12: 46023 | I12: 46244
A13: KkegFarkEsik | B13: 0.3 | C13: Oran | D13: 0 | E13: 1 | F13: Yabancı-öz kaynak fark oranı eşiği; üzerinde KKEG riski. | G13: Varsayım | H13: 46023 | I13: 46244
A14: KkegOran | B14: 0.25 | C14: Oran | D14: 0 | E14: 1 | F14: Finansman gider kısıtlama oranı (2023 sonrası için %25). | G14: Mevzuat | H14: 46023 | I14: 46244
A15: KkegKvOran | B15: 0.25 | C15: Oran | D15: 0 | E15: 1 | F15: Kurumlar vergisi oranı; KKEG vergi etkisi hesabında pay. | G15: Mevzuat | H15: 46023 | I15: 46244
A16: KkegMuafiyetEsik | B16: 0 | C16: TL | D16: 0 | E16: 10000000000 | F16: Kısıtlama öncesi muafiyet eşiği; uygulanmayacaksa 0. | G16: Varsayım | H16: 46023 | I16: 46244
A17: KkegIyiSenaryo | B17: 1.1 | C17: Oran | D17: 0.5 | E17: 2 | F17: İyimser senaryoda kapsamdaki gider bu çarpanla hesaplanır. | G17: Varsayım | H17: 46023 | I17: 46244
A18: KkegBazSenaryo | B18: 1 | C18: Oran | D18: 0.5 | E18: 2 | F18: Baz senaryoda kapsamdaki gider bu çarpanla hesaplanır. | G18: Varsayım | H18: 46023 | I18: 46244
A19: KkegKotuSenaryo | B19: 0.9 | C19: Oran | D19: 0.5 | E19: 2 | F19: Kötümser senaryoda kapsamdaki gider bu çarpanla hesaplanır. | G19: Varsayım | H19: 46023 | I19: 46244
A20: KkegTornadoYabanci | B20: 0.01 | C20: Oran | D20: 0 | E20: 0.2 | F20: Yabancı kaynağın %1 artışının KKEG tutarına etkisi. | G20: Varsayım | H20: 46023 | I20: 46244
A21: KkegTornadoOran | B21: 0.01 | C21: Oran | D21: 0 | E21: 0.2 | F21: Kısıtlama oranının %1 artışının KKEG tutarına etkisi. | G21: Varsayım | H21: 46023 | I21: 46244
A22: KkegTahminCarpan | B22: 1.645 | C22: Oran | D22: 0 | E22: 3 | F22: Tahmin bandı genişliği (standart sapma katı). | G22: Varsayım | H22: 46023 | I22: 46244
... A24: KkegKaliteOrta | B24: 70 | C24: Skor | D24: 0 | E24: 100 | F24: Kalite skoru bu eşiğin üzerindeyse ORTA kalite. | G24: Varsayım | H24: 46023 | I24: 46244
A25: KkegAksiyon1_ACIKLAMA | B25: Fark oranı eşikte ise ortak sermaye artırımı veya borç azaltımıyla yabancı kaynak/öz kaynak dengesini kurun. | C25: Metin | F25: İNCELE kararında gösterilen ilk öneri. | G25: Varsayım | H25: 46023 | I25: 46244
A26: KkegAksiyon2_ACIKLAMA | B26: KKEG tutarı eşiği aşılıyorsa gider ayrıştırmasını, kur farkı ve kapsam dışı işaretlerini mali müşavirle doğrulayın. | C26: Metin | F26: İNCELE kararında gösterilen ikinci öneri. | G26: Varsayım | H26: 46023 | I26: 46244
A27: KkegAksiyon3_ACIKLAMA | B27: Kapsamdaki gider eşikte ise finansmanın öz kaynakla yeniden yapılandırılması veya oran uyarlaması için senaryo sayfasını kullanın. | C27: Metin | F27: İNCELE kararında gösterilen üçüncü öneri. | G27: Varsayım | H27: 46023 | I27: 46244
A28: KkegP90Oran | B28: 0.9 | C28: Oran | D28: 0.5 | E28: 1 | F28: Kredi tutarı dağılımında üst yüzdelik dilimin oranı. | G28: Varsayım | H28: 46023 | I28: 46244
A29: KkegPanelSatir1 | B29: 1 | C29: Satır | F29: PANO'daki aylık gider grafiği serisinin tablodaki veri satırı (1. veri). | G29: Kullanıcı | H29: 46023 | I29: 46244
A30: KkegPanelSatir2 | B30: 2 | C30: Satır | F30: PANO'daki aylık gider grafiği serisinin tablodaki veri satırı (2. veri). | G30: Kullanıcı | H30: 46023 | I30: 46244
A31: KkegPanelSatir3 | B31: 3 | C31: Satır | F31: PANO'daki aylık gider grafiği serisinin tablodaki veri satırı (3. veri). | G31: Kullanıcı | H31: 46023 | I31: 46244
A32: KkegPanelSatir4 | B32: 4 | C32: Satır | F32: PANO'daki aylık gider grafiği serisinin tablodaki veri satırı (4. veri). | G32: Kullanıcı | H32: 46023 | I32: 46244
A33: KkegPanelSatir5 | B33: 5 | C33: Satır | F33: PANO'daki aylık gider grafiği serisinin tablodaki veri satırı (5. veri). | G33: Kullanıcı | H33: 46023 | I33: 46244
A34: KkegPanelSatir6 | B34: 6 | C34: Satır | F34: PANO'daki aylık gider grafiği serisinin tablodaki veri satırı (6. veri). | G34: Kullanıcı | H34: 46023 | I34: 46244
A35: KkegPanelSatir7 | B35: 7 | C35: Satır | F35: PANO'daki aylık gider grafiği serisinin tablodaki veri satırı (7. veri). | G35: Kullanıcı | H35: 46023 | I35: 46244
A36: KkegPanelSatir8 | B36: 8 | C36: Satır | F36: PANO'daki aylık gider grafiği serisinin tablodaki veri satırı (8. veri). | G36: Kullanıcı | H36: 46023 | I36: 46244
A37: KkegPanelSatir9 | B37: 9 | C37: Satır | F37: PANO'daki aylık gider grafiği serisinin tablodaki veri satırı (9. veri). | G37: Kullanıcı | H37: 46023 | I37: 46244
A38: KkegPanelSatir10 | B38: 10 | C38: Satır | F38: PANO'daki aylık gider grafiği serisinin tablodaki veri satırı (10. veri). | G38: Kullanıcı | H38: 46023 | I38: 46244
A39: KkegPanelSatir11 | B39: 11 | C39: Satır | F39: PANO'daki aylık gider grafiği serisinin tablodaki veri satırı (11. veri). | G39: Kullanıcı | H39: 46023 | I39: 46244
A40: KkegPanelSatir12 | B40: 12 | C40: Satır | F40: PANO'daki aylık gider grafiği serisinin tablodaki veri satırı (12. veri). | G40: Kullanıcı | H40: 46023 | I40: 46244
A41: KkegDonemGirisKolon | B41: 6 | C41: Adet | D41: 1 | E41: 100 | F41: DÖNEM_KAYNAK tablosunda satır başına manuel giriş kolonu sayısı. | G41: Kullanıcı | H41: 46023 | I41: 46244
A42: KkegKrediGirisKolon | B42: 9 | C42: Adet | D42: 1 | E42: 100 | F42: KREDI_LISTESI tablosunda satır başına manuel giriş kolonu sayısı. | G42: Kullanıcı | H42: 46023 | I42: 46244

Sheet KILAVUZ
A1: KILAVUZ — KKEG ve Finansman Gider Kısıtlaması Vergi Savunma Seti
A3: Kullanım Kılavuzu
A5: Veri girişi | B5: DONEM_KAYNAK sayfasında sarı hücrelere aylık öz kaynak, yabancı kaynak ve finansman gideri verilerinizi girin; KREDI_LISTESI sayfasına kredilerinizi ve kapsam dışı işaretlerini ekleyin.
A6: Hesap katmanı | B6: HESAP sayfası yıllık ortalamaları, aşan kısma isabet eden gideri, KKEG tutarını ve kurumlar vergisi etkisini otomatik özetler.
A7: Karar ve rapor | B7: KARAR sayfası UYGUN/İNCELE/DURDUR kararını üretir; RAPOR yöneticiye sunulabilir.
A8: Ayarlar | B8: AYARLAR sayfasındaki kısıtlama oranı, kurumlar vergisi oranı ve eşikleri mali müşavirinize göre güncelleyin.
A9: Koruma | B9: Tüm sayfalar 1234 şifresiyle korunur; sarı hücreler serbesttir, formül hücreleri kilitlidir.
A11: Bu dosya karar destek aracıdır; kurumlar vergisi beyannamesi ve mali müşavir onayı yerine geçmez.
A13: Varsayım İşaretli Parametreler
A14: Aşağıdaki eşik ve çarpanlar AYARLAR sayfasında kaynak=Varsayım olarak işaretlidir; mevzuat zorunluluğu yoktur ve işletmeye göre güncellenmelidir.
A15: • KKEG Tutarı Eşiği ve Kapsamdaki Gider Eşiği
A16: • Yabancı-Öz Kaynak Fark Oranı Risk Eşiği
A17: • Muafiyet Eşiği (mevzuatta yoksa 0 bırakılır)
A18: • İyimser, Baz ve Kötümser Senaryo Çarpanları
A19: • Tornado Yabancı Kaynak ve Kısıtlama Oranı Etkileri
A20: • Tahmin Çarpanı (standart sapma katı)
A21: • Kalite Skoru İyi ve Orta Eşikleri
A22: • P90 Yüzdelik Oranı
A23: • Aksiyon Önerisi Açıklamaları
A24: Bu dosya tamamen çevrimdışı çalışır; verileriniz cihazınızdan çıkmaz. Makro ve dış bağlantı yoktur.
