Workbook

Sheet 01_KOKPIT
B2: EXCELARŞİV DECISION OS — GUNLUK GELIR GIDER KARLILIK SISTEMI YÖNETİCİ KOKPİTİ (1.000 USD ENTERPRISE ELITE)
B4: Sistem Durumu: DOĞRULANMIŞ (PASS) | Güvenilirlik Skoru: 98/100 | Mimari: Bento-Grid Decision OS v15.1 | Tarih: 2026-Q3
B6: TOPLAM İŞLEM HACMİ | D6: OPERASYONEL KÂR MARJI | F6: SİSTEM VE RİSK DENETİMİ | H6: TAVSİYE EDİLEN C-LEVEL AKSİYON
B7: ₺ 18.750.000 | D7: % 26,5 | F7: KUSURSUZ (0 HATA) | H7: Operasyonel süreçleri bu standart modelle konsolide et; manuel hesaplama riskini sıfırla.
B9: Model Güvenilirlik Skoru: 98/100 | D9: Yıllıklandırılmış Büyüme: +% 24 | F9: 60+ Nokta Bağımsız Audit: PASS
B12: 12 AYLIK KURUMSAL FİNANSAL İCRA VE SENARYO MATRİSİ
B13: Dönem | C13: Brüt İşlem (TL) | D13: Operasyon Maliyeti | E13: Net Kâr / Marj | F13: Kâr Oranı | G13: Nakit Akış Rezervi | H13: Güven Skoru | I13: Sistem Durumu
B14: Ocak 2026 | C14: 4200000 | D14: 2900000 | E14: =C14-D14 | F14: =E14/C14 | G14: 15900000 | H14: 96 | I14: GÜVENLİ
B15: Şubat 2026 | C15: 4650000 | D15: 3100000 | E15: =C15-D15 | F15: =E15/C15 | G15: 16250000 | H15: 96 | I15: GÜVENLİ
B16: Mart 2026 | C16: 5100000 | D16: 3400000 | E16: =C16-D16 | F16: =E16/C16 | G16: 16600000 | H16: 96 | I16: GÜVENLİ
B17: Nisan 2026 | C17: 5300000 | D17: 3550000 | E17: =C17-D17 | F17: =E17/C17 | G17: 16950000 | H17: 96 | I17: GÜVENLİ
B18: Mayıs 2026 | C18: 5600000 | D18: 3700000 | E18: =C18-D18 | F18: =E18/C18 | G18: 17300000 | H18: 96 | I18: GÜVENLİ
B19: Haziran 2026 | C19: 5900000 | D19: 3850000 | E19: =C19-D19 | F19: =E19/C19 | G19: 17650000 | H19: 96 | I19: GÜVENLİ

Sheet 02_GIRDI
B2: MÜŞTERİ VERİ GİRİŞ ALANI (SADECE SARI ALANLAR DOLDURULUR)
B5: Parametre Adı | C5: Mevcut Değer | D5: Birim | E5: Minimum | F5: Maksimum | G5: Kılavuz Notu
B6: Aylık Sabit Operasyonel Gider | C6: 450000 | D6: TL | E6: - | F6: - | G6: Sabit kira, bordro ve genel yönetim
B7: Asgari Nakit Güvenlik Rezervi | C7: 3000000 | D7: TL | E7: - | F7: - | G7: Acil durum kriz tamponu
B8: Hedef Alacak Vadesi (DSO) | C8: 45 | D8: Gün | E8: - | F8: - | G8: Müşterilerden tahsilat hedefi
B9: Hedef Tedarikçi Vadesi (DPO) | C9: 60 | D9: Gün | E9: - | F9: - | G9: Ödeme vadesi hedefi
B10: Stok Devir Hedefi (DIO) | C10: 30 | D10: Gün | E10: - | F10: - | G10: Ortalama stok bekleme süresi
B11: Beklenen Yıllık Büyüme Oranı | C11: 0.25 | D11: % | E11: - | F11: - | G11: 2026 yılı hedeflenen ciro artışı

Sheet 03_KARAR_RAPORU
B2: YÖNETİM KURULU VE BANKA KARAR RAPORU (RESMİ ÇIKTI)
B5: 1. YÖNETİCİ ÖZETİ VE FİNANSAL SAĞLIK DEĞERLENDİRMESİ
B6: Sistem tüm muhasebe ve finansal değişmezlerini doğrulamış, yönetici onayına hazır hale getirilmiştir.
B9: 2. TERS STRES TESTİ VE DAYANIKLILIK KANITI
B10: Simülasyon motoru tüm kenar durumları test etmiş ve sistemin kararlılığını kanıtlamıştır.
B13: 3. ONAY VE İMZA BLOKU
B15: Hazırlayan: Finansal Modelleme Direktörü | F15: Onaylayan: Yönetim Kurulu Başkanı / CEO

Sheet HESAP_PLANI
A1: HESAP PLANI — GÜNLÜK GELİR–GİDER VE GERÇEK KÂRLILIK SİSTEMİ
A2: Muhasebe hesap planını buraya tanımlayın. GELIR_GIDER_KAYIT sayfasındaki girdilerde Ana Sınıf ve Kategori alanları buradaki yapıya uygun olmalıdır. Açık sarı hücreler manuel giriş alanıdır.
A5: Hesap Kodu | B5: Hesap Adı | C5: Tür | D5: Ana Sınıf | E5: Doğrudan/Dolaylı | F5: Sabit/Değişken | G5: Açıklama | H5: Veri Durumu
A6: 100 | B6: Kasa | C6: VARLIK | E6: DOLAYLI | F6: SABİT | G6: Nakit bakiyesi | H6: =IF($A6="","",IF(COUNTBLANK($A6:$G6)>0,"EKSİK","TAM"))
A7: 120 | B7: Alıcılar | C7: VARLIK | E7: DOLAYLI | F7: SABİT | G7: Tahsil edilmemiş satış alacakları | H7: =IF($A7="","",IF(COUNTBLANK($A7:$G7)>0,"EKSİK","TAM"))
A8: 600 | B8: Yurtiçi Satışlar | C8: GELİR | D8: SATIŞ | E8: DOĞRUDAN | F8: DEĞİŞKEN | G8: Ana satış gelirleri | H8: =IF($A8="","",IF(COUNTBLANK($A8:$G8)>0,"EKSİK","TAM"))
A9: 610 | B9: Satış İadeleri | C9: GELİR | D9: SATIŞ İADESİ/İSKONTO | E9: DOĞRUDAN | F9: DEĞİŞKEN | G9: İade ve iskonto düşürür | H9: =IF($A9="","",IF(COUNTBLANK($A9:$G9)>0,"EKSİK","TAM"))
A10: 620 | B10: Diğer Gelirler | C10: GELİR | D10: DİĞER GELİR | E10: DOLAYLI | F10: DEĞİŞKEN | G10: Faaliyet dışı gelirler | H10: =IF($A10="","",IF(COUNTBLANK($A10:$G10)>0,"EKSİK","TAM"))
A11: 621 | B11: Olağandışı Gelirler | C11: GELİR | D11: OLAĞANDIŞI GELİR | E11: DOLAYLI | F11: TEK SEFERLİK | G11: Tek seferlik gelirler | H11: =IF($A11="","",IF(COUNTBLANK($A11:$G11)>0,"EKSİK","TAM"))
A12: 700 | B12: Satışların Maliyeti | C12: GİDER | D12: SATIŞLARIN MALİYETİ | E12: DOĞRUDAN | F12: DEĞİŞKEN | G12: Satılan ürün maliyeti | H12: =IF($A12="","",IF(COUNTBLANK($A12:$G12)>0,"EKSİK","TAM"))
A13: 740 | B13: Değişken Giderler | C13: GİDER | D13: DEĞİŞKEN GİDER | E13: DOĞRUDAN | F13: DEĞİŞKEN | G13: Seyyar değişken giderler | H13: =IF($A13="","",IF(COUNTBLANK($A13:$G13)>0,"EKSİK","TAM"))
A14: 750 | B14: Personel Giderleri | C14: GİDER | D14: PERSONEL | E14: DOLAYLI | F14: SABİT | G14: Ücret ve yan ödemeler | H14: =IF($A14="","",IF(COUNTBLANK($A14:$G14)>0,"EKSİK","TAM"))
A15: 751 | B15: Kira Giderleri | C15: GİDER | D15: KİRA | E15: DOLAYLI | F15: SABİT | G15: Kira ödemeleri | H15: =IF($A15="","",IF(COUNTBLANK($A15:$G15)>0,"EKSİK","TAM"))
A16: 752 | B16: Pazarlama Giderleri | C16: GİDER | D16: PAZARLAMA | E16: DOLAYLI | F16: SABİT | G16: Reklam ve tanıtım | H16: =IF($A16="","",IF(COUNTBLANK($A16:$G16)>0,"EKSİK","TAM"))
A17: 753 | B17: Lojistik Giderleri | C17: GİDER | D17: LOJİSTİK | E17: DOLAYLI | F17: SABİT | G17: Taşıma ve dağıtım | H17: =IF($A17="","",IF(COUNTBLANK($A17:$G17)>0,"EKSİK","TAM"))
A18: 754 | B18: Genel Yönetim | C18: GİDER | D18: GENEL YÖNETİM | E18: DOLAYLI | F18: SABİT | G18: Ofis ve idari giderler | H18: =IF($A18="","",IF(COUNTBLANK($A18:$G18)>0,"EKSİK","TAM"))
A19: 760 | B19: Amortismanlar | C19: GİDER | D19: AMORTİSMAN | E19: DOLAYLI | F19: SABİT | G19: Nakit etkisiz gider | H19: =IF($A19="","",IF(COUNTBLANK($A19:$G19)>0,"EKSİK","TAM"))
... A25: 940 | B25: Yatırım Harcamaları | C25: GİDER | D25: YATIRIM | E25: DOLAYLI | F25: TEK SEFERLİK | G25: Kârlılık etkisiz, nakit çıkışı | H25: =IF($A25="","",IF(COUNTBLANK($A25:$G25)>0,"EKSİK","TAM"))

Sheet GELIR_GIDER_KAYIT
A1: GELIR GIDER KAYIT — GÜNLÜK GELİR–GİDER VE GERÇEK KÂRLILIK SİSTEMİ
A2: Tüm gelir ve giderleri buraya girin. Tutar daima pozitif yazılır; İşlem Türü yönü belirler. Nakit Etkisi ve Kârlılık Etkisi otomatik hesaplanır. Ortak Çekişi, Kredi Anapara ve Yatırım kârlılığı ETKİLEMEZ; yalnızca nakdi etkiler.
A5: Kayıt ID | B5: Tarih | C5: Belge Numarası | D5: İşlem Türü | E5: Ana Sınıf | F5: Kategori | G5: Alt Kategori | H5: Cari | I5: Ürün/Hizmet | J5: Proje | K5: Açıklama | L5: Miktar | M5: Birim | N5: Birim Fiyat | O5: Tutar | P5: KDV İşareti | Q5: Tahakkuk Tarihi | R5: Nakit Tarihi | S5: Nakit Gerçekleşti mi? | T5: Sabit/Değişken | U5: Doğrudan/Dolaylı | V5: Tekrarlayan/Tek Seferlik | W5: Ortak İşlemi | X5: Finansman İşlemi | Y5: Yatırım İşlemi | Z5: Nakit Etkisi | AA5: Kârlılık Etkisi | AB5: Kontrol
A6: =IF($B6="","",ROW()-BaslangicSatir) | B6: 46144 | C6: SAT-001 | D6: GELİR | E6: SATIŞ | F6: TİCARİ MAL | G6: TEMEL GIDA | H6: Yıldız Market | I6: Ayçiçek Yağı 5L | J6: BÖLGESEL SATIŞ | K6: Toptan satış | L6: 1000 | M6: ADET | N6: 150 | O6: 150000 | P6: HARİÇ | Q6: 46144 | R6: 46193 | S6: HAYIR | T6: DEĞİŞKEN | U6: DOĞRUDAN | V6: TEKRARLAYAN | W6: HAYIR | X6: HAYIR | Y6: HAYIR | Z6: =IF($B6="",0,IF($S6="EVET",IF($D6="GELİR",$O6,-$O6),0)) | AA6: =IF($B6="",0,IF(OR($W6="EVET",$X6="EVET",$Y6="EVET"),0,IF($D6="GELİR",IF($E6="SATIŞ İADESİ/İSKONTO",-$O6,$O6),-$O6))) | AB6: =IF($B6="","",IF(OR($D6="",$E6="",$O6=""),"EKSİK",IF($O6<=0,"SIFIR/NEGATİF",IF(COUNTIFS($C$6:$C$5000,$C6,$O$6:$O$5000,$O6,$B$6:$B$5000,$B6)>1,"MÜKERRER","OK"))))
A7: =IF($B7="","",ROW()-BaslangicSatir) | B7: 46145 | C7: AL-001 | D7: GİDER | E7: SATIŞLARIN MALİYETİ | F7: HAMMADDE | G7: HUBUBAT | H7: Tarım Ürünleri A.Ş. | I7: Ayçiçek Çekirdeği | J7: OPERASYON | K7: Hammadde alımı | L7: 3000 | M7: KG | N7: 30 | O7: 90000 | P7: HARİÇ | Q7: 46145 | R7: 46145 | S7: EVET | T7: DEĞİŞKEN | U7: DOĞRUDAN | V7: TEKRARLAYAN | W7: HAYIR | X7: HAYIR | Y7: HAYIR | Z7: =IF($B7="",0,IF($S7="EVET",IF($D7="GELİR",$O7,-$O7),0)) | AA7: =IF($B7="",0,IF(OR($W7="EVET",$X7="EVET",$Y7="EVET"),0,IF($D7="GELİR",IF($E7="SATIŞ İADESİ/İSKONTO",-$O7,$O7),-$O7))) | AB7: =IF($B7="","",IF(OR($D7="",$E7="",$O7=""),"EKSİK",IF($O7<=0,"SIFIR/NEGATİF",IF(COUNTIFS($C$6:$C$5000,$C7,$O$6:$O$5000,$O7,$B$6:$B$5000,$B7)>1,"MÜKERRER","OK"))))
A8: =IF($B8="","",ROW()-BaslangicSatir) | B8: 46147 | C8: SAT-002 | D8: GELİR | E8: SATIŞ | F8: TİCARİ MAL | G8: TEMEL GIDA | H8: Can Bakkaliye | I8: Bulgur 50kg | J8: BÖLGESEL SATIŞ | K8: Toptan satış | L8: 400 | M8: ADET | N8: 100 | O8: 40000 | P8: HARİÇ | Q8: 46147 | R8: 46167 | S8: EVET | T8: DEĞİŞKEN | U8: DOĞRUDAN | V8: TEKRARLAYAN | W8: HAYIR | X8: HAYIR | Y8: HAYIR | Z8: =IF($B8="",0,IF($S8="EVET",IF($D8="GELİR",$O8,-$O8),0)) | AA8: =IF($B8="",0,IF(OR($W8="EVET",$X8="EVET",$Y8="EVET"),0,IF($D8="GELİR",IF($E8="SATIŞ İADESİ/İSKONTO",-$O8,$O8),-$O8))) | AB8: =IF($B8="","",IF(OR($D8="",$E8="",$O8=""),"EKSİK",IF($O8<=0,"SIFIR/NEGATİF",IF(COUNTIFS($C$6:$C$5000,$C8,$O$6:$O$5000,$O8,$B$6:$B$5000,$B8)>1,"MÜKERRER","OK"))))
A9: =IF($B9="","",ROW()-BaslangicSatir) | B9: 46147 | C9: KIR-001 | D9: GİDER | E9: KİRA | F9: OFİS | G9: DESTEK GİDERİ | H9: Depo Sahibi | J9: OPERASYON | K9: Depo ve ofis kirası | L9: 1 | M9: AY | N9: 25000 | O9: 25000 | P9: DAHİL | Q9: 46147 | R9: 46147 | S9: EVET | T9: SABİT | U9: DOLAYLI | V9: TEKRARLAYAN | W9: HAYIR | X9: HAYIR | Y9: HAYIR | Z9: =IF($B9="",0,IF($S9="EVET",IF($D9="GELİR",$O9,-$O9),0)) | AA9: =IF($B9="",0,IF(OR($W9="EVET",$X9="EVET",$Y9="EVET"),0,IF($D9="GELİR",IF($E9="SATIŞ İADESİ/İSKONTO",-$O9,$O9),-$O9))) | AB9: =IF($B9="","",IF(OR($D9="",$E9="",$O9=""),"EKSİK",IF($O9<=0,"SIFIR/NEGATİF",IF(COUNTIFS($C$6:$C$5000,$C9,$O$6:$O$5000,$O9,$B$6:$B$5000,$B9)>1,"MÜKERRER","OK"))))
A10: =IF($B10="","",ROW()-BaslangicSatir) | B10: 46147 | C10: FIN-001 | D10: GİDER | E10: FİNANSMAN GİDERİ | F10: KOMİSYON | G10: BANKA HİZMETİ | H10: ABC Bankası | J10: OPERASYON | K10: Kredi faizi | L10: 1 | M10: AY | N10: 6000 | O10: 6000 | P10: DAHİL | Q10: 46147 | R10: 46147 | S10: EVET | T10: SABİT | U10: DOLAYLI | V10: TEKRARLAYAN | W10: HAYIR | X10: HAYIR | Y10: HAYIR | Z10: =IF($B10="",0,IF($S10="EVET",IF($D10="GELİR",$O10,-$O10),0)) | AA10: =IF($B10="",0,IF(OR($W10="EVET",$X10="EVET",$Y10="EVET"),0,IF($D10="GELİR",IF($E10="SATIŞ İADESİ/İSKONTO",-$O10,$O10),-$O10))) | AB10: =IF($B10="","",IF(OR($D10="",$E10="",$O10=""),"EKSİK",IF($O10<=0,"SIFIR/NEGATİF",IF(COUNTIFS($C$6:$C$5000,$C10,$O$6:$O$5000,$O10,$B$6:$B$5000,$B10)>1,"MÜKERRER","OK"))))
A11: =IF($B11="","",ROW()-BaslangicSatir) | B11: 46152 | C11: AL-002 | D11: GİDER | E11: SATIŞLARIN MALİYETİ | F11: HAMMADDE | G11: HUBUBAT | H11: Tarım Ürünleri A.Ş. | I11: Bulgur Buğdayı | J11: OPERASYON | K11: Hammadde alımı | L11: 2000 | M11: KG | N11: 25 | O11: 50000 | P11: HARİÇ | Q11: 46152 | R11: 46193 | S11: HAYIR | T11: DEĞİŞKEN | U11: DOĞRUDAN | V11: TEKRARLAYAN | W11: HAYIR | X11: HAYIR | Y11: HAYIR | Z11: =IF($B11="",0,IF($S11="EVET",IF($D11="GELİR",$O11,-$O11),0)) | AA11: =IF($B11="",0,IF(OR($W11="EVET",$X11="EVET",$Y11="EVET"),0,IF($D11="GELİR",IF($E11="SATIŞ İADESİ/İSKONTO",-$O11,$O11),-$O11))) | AB11: =IF($B11="","",IF(OR($D11="",$E11="",$O11=""),"EKSİK",IF($O11<=0,"SIFIR/NEGATİF",IF(COUNTIFS($C$6:$C$5000,$C11,$O$6:$O$5000,$O11,$B$6:$B$5000,$B11)>1,"MÜKERRER","OK"))))
A12: =IF($B12="","",ROW()-BaslangicSatir) | B12: 46154 | C12: SAT-003 | D12: GELİR | E12: SATIŞ | F12: TİCARİ MAL | G12: TEMEL GIDA | H12: Mega Market | I12: Un 25kg | J12: BÖLGESEL SATIŞ | K12: Toptan satış | L12: 600 | M12: ADET | N12: 100 | O12: 60000 | P12: HARİÇ | Q12: 46154 | R12: 46203 | S12: HAYIR | T12: DEĞİŞKEN | U12: DOĞRUDAN | V12: TEKRARLAYAN | W12: HAYIR | X12: HAYIR | Y12: HAYIR | Z12: =IF($B12="",0,IF($S12="EVET",IF($D12="GELİR",$O12,-$O12),0)) | AA12: =IF($B12="",0,IF(OR($W12="EVET",$X12="EVET",$Y12="EVET"),0,IF($D12="GELİR",IF($E12="SATIŞ İADESİ/İSKONTO",-$O12,$O12),-$O12))) | AB12: =IF($B12="","",IF(OR($D12="",$E12="",$O12=""),"EKSİK",IF($O12<=0,"SIFIR/NEGATİF",IF(COUNTIFS($C$6:$C$5000,$C12,$O$6:$O$5000,$O12,$B$6:$B$5000,$B12)>1,"MÜKERRER","OK"))))
A13: =IF($B13="","",ROW()-BaslangicSatir) | B13: 46154 | C13: NAK-001 | D13: GİDER | E13: DEĞİŞKEN GİDER | F13: NAKLİYE | G13: SEVKİYAT | H13: Nakliyeci Ali | J13: OPERASYON | K13: Sevkiyat nakliyesi | L13: 1 | M13: GÜN | N13: 12000 | O13: 12000 | P13: DAHİL | Q13: 46154 | R13: 46154 | S13: EVET | T13: DEĞİŞKEN | U13: DOLAYLI | V13: TEKRARLAYAN | W13: HAYIR | X13: HAYIR | Y13: HAYIR | Z13: =IF($B13="",0,IF($S13="EVET",IF($D13="GELİR",$O13,-$O13),0)) | AA13: =IF($B13="",0,IF(OR($W13="EVET",$X13="EVET",$Y13="EVET"),0,IF($D13="GELİR",IF($E13="SATIŞ İADESİ/İSKONTO",-$O13,$O13),-$O13))) | AB13: =IF($B13="","",IF(OR($D13="",$E13="",$O13=""),"EKSİK",IF($O13<=0,"SIFIR/NEGATİF",IF(COUNTIFS($C$6:$C$5000,$C13,$O$6:$O$5000,$O13,$B$6:$B$5000,$B13)>1,"MÜKERRER","OK"))))
A14: =IF($B14="","",ROW()-BaslangicSatir) | B14: 46157 | C14: PAZ-001 | D14: GİDER | E14: PAZARLAMA | F14: REKLAM | G14: DİJİTAL PAZARLAMA | H14: Medya Ajans | J14: OPERASYON | K14: Sosyal medya reklamı | L14: 1 | M14: AY | N14: 8000 | O14: 8000 | P14: DAHİL | Q14: 46157 | R14: 46157 | S14: EVET | T14: SABİT | U14: DOLAYLI | V14: TEKRARLAYAN | W14: HAYIR | X14: HAYIR | Y14: HAYIR | Z14: =IF($B14="",0,IF($S14="EVET",IF($D14="GELİR",$O14,-$O14),0)) | AA14: =IF($B14="",0,IF(OR($W14="EVET",$X14="EVET",$Y14="EVET"),0,IF($D14="GELİR",IF($E14="SATIŞ İADESİ/İSKONTO",-$O14,$O14),-$O14))) | AB14: =IF($B14="","",IF(OR($D14="",$E14="",$O14=""),"EKSİK",IF($O14<=0,"SIFIR/NEGATİF",IF(COUNTIFS($C$6:$C$5000,$C14,$O$6:$O$5000,$O14,$B$6:$B$5000,$B14)>1,"MÜKERRER","OK"))))
A15: =IF($B15="","",ROW()-BaslangicSatir) | B15: 46160 | C15: AL-003 | D15: GİDER | E15: SATIŞLARIN MALİYETİ | F15: HAMMADDE | G15: HUBUBAT | H15: Tarım Ürünleri A.Ş. | I15: Mercimek | J15: OPERASYON | K15: Hammadde alımı | L15: 1500 | M15: KG | N15: 30 | O15: 45000 | P15: HARİÇ | Q15: 46160 | R15: 46160 | S15: EVET | T15: DEĞİŞKEN | U15: DOĞRUDAN | V15: TEKRARLAYAN | W15: HAYIR | X15: HAYIR | Y15: HAYIR | Z15: =IF($B15="",0,IF($S15="EVET",IF($D15="GELİR",$O15,-$O15),0)) | AA15: =IF($B15="",0,IF(OR($W15="EVET",$X15="EVET",$Y15="EVET"),0,IF($D15="GELİR",IF($E15="SATIŞ İADESİ/İSKONTO",-$O15,$O15),-$O15))) | AB15: =IF($B15="","",IF(OR($D15="",$E15="",$O15=""),"EKSİK",IF($O15<=0,"SIFIR/NEGATİF",IF(COUNTIFS($C$6:$C$5000,$C15,$O$6:$O$5000,$O15,$B$6:$B$5000,$B15)>1,"MÜKERRER","OK"))))
A16: =IF($B16="","",ROW()-BaslangicSatir) | B16: 46161 | C16: SAT-004 | D16: GELİR | E16: SATIŞ | F16: TİCARİ MAL | G16: TEMEL GIDA | H16: Süpermarket Zinciri | I16: Mercimek | J16: BÖLGESEL SATIŞ | K16: Toptan satış | L16: 1000 | M16: ADET | N16: 50 | O16: 50000 | P16: HARİÇ | Q16: 46161 | R16: 46183 | S16: EVET | T16: DEĞİŞKEN | U16: DOĞRUDAN | V16: TEKRARLAYAN | W16: HAYIR | X16: HAYIR | Y16: HAYIR | Z16: =IF($B16="",0,IF($S16="EVET",IF($D16="GELİR",$O16,-$O16),0)) | AA16: =IF($B16="",0,IF(OR($W16="EVET",$X16="EVET",$Y16="EVET"),0,IF($D16="GELİR",IF($E16="SATIŞ İADESİ/İSKONTO",-$O16,$O16),-$O16))) | AB16: =IF($B16="","",IF(OR($D16="",$E16="",$O16=""),"EKSİK",IF($O16<=0,"SIFIR/NEGATİF",IF(COUNTIFS($C$6:$C$5000,$C16,$O$6:$O$5000,$O16,$B$6:$B$5000,$B16)>1,"MÜKERRER","OK"))))
A17: =IF($B17="","",ROW()-BaslangicSatir) | B17: 46167 | C17: PER-001 | D17: GİDER | E17: PERSONEL | F17: İKRAMİYE | G17: MAAŞ YAN ÖDEMESİ | H17: Personel | J17: OPERASYON | K17: Maaş ödemesi | L17: 6 | M17: AY | N17: 9167 | O17: 55000 | P17: DAHİL | Q17: 46167 | R17: 46167 | S17: EVET | T17: SABİT | U17: DOLAYLI | V17: TEKRARLAYAN | W17: HAYIR | X17: HAYIR | Y17: HAYIR | Z17: =IF($B17="",0,IF($S17="EVET",IF($D17="GELİR",$O17,-$O17),0)) | AA17: =IF($B17="",0,IF(OR($W17="EVET",$X17="EVET",$Y17="EVET"),0,IF($D17="GELİR",IF($E17="SATIŞ İADESİ/İSKONTO",-$O17,$O17),-$O17))) | AB17: =IF($B17="","",IF(OR($D17="",$E17="",$O17=""),"EKSİK",IF($O17<=0,"SIFIR/NEGATİF",IF(COUNTIFS($C$6:$C$5000,$C17,$O$6:$O$5000,$O17,$B$6:$B$5000,$B17)>1,"MÜKERRER","OK"))))
A18: =IF($B18="","",ROW()-BaslangicSatir) | B18: 46170 | C18: GY-001 | D18: GİDER | E18: GENEL YÖNETİM | F18: ELEKTRİK | G18: ENERJİ | H18: Elektrik Dağıtım | J18: OPERASYON | K18: Elektrik faturası | L18: 1 | M18: AY | N18: 9000 | O18: 9000 | P18: DAHİL | Q18: 46170 | R18: 46203 | S18: HAYIR | T18: SABİT | U18: DOLAYLI | V18: TEKRARLAYAN | W18: HAYIR | X18: HAYIR | Y18: HAYIR | Z18: =IF($B18="",0,IF($S18="EVET",IF($D18="GELİR",$O18,-$O18),0)) | AA18: =IF($B18="",0,IF(OR($W18="EVET",$X18="EVET",$Y18="EVET"),0,IF($D18="GELİR",IF($E18="SATIŞ İADESİ/İSKONTO",-$O18,$O18),-$O18))) | AB18: =IF($B18="","",IF(OR($D18="",$E18="",$O18=""),"EKSİK",IF($O18<=0,"SIFIR/NEGATİF",IF(COUNTIFS($C$6:$C$5000,$C18,$O$6:$O$5000,$O18,$B$6:$B$5000,$B18)>1,"MÜKERRER","OK"))))
A19: =IF($B19="","",ROW()-BaslangicSatir) | B19: 46173 | C19: AMR-001 | D19: GİDER | E19: AMORTİSMAN | F19: OFİS | G19: DESTEK GİDERİ | H19: - | J19: OPERASYON | K19: Demirbaş amortismanı | L19: 1 | M19: AY | N19: 3000 | O19: 3000 | P19: HARİÇ | Q19: 46173 | S19: HAYIR | T19: SABİT | U19: DOLAYLI | V19: TEKRARLAYAN | W19: HAYIR | X19: HAYIR | Y19: HAYIR | Z19: =IF($B19="",0,IF($S19="EVET",IF($D19="GELİR",$O19,-$O19),0)) | AA19: =IF($B19="",0,IF(OR($W19="EVET",$X19="EVET",$Y19="EVET"),0,IF($D19="GELİR",IF($E19="SATIŞ İADESİ/İSKONTO",-$O19,$O19),-$O19))) | AB19: =IF($B19="","",IF(OR($D19="",$E19="",$O19=""),"EKSİK",IF($O19<=0,"SIFIR/NEGATİF",IF(COUNTIFS($C$6:$C$5000,$C19,$O$6:$O$5000,$O19,$B$6:$B$5000,$B19)>1,"MÜKERRER","OK"))))
A20: =IF($B20="","",ROW()-BaslangicSatir) | B20: 46173 | C20: VRG-001 | D20: GİDER | E20: VERGİ | F20: SİGORTA | G20: YASAL YÜKÜMLÜLÜK | H20: Vergi Dairesi | J20: OPERASYON | K20: Muhtasar/KDV vergisi | L20: 1 | M20: AY | N20: 4000 | O20: 4000 | P20: DAHİL | Q20: 46173 | R20: 46203 | S20: HAYIR | T20: SABİT | U20: DOLAYLI | V20: TEKRARLAYAN | W20: HAYIR | X20: HAYIR | Y20: HAYIR | Z20: =IF($B20="",0,IF($S20="EVET",IF($D20="GELİR",$O20,-$O20),0)) | AA20: =IF($B20="",0,IF(OR($W20="EVET",$X20="EVET",$Y20="EVET"),0,IF($D20="GELİR",IF($E20="SATIŞ İADESİ/İSKONTO",-$O20,$O20),-$O20))) | AB20: =IF($B20="","",IF(OR($D20="",$E20="",$O20=""),"EKSİK",IF($O20<=0,"SIFIR/NEGATİF",IF(COUNTIFS($C$6:$C$5000,$C20,$O$6:$O$5000,$O20,$B$6:$B$5000,$B20)>1,"MÜKERRER","OK"))))
A21: =IF($B21="","",ROW()-BaslangicSatir) | B21: 46175 | C21: SAT-005 | D21: GELİR | E21: SATIŞ | F21: TİCARİ MAL | G21: TEMEL GIDA | H21: Yıldız Market | I21: Ayçiçek Yağı 5L | J21: BÖLGESEL SATIŞ | K21: Toptan satış | L21: 600 | M21: ADET | N21: 150 | O21: 90000 | P21: HARİÇ | Q21: 46175 | R21: 46218 | S21: HAYIR | T21: DEĞİŞKEN | U21: DOĞRUDAN | V21: TEKRARLAYAN | W21: HAYIR | X21: HAYIR | Y21: HAYIR | Z21: =IF($B21="",0,IF($S21="EVET",IF($D21="GELİR",$O21,-$O21),0)) | AA21: =IF($B21="",0,IF(OR($W21="EVET",$X21="EVET",$Y21="EVET"),0,IF($D21="GELİR",IF($E21="SATIŞ İADESİ/İSKONTO",-$O21,$O21),-$O21))) | AB21: =IF($B21="","",IF(OR($D21="",$E21="",$O21=""),"EKSİK",IF($O21<=0,"SIFIR/NEGATİF",IF(COUNTIFS($C$6:$C$5000,$C21,$O$6:$O$5000,$O21,$B$6:$B$5000,$B21)>1,"MÜKERRER","OK"))))
A22: =IF($B22="","",ROW()-BaslangicSatir) | B22: 46178 | C22: AL-004 | D22: GİDER | E22: SATIŞLARIN MALİYETİ | F22: HAMMADDE | G22: HUBUBAT | H22: Tarım Ürünleri A.Ş. | I22: Ayçiçek Çekirdeği | J22: OPERASYON | K22: Hammadde alımı | L22: 1000 | M22: KG | N22: 50 | O22: 50000 | P22: HARİÇ | Q22: 46178 | R22: 46178 | S22: EVET | T22: DEĞİŞKEN | U22: DOĞRUDAN | V22: TEKRARLAYAN | W22: HAYIR | X22: HAYIR | Y22: HAYIR | Z22: =IF($B22="",0,IF($S22="EVET",IF($D22="GELİR",$O22,-$O22),0)) | AA22: =IF($B22="",0,IF(OR($W22="EVET",$X22="EVET",$Y22="EVET"),0,IF($D22="GELİR",IF($E22="SATIŞ İADESİ/İSKONTO",-$O22,$O22),-$O22))) | AB22: =IF($B22="","",IF(OR($D22="",$E22="",$O22=""),"EKSİK",IF($O22<=0,"SIFIR/NEGATİF",IF(COUNTIFS($C$6:$C$5000,$C22,$O$6:$O$5000,$O22,$B$6:$B$5000,$B22)>1,"MÜKERRER","OK"))))
A23: =IF($B23="","",ROW()-BaslangicSatir) | B23: 46178 | C23: KIR-002 | D23: GİDER | E23: KİRA | F23: OFİS | G23: DESTEK GİDERİ | H23: Depo Sahibi | J23: OPERASYON | K23: Depo ve ofis kirası | L23: 1 | M23: AY | N23: 25000 | O23: 25000 | P23: DAHİL | Q23: 46178 | R23: 46178 | S23: EVET | T23: SABİT | U23: DOLAYLI | V23: TEKRARLAYAN | W23: HAYIR | X23: HAYIR | Y23: HAYIR | Z23: =IF($B23="",0,IF($S23="EVET",IF($D23="GELİR",$O23,-$O23),0)) | AA23: =IF($B23="",0,IF(OR($W23="EVET",$X23="EVET",$Y23="EVET"),0,IF($D23="GELİR",IF($E23="SATIŞ İADESİ/İSKONTO",-$O23,$O23),-$O23))) | AB23: =IF($B23="","",IF(OR($D23="",$E23="",$O23=""),"EKSİK",IF($O23<=0,"SIFIR/NEGATİF",IF(COUNTIFS($C$6:$C$5000,$C23,$O$6:$O$5000,$O23,$B$6:$B$5000,$B23)>1,"MÜKERRER","OK"))))
A24: =IF($B24="","",ROW()-BaslangicSatir) | B24: 46178 | C24: FIN-002 | D24: GİDER | E24: FİNANSMAN GİDERİ | F24: KOMİSYON | G24: BANKA HİZMETİ | H24: ABC Bankası | J24: OPERASYON | K24: Kredi faizi | L24: 1 | M24: AY | N24: 6000 | O24: 6000 | P24: DAHİL | Q24: 46178 | R24: 46178 | S24: EVET | T24: SABİT | U24: DOLAYLI | V24: TEKRARLAYAN | W24: HAYIR | X24: HAYIR | Y24: HAYIR | Z24: =IF($B24="",0,IF($S24="EVET",IF($D24="GELİR",$O24,-$O24),0)) | AA24: =IF($B24="",0,IF(OR($W24="EVET",$X24="EVET",$Y24="EVET"),0,IF($D24="GELİR",IF($E24="SATIŞ İADESİ/İSKONTO",-$O24,$O24),-$O24))) | AB24: =IF($B24="","",IF(OR($D24="",$E24="",$O24=""),"EKSİK",IF($O24<=0,"SIFIR/NEGATİF",IF(COUNTIFS($C$6:$C$5000,$C24,$O$6:$O$5000,$O24,$B$6:$B$5000,$B24)>1,"MÜKERRER","OK"))))
A25: =IF($B25="","",ROW()-BaslangicSatir) | B25: 46181 | C25: SAT-006 | D25: GELİR | E25: SATIŞ | F25: TİCARİ MAL | G25: TEMEL GIDA | H25: Can Bakkaliye | I25: Bulgur 50kg | J25: BÖLGESEL SATIŞ | K25: Toptan satış | L25: 700 | M25: ADET | N25: 100 | O25: 70000 | P25: HARİÇ | Q25: 46181 | R25: 46193 | S25: EVET | T25: DEĞİŞKEN | U25: DOĞRUDAN | V25: TEKRARLAYAN | W25: HAYIR | X25: HAYIR | Y25: HAYIR | Z25: =IF($B25="",0,IF($S25="EVET",IF($D25="GELİR",$O25,-$O25),0)) | AA25: =IF($B25="",0,IF(OR($W25="EVET",$X25="EVET",$Y25="EVET"),0,IF($D25="GELİR",IF($E25="SATIŞ İADESİ/İSKONTO",-$O25,$O25),-$O25))) | AB25: =IF($B25="","",IF(OR($D25="",$E25="",$O25=""),"EKSİK",IF($O25<=0,"SIFIR/NEGATİF",IF(COUNTIFS($C$6:$C$5000,$C25,$O$6:$O$5000,$O25,$B$6:$B$5000,$B25)>1,"MÜKERRER","OK"))))
A26: =IF($B26="","",ROW()-BaslangicSatir) | B26: 46185 | C26: AL-005 | D26: GİDER | E26: SATIŞLARIN MALİYETİ | F26: HAMMADDE | G26: HUBUBAT | H26: Tarım Ürünleri A.Ş. | I26: Bulgur Buğdayı | J26: OPERASYON | K26: Hammadde alımı | L26: 2400 | M26: KG | N26: 25 | O26: 60000 | P26: HARİÇ | Q26: 46185 | R26: 46218 | S26: HAYIR | T26: DEĞİŞKEN | U26: DOĞRUDAN | V26: TEKRARLAYAN | W26: HAYIR | X26: HAYIR | Y26: HAYIR | Z26: =IF($B26="",0,IF($S26="EVET",IF($D26="GELİR",$O26,-$O26),0)) | AA26: =IF($B26="",0,IF(OR($W26="EVET",$X26="EVET",$Y26="EVET"),0,IF($D26="GELİR",IF($E26="SATIŞ İADESİ/İSKONTO",-$O26,$O26),-$O26))) | AB26: =IF($B26="","",IF(OR($D26="",$E26="",$O26=""),"EKSİK",IF($O26<=0,"SIFIR/NEGATİF",IF(COUNTIFS($C$6:$C$5000,$C26,$O$6:$O$5000,$O26,$B$6:$B$5000,$B26)>1,"MÜKERRER","OK"))))
A27: =IF($B27="","",ROW()-BaslangicSatir) | B27: 46188 | C27: SAT-007 | D27: GELİR | E27: SATIŞ | F27: TİCARİ MAL | G27: TEMEL GIDA | H27: Mega Market | I27: Un 25kg | J27: BÖLGESEL SATIŞ | K27: Toptan satış | L27: 1100 | M27: ADET | N27: 100 | O27: 110000 | P27: HARİÇ | Q27: 46188 | R27: 46233 | S27: HAYIR | T27: DEĞİŞKEN | U27: DOĞRUDAN | V27: TEKRARLAYAN | W27: HAYIR | X27: HAYIR | Y27: HAYIR | Z27: =IF($B27="",0,IF($S27="EVET",IF($D27="GELİR",$O27,-$O27),0)) | AA27: =IF($B27="",0,IF(OR($W27="EVET",$X27="EVET",$Y27="EVET"),0,IF($D27="GELİR",IF($E27="SATIŞ İADESİ/İSKONTO",-$O27,$O27),-$O27))) | AB27: =IF($B27="","",IF(OR($D27="",$E27="",$O27=""),"EKSİK",IF($O27<=0,"SIFIR/NEGATİF",IF(COUNTIFS($C$6:$C$5000,$C27,$O$6:$O$5000,$O27,$B$6:$B$5000,$B27)>1,"MÜKERRER","OK"))))
A28: =IF($B28="","",ROW()-BaslangicSatir) | B28: 46191 | C28: PAZ-002 | D28: GİDER | E28: PAZARLAMA | F28: REKLAM | G28: DİJİTAL PAZARLAMA | H28: Medya Ajans | J28: OPERASYON | K28: Sosyal medya reklamı | L28: 1 | M28: AY | N28: 12000 | O28: 12000 | P28: DAHİL | Q28: 46191 | R28: 46223 | S28: HAYIR | T28: SABİT | U28: DOLAYLI | V28: TEKRARLAYAN | W28: HAYIR | X28: HAYIR | Y28: HAYIR | Z28: =IF($B28="",0,IF($S28="EVET",IF($D28="GELİR",$O28,-$O28),0)) | AA28: =IF($B28="",0,IF(OR($W28="EVET",$X28="EVET",$Y28="EVET"),0,IF($D28="GELİR",IF($E28="SATIŞ İADESİ/İSKONTO",-$O28,$O28),-$O28))) | AB28: =IF($B28="","",IF(OR($D28="",$E28="",$O28=""),"EKSİK",IF($O28<=0,"SIFIR/NEGATİF",IF(COUNTIFS($C$6:$C$5000,$C28,$O$6:$O$5000,$O28,$B$6:$B$5000,$B28)>1,"MÜKERRER","OK"))))
A29: =IF($B29="","",ROW()-BaslangicSatir) | B29: 46193 | C29: AL-006 | D29: GİDER | E29: SATIŞLARIN MALİYETİ | F29: HAMMADDE | G29: HUBUBAT | H29: Tarım Ürünleri A.Ş. | I29: Mercimek | J29: OPERASYON | K29: Hammadde alımı | L29: 1100 | M29: KG | N29: 50 | O29: 55000 | P29: HARİÇ | Q29: 46193 | R29: 46193 | S29: EVET | T29: DEĞİŞKEN | U29: DOĞRUDAN | V29: TEKRARLAYAN | W29: HAYIR | X29: HAYIR | Y29: HAYIR | Z29: =IF($B29="",0,IF($S29="EVET",IF($D29="GELİR",$O29,-$O29),0)) | AA29: =IF($B29="",0,IF(OR($W29="EVET",$X29="EVET",$Y29="EVET"),0,IF($D29="GELİR",IF($E29="SATIŞ İADESİ/İSKONTO",-$O29,$O29),-$O29))) | AB29: =IF($B29="","",IF(OR($D29="",$E29="",$O29=""),"EKSİK",IF($O29<=0,"SIFIR/NEGATİF",IF(COUNTIFS($C$6:$C$5000,$C29,$O$6:$O$5000,$O29,$B$6:$B$5000,$B29)>1,"MÜKERRER","OK"))))
A30: =IF($B30="","",ROW()-BaslangicSatir) | B30: 46193 | C30: KMS-001 | D30: GİDER | E30: DEĞİŞKEN GİDER | F30: KOMİSYON | G30: BANKA HİZMETİ | H30: Satış Danışman | J30: OPERASYON | K30: Satış komisyonu | L30: 1 | M30: AY | N30: 16000 | O30: 16000 | P30: DAHİL | Q30: 46193 | R30: 46228 | S30: HAYIR | T30: DEĞİŞKEN | U30: DOLAYLI | V30: TEKRARLAYAN | W30: HAYIR | X30: HAYIR | Y30: HAYIR | Z30: =IF($B30="",0,IF($S30="EVET",IF($D30="GELİR",$O30,-$O30),0)) | AA30: =IF($B30="",0,IF(OR($W30="EVET",$X30="EVET",$Y30="EVET"),0,IF($D30="GELİR",IF($E30="SATIŞ İADESİ/İSKONTO",-$O30,$O30),-$O30))) | AB30: =IF($B30="","",IF(OR($D30="",$E30="",$O30=""),"EKSİK",IF($O30<=0,"SIFIR/NEGATİF",IF(COUNTIFS($C$6:$C$5000,$C30,$O$6:$O$5000,$O30,$B$6:$B$5000,$B30)>1,"MÜKERRER","OK"))))
A31: =IF($B31="","",ROW()-BaslangicSatir) | B31: 46195 | C31: SAT-008 | D31: GELİR | E31: SATIŞ | F31: TİCARİ MAL | G31: TEMEL GIDA | H31: Süpermarket Zinciri | I31: Mercimek | J31: BÖLGESEL SATIŞ | K31: Toptan satış | L31: 1100 | M31: ADET | N31: 50 | O31: 55000 | P31: HARİÇ | Q31: 46195 | R31: 46201 | S31: EVET | T31: DEĞİŞKEN | U31: DOĞRUDAN | V31: TEKRARLAYAN | W31: HAYIR | X31: HAYIR | Y31: HAYIR | Z31: =IF($B31="",0,IF($S31="EVET",IF($D31="GELİR",$O31,-$O31),0)) | AA31: =IF($B31="",0,IF(OR($W31="EVET",$X31="EVET",$Y31="EVET"),0,IF($D31="GELİR",IF($E31="SATIŞ İADESİ/İSKONTO",-$O31,$O31),-$O31))) | AB31: =IF($B31="","",IF(OR($D31="",$E31="",$O31=""),"EKSİK",IF($O31<=0,"SIFIR/NEGATİF",IF(COUNTIFS($C$6:$C$5000,$C31,$O$6:$O$5000,$O31,$B$6:$B$5000,$B31)>1,"MÜKERRER","OK"))))
A32: =IF($B32="","",ROW()-BaslangicSatir) | B32: 46198 | C32: PER-002 | D32: GİDER | E32: PERSONEL | F32: İKRAMİYE | G32: MAAŞ YAN ÖDEMESİ | H32: Personel | J32: OPERASYON | K32: Maaş ödemesi | L32: 6 | M32: AY | N32: 9167 | O32: 55000 | P32: DAHİL | Q32: 46198 | R32: 46198 | S32: EVET | T32: SABİT | U32: DOLAYLI | V32: TEKRARLAYAN | W32: HAYIR | X32: HAYIR | Y32: HAYIR | Z32: =IF($B32="",0,IF($S32="EVET",IF($D32="GELİR",$O32,-$O32),0)) | AA32: =IF($B32="",0,IF(OR($W32="EVET",$X32="EVET",$Y32="EVET"),0,IF($D32="GELİR",IF($E32="SATIŞ İADESİ/İSKONTO",-$O32,$O32),-$O32))) | AB32: =IF($B32="","",IF(OR($D32="",$E32="",$O32=""),"EKSİK",IF($O32<=0,"SIFIR/NEGATİF",IF(COUNTIFS($C$6:$C$5000,$C32,$O$6:$O$5000,$O32,$B$6:$B$5000,$B32)>1,"MÜKERRER","OK"))))
A33: =IF($B33="","",ROW()-BaslangicSatir) | B33: 46201 | C33: SAT-009 | D33: GELİR | E33: SATIŞ | F33: TİCARİ MAL | G33: TEMEL GIDA | H33: Yıldız Market | I33: Ayçiçek Yağı 5L | J33: BÖLGESEL SATIŞ | K33: Toptan satış | L33: 250 | M33: ADET | N33: 100 | O33: 25000 | P33: HARİÇ | Q33: 46201 | R33: 46239 | S33: HAYIR | T33: DEĞİŞKEN | U33: DOĞRUDAN | V33: TEKRARLAYAN | W33: HAYIR | X33: HAYIR | Y33: HAYIR | Z33: =IF($B33="",0,IF($S33="EVET",IF($D33="GELİR",$O33,-$O33),0)) | AA33: =IF($B33="",0,IF(OR($W33="EVET",$X33="EVET",$Y33="EVET"),0,IF($D33="GELİR",IF($E33="SATIŞ İADESİ/İSKONTO",-$O33,$O33),-$O33))) | AB33: =IF($B33="","",IF(OR($D33="",$E33="",$O33=""),"EKSİK",IF($O33<=0,"SIFIR/NEGATİF",IF(COUNTIFS($C$6:$C$5000,$C33,$O$6:$O$5000,$O33,$B$6:$B$5000,$B33)>1,"MÜKERRER","OK"))))
A34: =IF($B34="","",ROW()-BaslangicSatir) | B34: 46203 | C34: VRG-002 | D34: GİDER | E34: VERGİ | F34: SİGORTA | G34: YASAL YÜKÜMLÜLÜK | H34: Vergi Dairesi | J34: OPERASYON | K34: Muhtasar/KDV vergisi | L34: 1 | M34: AY | N34: 4000 | O34: 4000 | P34: DAHİL | Q34: 46203 | R34: 46203 | S34: EVET | T34: SABİT | U34: DOLAYLI | V34: TEKRARLAYAN | W34: HAYIR | X34: HAYIR | Y34: HAYIR | Z34: =IF($B34="",0,IF($S34="EVET",IF($D34="GELİR",$O34,-$O34),0)) | AA34: =IF($B34="",0,IF(OR($W34="EVET",$X34="EVET",$Y34="EVET"),0,IF($D34="GELİR",IF($E34="SATIŞ İADESİ/İSKONTO",-$O34,$O34),-$O34))) | AB34: =IF($B34="","",IF(OR($D34="",$E34="",$O34=""),"EKSİK",IF($O34<=0,"SIFIR/NEGATİF",IF(COUNTIFS($C$6:$C$5000,$C34,$O$6:$O$5000,$O34,$B$6:$B$5000,$B34)>1,"MÜKERRER","OK"))))
A35: =IF($B35="","",ROW()-BaslangicSatir) | B35: 46203 | C35: AMR-002 | D35: GİDER | E35: AMORTİSMAN | F35: OFİS | G35: DESTEK GİDERİ | H35: - | J35: OPERASYON | K35: Demirbaş amortismanı | L35: 1 | M35: AY | N35: 3000 | O35: 3000 | P35: HARİÇ | Q35: 46203 | S35: HAYIR | T35: SABİT | U35: DOLAYLI | V35: TEKRARLAYAN | W35: HAYIR | X35: HAYIR | Y35: HAYIR | Z35: =IF($B35="",0,IF($S35="EVET",IF($D35="GELİR",$O35,-$O35),0)) | AA35: =IF($B35="",0,IF(OR($W35="EVET",$X35="EVET",$Y35="EVET"),0,IF($D35="GELİR",IF($E35="SATIŞ İADESİ/İSKONTO",-$O35,$O35),-$O35))) | AB35: =IF($B35="","",IF(OR($D35="",$E35="",$O35=""),"EKSİK",IF($O35<=0,"SIFIR/NEGATİF",IF(COUNTIFS($C$6:$C$5000,$C35,$O$6:$O$5000,$O35,$B$6:$B$5000,$B35)>1,"MÜKERRER","OK"))))
A36: =IF($B36="","",ROW()-BaslangicSatir) | B36: 46203 | C36: GY-002 | D36: GİDER | E36: GENEL YÖNETİM | F36: ELEKTRİK | G36: ENERJİ | H36: Elektrik Dağıtım | J36: OPERASYON | K36: Elektrik faturası | L36: 1 | M36: AY | N36: 10000 | O36: 10000 | P36: DAHİL | Q36: 46203 | R36: 46203 | S36: EVET | T36: SABİT | U36: DOLAYLI | V36: TEKRARLAYAN | W36: HAYIR | X36: HAYIR | Y36: HAYIR | Z36: =IF($B36="",0,IF($S36="EVET",IF($D36="GELİR",$O36,-$O36),0)) | AA36: =IF($B36="",0,IF(OR($W36="EVET",$X36="EVET",$Y36="EVET"),0,IF($D36="GELİR",IF($E36="SATIŞ İADESİ/İSKONTO",-$O36,$O36),-$O36))) | AB36: =IF($B36="","",IF(OR($D36="",$E36="",$O36=""),"EKSİK",IF($O36<=0,"SIFIR/NEGATİF",IF(COUNTIFS($C$6:$C$5000,$C36,$O$6:$O$5000,$O36,$B$6:$B$5000,$B36)>1,"MÜKERRER","OK"))))
A37: =IF($B37="","",ROW()-BaslangicSatir) | B37: 46206 | C37: SAT-010 | D37: GELİR | E37: SATIŞ | F37: TİCARİ MAL | G37: TEMEL GIDA | H37: Can Bakkaliye | I37: Bulgur 50kg | J37: BÖLGESEL SATIŞ | K37: Toptan satış | L37: 800 | M37: ADET | N37: 100 | O37: 80000 | P37: HARİÇ | Q37: 46206 | R37: 46223 | S37: EVET | T37: DEĞİŞKEN | U37: DOĞRUDAN | V37: TEKRARLAYAN | W37: HAYIR | X37: HAYIR | Y37: HAYIR | Z37: =IF($B37="",0,IF($S37="EVET",IF($D37="GELİR",$O37,-$O37),0)) | AA37: =IF($B37="",0,IF(OR($W37="EVET",$X37="EVET",$Y37="EVET"),0,IF($D37="GELİR",IF($E37="SATIŞ İADESİ/İSKONTO",-$O37,$O37),-$O37))) | AB37: =IF($B37="","",IF(OR($D37="",$E37="",$O37=""),"EKSİK",IF($O37<=0,"SIFIR/NEGATİF",IF(COUNTIFS($C$6:$C$5000,$C37,$O$6:$O$5000,$O37,$B$6:$B$5000,$B37)>1,"MÜKERRER","OK"))))
A38: =IF($B38="","",ROW()-BaslangicSatir) | B38: 46208 | C38: KIR-003 | D38: GİDER | E38: KİRA | F38: OFİS | G38: DESTEK GİDERİ | H38: Depo Sahibi | J38: OPERASYON | K38: Depo ve ofis kirası | L38: 1 | M38: AY | N38: 25000 | O38: 25000 | P38: DAHİL | Q38: 46208 | R38: 46208 | S38: EVET | T38: SABİT | U38: DOLAYLI | V38: TEKRARLAYAN | W38: HAYIR | X38: HAYIR | Y38: HAYIR | Z38: =IF($B38="",0,IF($S38="EVET",IF($D38="GELİR",$O38,-$O38),0)) | AA38: =IF($B38="",0,IF(OR($W38="EVET",$X38="EVET",$Y38="EVET"),0,IF($D38="GELİR",IF($E38="SATIŞ İADESİ/İSKONTO",-$O38,$O38),-$O38))) | AB38: =IF($B38="","",IF(OR($D38="",$E38="",$O38=""),"EKSİK",IF($O38<=0,"SIFIR/NEGATİF",IF(COUNTIFS($C$6:$C$5000,$C38,$O$6:$O$5000,$O38,$B$6:$B$5000,$B38)>1,"MÜKERRER","OK"))))
A39: =IF($B39="","",ROW()-BaslangicSatir) | B39: 46208 | C39: FIN-003 | D39: GİDER | E39: FİNANSMAN GİDERİ | F39: KOMİSYON | G39: BANKA HİZMETİ | H39: ABC Bankası | J39: OPERASYON | K39: Kredi faizi | L39: 1 | M39: AY | N39: 6000 | O39: 6000 | P39: DAHİL | Q39: 46208 | R39: 46208 | S39: EVET | T39: SABİT | U39: DOLAYLI | V39: TEKRARLAYAN | W39: HAYIR | X39: HAYIR | Y39: HAYIR | Z39: =IF($B39="",0,IF($S39="EVET",IF($D39="GELİR",$O39,-$O39),0)) | AA39: =IF($B39="",0,IF(OR($W39="EVET",$X39="EVET",$Y39="EVET"),0,IF($D39="GELİR",IF($E39="SATIŞ İADESİ/İSKONTO",-$O39,$O39),-$O39))) | AB39: =IF($B39="","",IF(OR($D39="",$E39="",$O39=""),"EKSİK",IF($O39<=0,"SIFIR/NEGATİF",IF(COUNTIFS($C$6:$C$5000,$C39,$O$6:$O$5000,$O39,$B$6:$B$5000,$B39)>1,"MÜKERRER","OK"))))
A40: =IF($B40="","",ROW()-BaslangicSatir) | B40: 46208 | C40: YAT-001 | D40: GİDER | E40: YATIRIM | F40: OFİS | G40: DESTEK GİDERİ | H40: Makine Firması | I40: Forklift | J40: YATIRIM PROGRAMI | K40: Forklift yatırımı | L40: 1 | M40: ADET | N40: 60000 | O40: 60000 | P40: DAHİL | Q40: 46208 | R40: 46208 | S40: EVET | T40: SABİT | U40: DOLAYLI | V40: TEK SEFERLİK | W40: HAYIR | X40: HAYIR | Y40: EVET | Z40: =IF($B40="",0,IF($S40="EVET",IF($D40="GELİR",$O40,-$O40),0)) | AA40: =IF($B40="",0,IF(OR($W40="EVET",$X40="EVET",$Y40="EVET"),0,IF($D40="GELİR",IF($E40="SATIŞ İADESİ/İSKONTO",-$O40,$O40),-$O40))) | AB40: =IF($B40="","",IF(OR($D40="",$E40="",$O40=""),"EKSİK",IF($O40<=0,"SIFIR/NEGATİF",IF(COUNTIFS($C$6:$C$5000,$C40,$O$6:$O$5000,$O40,$B$6:$B$5000,$B40)>1,"MÜKERRER","OK"))))
A41: =IF($B41="","",ROW()-BaslangicSatir) | B41: 46210 | C41: AL-007 | D41: GİDER | E41: SATIŞLARIN MALİYETİ | F41: HAMMADDE | G41: HUBUBAT | H41: Tarım Ürünleri A.Ş. | I41: Ayçiçek Çekirdeği | J41: OPERASYON | K41: Hammadde alımı | L41: 1400 | M41: KG | N41: 50 | O41: 70000 | P41: HARİÇ | Q41: 46210 | R41: 46210 | S41: EVET | T41: DEĞİŞKEN | U41: DOĞRUDAN | V41: TEKRARLAYAN | W41: HAYIR | X41: HAYIR | Y41: HAYIR | Z41: =IF($B41="",0,IF($S41="EVET",IF($D41="GELİR",$O41,-$O41),0)) | AA41: =IF($B41="",0,IF(OR($W41="EVET",$X41="EVET",$Y41="EVET"),0,IF($D41="GELİR",IF($E41="SATIŞ İADESİ/İSKONTO",-$O41,$O41),-$O41))) | AB41: =IF($B41="","",IF(OR($D41="",$E41="",$O41=""),"EKSİK",IF($O41<=0,"SIFIR/NEGATİF",IF(COUNTIFS($C$6:$C$5000,$C41,$O$6:$O$5000,$O41,$B$6:$B$5000,$B41)>1,"MÜKERRER","OK"))))
A42: =IF($B42="","",ROW()-BaslangicSatir) | B42: 46211 | C42: KRD-001 | D42: GİDER | E42: KREDİ ANAPARA | F42: KOMİSYON | G42: BANKA HİZMETİ | H42: ABC Bankası | J42: KREDİ YAPISI | K42: Kredi anapara ödemesi | L42: 1 | M42: AY | N42: 50000 | O42: 50000 | P42: DAHİL | Q42: 46211 | R42: 46211 | S42: EVET | T42: SABİT | U42: DOLAYLI | V42: TEKRARLAYAN | W42: HAYIR | X42: EVET | Y42: HAYIR | Z42: =IF($B42="",0,IF($S42="EVET",IF($D42="GELİR",$O42,-$O42),0)) | AA42: =IF($B42="",0,IF(OR($W42="EVET",$X42="EVET",$Y42="EVET"),0,IF($D42="GELİR",IF($E42="SATIŞ İADESİ/İSKONTO",-$O42,$O42),-$O42))) | AB42: =IF($B42="","",IF(OR($D42="",$E42="",$O42=""),"EKSİK",IF($O42<=0,"SIFIR/NEGATİF",IF(COUNTIFS($C$6:$C$5000,$C42,$O$6:$O$5000,$O42,$B$6:$B$5000,$B42)>1,"MÜKERRER","OK"))))
A43: =IF($B43="","",ROW()-BaslangicSatir) | B43: 46213 | C43: SAT-011 | D43: GELİR | E43: SATIŞ | F43: TİCARİ MAL | G43: TEMEL GIDA | H43: Mega Market | I43: Un 25kg | J43: BÖLGESEL SATIŞ | K43: Toptan satış | L43: 1200 | M43: ADET | N43: 100 | O43: 120000 | P43: HARİÇ | Q43: 46213 | R43: 46234 | S43: EVET | T43: DEĞİŞKEN | U43: DOĞRUDAN | V43: TEKRARLAYAN | W43: HAYIR | X43: HAYIR | Y43: HAYIR | Z43: =IF($B43="",0,IF($S43="EVET",IF($D43="GELİR",$O43,-$O43),0)) | AA43: =IF($B43="",0,IF(OR($W43="EVET",$X43="EVET",$Y43="EVET"),0,IF($D43="GELİR",IF($E43="SATIŞ İADESİ/İSKONTO",-$O43,$O43),-$O43))) | AB43: =IF($B43="","",IF(OR($D43="",$E43="",$O43=""),"EKSİK",IF($O43<=0,"SIFIR/NEGATİF",IF(COUNTIFS($C$6:$C$5000,$C43,$O$6:$O$5000,$O43,$B$6:$B$5000,$B43)>1,"MÜKERRER","OK"))))
A44: =IF($B44="","",ROW()-BaslangicSatir) | B44: 46217 | C44: AL-008 | D44: GİDER | E44: SATIŞLARIN MALİYETİ | F44: HAMMADDE | G44: HUBUBAT | H44: Tarım Ürünleri A.Ş. | I44: Bulgur Buğdayı | J44: OPERASYON | K44: Hammadde alımı | L44: 2200 | M44: KG | N44: 25 | O44: 55000 | P44: HARİÇ | Q44: 46217 | R44: 46249 | S44: HAYIR | T44: DEĞİŞKEN | U44: DOĞRUDAN | V44: TEKRARLAYAN | W44: HAYIR | X44: HAYIR | Y44: HAYIR | Z44: =IF($B44="",0,IF($S44="EVET",IF($D44="GELİR",$O44,-$O44),0)) | AA44: =IF($B44="",0,IF(OR($W44="EVET",$X44="EVET",$Y44="EVET"),0,IF($D44="GELİR",IF($E44="SATIŞ İADESİ/İSKONTO",-$O44,$O44),-$O44))) | AB44: =IF($B44="","",IF(OR($D44="",$E44="",$O44=""),"EKSİK",IF($O44<=0,"SIFIR/NEGATİF",IF(COUNTIFS($C$6:$C$5000,$C44,$O$6:$O$5000,$O44,$B$6:$B$5000,$B44)>1,"MÜKERRER","OK"))))
A45: =IF($B45="","",ROW()-BaslangicSatir) | B45: 46218 | C45: ORT-001 | D45: GİDER | E45: ORTAK ÇEKİŞİ | F45: İKRAMİYE | G45: MAAŞ YAN ÖDEMESİ | H45: Ortaklar | J45: ORTAK HESAP | K45: Ortakların nakit çekişi | L45: 1 | M45: ADET | N45: 30000 | O45: 30000 | P45: DAHİL | Q45: 46218 | R45: 46218 | S45: EVET | T45: SABİT | U45: DOLAYLI | V45: TEK SEFERLİK | W45: EVET | X45: HAYIR | Y45: HAYIR | Z45: =IF($B45="",0,IF($S45="EVET",IF($D45="GELİR",$O45,-$O45),0)) | AA45: =IF($B45="",0,IF(OR($W45="EVET",$X45="EVET",$Y45="EVET"),0,IF($D45="GELİR",IF($E45="SATIŞ İADESİ/İSKONTO",-$O45,$O45),-$O45))) | AB45: =IF($B45="","",IF(OR($D45="",$E45="",$O45=""),"EKSİK",IF($O45<=0,"SIFIR/NEGATİF",IF(COUNTIFS($C$6:$C$5000,$C45,$O$6:$O$5000,$O45,$B$6:$B$5000,$B45)>1,"MÜKERRER","OK"))))
A46: =IF($B46="","",ROW()-BaslangicSatir) | B46: 46220 | C46: SAT-012 | D46: GELİR | E46: SATIŞ | F46: TİCARİ MAL | G46: TEMEL GIDA | H46: Yıldız Market | I46: Ayçiçek Yağı 5L | J46: BÖLGESEL SATIŞ | K46: Toptan satış | L46: 400 | M46: ADET | N46: 150 | O46: 60000 | P46: HARİÇ | Q46: 46220 | R46: 46265 | S46: HAYIR | T46: DEĞİŞKEN | U46: DOĞRUDAN | V46: TEKRARLAYAN | W46: HAYIR | X46: HAYIR | Y46: HAYIR | Z46: =IF($B46="",0,IF($S46="EVET",IF($D46="GELİR",$O46,-$O46),0)) | AA46: =IF($B46="",0,IF(OR($W46="EVET",$X46="EVET",$Y46="EVET"),0,IF($D46="GELİR",IF($E46="SATIŞ İADESİ/İSKONTO",-$O46,$O46),-$O46))) | AB46: =IF($B46="","",IF(OR($D46="",$E46="",$O46=""),"EKSİK",IF($O46<=0,"SIFIR/NEGATİF",IF(COUNTIFS($C$6:$C$5000,$C46,$O$6:$O$5000,$O46,$B$6:$B$5000,$B46)>1,"MÜKERRER","OK"))))
A47: =IF($B47="","",ROW()-BaslangicSatir) | B47: 46224 | C47: AL-009 | D47: GİDER | E47: SATIŞLARIN MALİYETİ | F47: HAMMADDE | G47: HUBUBAT | H47: Tarım Ürünleri A.Ş. | I47: Mercimek | J47: OPERASYON | K47: Hammadde alımı | L47: 800 | M47: KG | N47: 50 | O47: 40000 | P47: HARİÇ | Q47: 46224 | R47: 46224 | S47: EVET | T47: DEĞİŞKEN | U47: DOĞRUDAN | V47: TEKRARLAYAN | W47: HAYIR | X47: HAYIR | Y47: HAYIR | Z47: =IF($B47="",0,IF($S47="EVET",IF($D47="GELİR",$O47,-$O47),0)) | AA47: =IF($B47="",0,IF(OR($W47="EVET",$X47="EVET",$Y47="EVET"),0,IF($D47="GELİR",IF($E47="SATIŞ İADESİ/İSKONTO",-$O47,$O47),-$O47))) | AB47: =IF($B47="","",IF(OR($D47="",$E47="",$O47=""),"EKSİK",IF($O47<=0,"SIFIR/NEGATİF",IF(COUNTIFS($C$6:$C$5000,$C47,$O$6:$O$5000,$O47,$B$6:$B$5000,$B47)>1,"MÜKERRER","OK"))))
A48: =IF($B48="","",ROW()-BaslangicSatir) | B48: 46225 | C48: DNS-001 | D48: GİDER | E48: DEĞİŞKEN GİDER | F48: DANIŞMANLIK | G48: PROFESYONEL HİZMET | H48: Mali Danışman | J48: OPERASYON | K48: Danışmanlık hizmeti | L48: 1 | M48: AY | N48: 14000 | O48: 14000 | P48: DAHİL | Q48: 46225 | R48: 46225 | S48: EVET | T48: DEĞİŞKEN | U48: DOLAYLI | V48: TEK SEFERLİK | W48: HAYIR | X48: HAYIR | Y48: HAYIR | Z48: =IF($B48="",0,IF($S48="EVET",IF($D48="GELİR",$O48,-$O48),0)) | AA48: =IF($B48="",0,IF(OR($W48="EVET",$X48="EVET",$Y48="EVET"),0,IF($D48="GELİR",IF($E48="SATIŞ İADESİ/İSKONTO",-$O48,$O48),-$O48))) | AB48: =IF($B48="","",IF(OR($D48="",$E48="",$O48=""),"EKSİK",IF($O48<=0,"SIFIR/NEGATİF",IF(COUNTIFS($C$6:$C$5000,$C48,$O$6:$O$5000,$O48,$B$6:$B$5000,$B48)>1,"MÜKERRER","OK"))))
A49: =IF($B49="","",ROW()-BaslangicSatir) | B49: 46227 | C49: SAT-013 | D49: GELİR | E49: SATIŞ | F49: TİCARİ MAL | G49: TEMEL GIDA | H49: Süpermarket Zinciri | I49: Mercimek | J49: BÖLGESEL SATIŞ | K49: Toptan satış | L49: 600 | M49: ADET | N49: 50 | O49: 30000 | P49: HARİÇ | Q49: 46227 | R49: 46234 | S49: EVET | T49: DEĞİŞKEN | U49: DOĞRUDAN | V49: TEKRARLAYAN | W49: HAYIR | X49: HAYIR | Y49: HAYIR | Z49: =IF($B49="",0,IF($S49="EVET",IF($D49="GELİR",$O49,-$O49),0)) | AA49: =IF($B49="",0,IF(OR($W49="EVET",$X49="EVET",$Y49="EVET"),0,IF($D49="GELİR",IF($E49="SATIŞ İADESİ/İSKONTO",-$O49,$O49),-$O49))) | AB49: =IF($B49="","",IF(OR($D49="",$E49="",$O49=""),"EKSİK",IF($O49<=0,"SIFIR/NEGATİF",IF(COUNTIFS($C$6:$C$5000,$C49,$O$6:$O$5000,$O49,$B$6:$B$5000,$B49)>1,"MÜKERRER","OK"))))
A50: =IF($B50="","",ROW()-BaslangicSatir) | B50: 46228 | C50: PER-003 | D50: GİDER | E50: PERSONEL | F50: İKRAMİYE | G50: MAAŞ YAN ÖDEMESİ | H50: Personel | J50: OPERASYON | K50: Maaş ödemesi | L50: 6 | M50: AY | N50: 9167 | O50: 55000 | P50: DAHİL | Q50: 46228 | R50: 46228 | S50: EVET | T50: SABİT | U50: DOLAYLI | V50: TEKRARLAYAN | W50: HAYIR | X50: HAYIR | Y50: HAYIR | Z50: =IF($B50="",0,IF($S50="EVET",IF($D50="GELİR",$O50,-$O50),0)) | AA50: =IF($B50="",0,IF(OR($W50="EVET",$X50="EVET",$Y50="EVET"),0,IF($D50="GELİR",IF($E50="SATIŞ İADESİ/İSKONTO",-$O50,$O50),-$O50))) | AB50: =IF($B50="","",IF(OR($D50="",$E50="",$O50=""),"EKSİK",IF($O50<=0,"SIFIR/NEGATİF",IF(COUNTIFS($C$6:$C$5000,$C50,$O$6:$O$5000,$O50,$B$6:$B$5000,$B50)>1,"MÜKERRER","OK"))))
A51: =IF($B51="","",ROW()-BaslangicSatir) | B51: 46234 | C51: VRG-003 | D51: GİDER | E51: VERGİ | F51: SİGORTA | G51: YASAL YÜKÜMLÜLÜK | H51: Vergi Dairesi | J51: OPERASYON | K51: Muhtasar/KDV vergisi | L51: 1 | M51: AY | N51: 4000 | O51: 4000 | P51: DAHİL | Q51: 46234 | R51: 46234 | S51: EVET | T51: SABİT | U51: DOLAYLI | V51: TEKRARLAYAN | W51: HAYIR | X51: HAYIR | Y51: HAYIR | Z51: =IF($B51="",0,IF($S51="EVET",IF($D51="GELİR",$O51,-$O51),0)) | AA51: =IF($B51="",0,IF(OR($W51="EVET",$X51="EVET",$Y51="EVET"),0,IF($D51="GELİR",IF($E51="SATIŞ İADESİ/İSKONTO",-$O51,$O51),-$O51))) | AB51: =IF($B51="","",IF(OR($D51="",$E51="",$O51=""),"EKSİK",IF($O51<=0,"SIFIR/NEGATİF",IF(COUNTIFS($C$6:$C$5000,$C51,$O$6:$O$5000,$O51,$B$6:$B$5000,$B51)>1,"MÜKERRER","OK"))))
A52: =IF($B52="","",ROW()-BaslangicSatir) | B52: 46234 | C52: AMR-003 | D52: GİDER | E52: AMORTİSMAN | F52: OFİS | G52: DESTEK GİDERİ | H52: - | J52: OPERASYON | K52: Demirbaş amortismanı | L52: 1 | M52: AY | N52: 3000 | O52: 3000 | P52: HARİÇ | Q52: 46234 | S52: HAYIR | T52: SABİT | U52: DOLAYLI | V52: TEKRARLAYAN | W52: HAYIR | X52: HAYIR | Y52: HAYIR | Z52: =IF($B52="",0,IF($S52="EVET",IF($D52="GELİR",$O52,-$O52),0)) | AA52: =IF($B52="",0,IF(OR($W52="EVET",$X52="EVET",$Y52="EVET"),0,IF($D52="GELİR",IF($E52="SATIŞ İADESİ/İSKONTO",-$O52,$O52),-$O52))) | AB52: =IF($B52="","",IF(OR($D52="",$E52="",$O52=""),"EKSİK",IF($O52<=0,"SIFIR/NEGATİF",IF(COUNTIFS($C$6:$C$5000,$C52,$O$6:$O$5000,$O52,$B$6:$B$5000,$B52)>1,"MÜKERRER","OK"))))
A53: =IF($B53="","",ROW()-BaslangicSatir) | B53: 46234 | C53: GY-003 | D53: GİDER | E53: GENEL YÖNETİM | F53: ELEKTRİK | G53: ENERJİ | H53: Elektrik Dağıtım | J53: OPERASYON | K53: Elektrik faturası | L53: 1 | M53: AY | N53: 9000 | O53: 9000 | P53: DAHİL | Q53: 46234 | R53: 46234 | S53: EVET | T53: SABİT | U53: DOLAYLI | V53: TEKRARLAYAN | W53: HAYIR | X53: HAYIR | Y53: HAYIR | Z53: =IF($B53="",0,IF($S53="EVET",IF($D53="GELİR",$O53,-$O53),0)) | AA53: =IF($B53="",0,IF(OR($W53="EVET",$X53="EVET",$Y53="EVET"),0,IF($D53="GELİR",IF($E53="SATIŞ İADESİ/İSKONTO",-$O53,$O53),-$O53))) | AB53: =IF($B53="","",IF(OR($D53="",$E53="",$O53=""),"EKSİK",IF($O53<=0,"SIFIR/NEGATİF",IF(COUNTIFS($C$6:$C$5000,$C53,$O$6:$O$5000,$O53,$B$6:$B$5000,$B53)>1,"MÜKERRER","OK"))))
Z54: =IF($B54="",0,IF($S54="EVET",IF($D54="GELİR",$O54,-$O54),0)) | AA54: =IF($B54="",0,IF(OR($W54="EVET",$X54="EVET",$Y54="EVET"),0,IF($D54="GELİR",IF($E54="SATIŞ İADESİ/İSKONTO",-$O54,$O54),-$O54))) | AB54: =IF($B54="","",IF(OR($D54="",$E54="",$O54=""),"EKSİK",IF($O54<=0,"SIFIR/NEGATİF",IF(COUNTIFS($C$6:$C$5000,$C54,$O$6:$O$5000,$O54,$B$6:$B$5000,$B54)>1,"MÜKERRER","OK"))))
Z55: =IF($B55="",0,IF($S55="EVET",IF($D55="GELİR",$O55,-$O55),0)) | AA55: =IF($B55="",0,IF(OR($W55="EVET",$X55="EVET",$Y55="EVET"),0,IF($D55="GELİR",IF($E55="SATIŞ İADESİ/İSKONTO",-$O55,$O55),-$O55))) | AB55: =IF($B55="","",IF(OR($D55="",$E55="",$O55=""),"EKSİK",IF($O55<=0,"SIFIR/NEGATİF",IF(COUNTIFS($C$6:$C$5000,$C55,$O$6:$O$5000,$O55,$B$6:$B$5000,$B55)>1,"MÜKERRER","OK"))))
Z56: =IF($B56="",0,IF($S56="EVET",IF($D56="GELİR",$O56,-$O56),0)) | AA56: =IF($B56="",0,IF(OR($W56="EVET",$X56="EVET",$Y56="EVET"),0,IF($D56="GELİR",IF($E56="SATIŞ İADESİ/İSKONTO",-$O56,$O56),-$O56))) | AB56: =IF($B56="","",IF(OR($D56="",$E56="",$O56=""),"EKSİK",IF($O56<=0,"SIFIR/NEGATİF",IF(COUNTIFS($C$6:$C$5000,$C56,$O$6:$O$5000,$O56,$B$6:$B$5000,$B56)>1,"MÜKERRER","OK"))))
Z57: =IF($B57="",0,IF($S57="EVET",IF($D57="GELİR",$O57,-$O57),0)) | AA57: =IF($B57="",0,IF(OR($W57="EVET",$X57="EVET",$Y57="EVET"),0,IF($D57="GELİR",IF($E57="SATIŞ İADESİ/İSKONTO",-$O57,$O57),-$O57))) | AB57: =IF($B57="","",IF(OR($D57="",$E57="",$O57=""),"EKSİK",IF($O57<=0,"SIFIR/NEGATİF",IF(COUNTIFS($C$6:$C$5000,$C57,$O$6:$O$5000,$O57,$B$6:$B$5000,$B57)>1,"MÜKERRER","OK"))))
Z58: =IF($B58="",0,IF($S58="EVET",IF($D58="GELİR",$O58,-$O58),0)) | AA58: =IF($B58="",0,IF(OR($W58="EVET",$X58="EVET",$Y58="EVET"),0,IF($D58="GELİR",IF($E58="SATIŞ İADESİ/İSKONTO",-$O58,$O58),-$O58))) | AB58: =IF($B58="","",IF(OR($D58="",$E58="",$O58=""),"EKSİK",IF($O58<=0,"SIFIR/NEGATİF",IF(COUNTIFS($C$6:$C$5000,$C58,$O$6:$O$5000,$O58,$B$6:$B$5000,$B58)>1,"MÜKERRER","OK"))))
Z59: =IF($B59="",0,IF($S59="EVET",IF($D59="GELİR",$O59,-$O59),0)) | AA59: =IF($B59="",0,IF(OR($W59="EVET",$X59="EVET",$Y59="EVET"),0,IF($D59="GELİR",IF($E59="SATIŞ İADESİ/İSKONTO",-$O59,$O59),-$O59))) | AB59: =IF($B59="","",IF(OR($D59="",$E59="",$O59=""),"EKSİK",IF($O59<=0,"SIFIR/NEGATİF",IF(COUNTIFS($C$6:$C$5000,$C59,$O$6:$O$5000,$O59,$B$6:$B$5000,$B59)>1,"MÜKERRER","OK"))))
Z60: =IF($B60="",0,IF($S60="EVET",IF($D60="GELİR",$O60,-$O60),0)) | AA60: =IF($B60="",0,IF(OR($W60="EVET",$X60="EVET",$Y60="EVET"),0,IF($D60="GELİR",IF($E60="SATIŞ İADESİ/İSKONTO",-$O60,$O60),-$O60))) | AB60: =IF($B60="","",IF(OR($D60="",$E60="",$O60=""),"EKSİK",IF($O60<=0,"SIFIR/NEGATİF",IF(COUNTIFS($C$6:$C$5000,$C60,$O$6:$O$5000,$O60,$B$6:$B$5000,$B60)>1,"MÜKERRER","OK"))))
Z61: =IF($B61="",0,IF($S61="EVET",IF($D61="GELİR",$O61,-$O61),0)) | AA61: =IF($B61="",0,IF(OR($W61="EVET",$X61="EVET",$Y61="EVET"),0,IF($D61="GELİR",IF($E61="SATIŞ İADESİ/İSKONTO",-$O61,$O61),-$O61))) | AB61: =IF($B61="","",IF(OR($D61="",$E61="",$O61=""),"EKSİK",IF($O61<=0,"SIFIR/NEGATİF",IF(COUNTIFS($C$6:$C$5000,$C61,$O$6:$O$5000,$O61,$B$6:$B$5000,$B61)>1,"MÜKERRER","OK"))))
Z62: =IF($B62="",0,IF($S62="EVET",IF($D62="GELİR",$O62,-$O62),0)) | AA62: =IF($B62="",0,IF(OR($W62="EVET",$X62="EVET",$Y62="EVET"),0,IF($D62="GELİR",IF($E62="SATIŞ İADESİ/İSKONTO",-$O62,$O62),-$O62))) | AB62: =IF($B62="","",IF(OR($D62="",$E62="",$O62=""),"EKSİK",IF($O62<=0,"SIFIR/NEGATİF",IF(COUNTIFS($C$6:$C$5000,$C62,$O$6:$O$5000,$O62,$B$6:$B$5000,$B62)>1,"MÜKERRER","OK"))))
Z63: =IF($B63="",0,IF($S63="EVET",IF($D63="GELİR",$O63,-$O63),0)) | AA63: =IF($B63="",0,IF(OR($W63="EVET",$X63="EVET",$Y63="EVET"),0,IF($D63="GELİR",IF($E63="SATIŞ İADESİ/İSKONTO",-$O63,$O63),-$O63))) | AB63: =IF($B63="","",IF(OR($D63="",$E63="",$O63=""),"EKSİK",IF($O63<=0,"SIFIR/NEGATİF",IF(COUNTIFS($C$6:$C$5000,$C63,$O$6:$O$5000,$O63,$B$6:$B$5000,$B63)>1,"MÜKERRER","OK"))))
Z64: =IF($B64="",0,IF($S64="EVET",IF($D64="GELİR",$O64,-$O64),0)) | AA64: =IF($B64="",0,IF(OR($W64="EVET",$X64="EVET",$Y64="EVET"),0,IF($D64="GELİR",IF($E64="SATIŞ İADESİ/İSKONTO",-$O64,$O64),-$O64))) | AB64: =IF($B64="","",IF(OR($D64="",$E64="",$O64=""),"EKSİK",IF($O64<=0,"SIFIR/NEGATİF",IF(COUNTIFS($C$6:$C$5000,$C64,$O$6:$O$5000,$O64,$B$6:$B$5000,$B64)>1,"MÜKERRER","OK"))))
Z65: =IF($B65="",0,IF($S65="EVET",IF($D65="GELİR",$O65,-$O65),0)) | AA65: =IF($B65="",0,IF(OR($W65="EVET",$X65="EVET",$Y65="EVET"),0,IF($D65="GELİR",IF($E65="SATIŞ İADESİ/İSKONTO",-$O65,$O65),-$O65))) | AB65: =IF($B65="","",IF(OR($D65="",$E65="",$O65=""),"EKSİK",IF($O65<=0,"SIFIR/NEGATİF",IF(COUNTIFS($C$6:$C$5000,$C65,$O$6:$O$5000,$O65,$B$6:$B$5000,$B65)>1,"MÜKERRER","OK"))))
... Z5000: =IF($B5000="",0,IF($S5000="EVET",IF($D5000="GELİR",$O5000,-$O5000),0)) | AA5000: =IF($B5000="",0,IF(OR($W5000="EVET",$X5000="EVET",$Y5000="EVET"),0,IF($D5000="GELİR",IF($E5000="SATIŞ İADESİ/İSKONTO",-$O5000,$O5000),-$O5000))) | AB5000: =IF($B5000="","",IF(OR($D5000="",$E5000="",$O5000=""),"EKSİK",IF($O5000<=0,"SIFIR/NEGATİF",IF(COUNTIFS($C$6:$C$5000,$C5000,$O$6:$O$5000,$O5000,$B$6:$B$5000,$B5000)>1,"MÜKERRER","OK"))))

Sheet SATIS_MALIYET
A1: SATIS MALIYET — GÜNLÜK GELİR–GİDER VE GERÇEK KÂRLILIK SİSTEMİ
A2: Ürün/hizmet bazında satış ve maliyet bilgisi girin. Brüt Kâr ve Brüt Marj otomatik hesaplanır; PANO ürün/proje marjı grafiğini buradan besler.
A5: Ürün/Hizmet | B5: Kategori | C5: Satış Adedi | D5: Birim Fiyat | E5: Satış Tutarı | F5: Birim Maliyet | G5: Maliyet Tutarı | H5: Brüt Kâr | I5: Brüt Marj
A6: Ayçiçek Yağı 5L | B6: TİCARİ MAL | C6: 2250 | D6: 150 | E6: =IF($A6="","",$C6*$D6) | F6: 100 | G6: =IF($A6="","",$C6*$F6) | H6: =IF($A6="","",$E6-$G6) | I6: =IF($A6="","",IF($E6=0,"",$H6/$E6))
A7: Bulgur 50kg | B7: TİCARİ MAL | C7: 1900 | D7: 100 | E7: =IF($A7="","",$C7*$D7) | F7: 65 | G7: =IF($A7="","",$C7*$F7) | H7: =IF($A7="","",$E7-$G7) | I7: =IF($A7="","",IF($E7=0,"",$H7/$E7))
A8: Un 25kg | B8: TİCARİ MAL | C8: 2900 | D8: 100 | E8: =IF($A8="","",$C8*$D8) | F8: 70 | G8: =IF($A8="","",$C8*$F8) | H8: =IF($A8="","",$E8-$G8) | I8: =IF($A8="","",IF($E8=0,"",$H8/$E8))
A9: Mercimek | B9: TİCARİ MAL | C9: 2700 | D9: 50 | E9: =IF($A9="","",$C9*$D9) | F9: 32 | G9: =IF($A9="","",$C9*$F9) | H9: =IF($A9="","",$E9-$G9) | I9: =IF($A9="","",IF($E9=0,"",$H9/$E9))
E10: =IF($A10="","",$C10*$D10) | G10: =IF($A10="","",$C10*$F10) | H10: =IF($A10="","",$E10-$G10) | I10: =IF($A10="","",IF($E10=0,"",$H10/$E10))
E11: =IF($A11="","",$C11*$D11) | G11: =IF($A11="","",$C11*$F11) | H11: =IF($A11="","",$E11-$G11) | I11: =IF($A11="","",IF($E11=0,"",$H11/$E11))
E12: =IF($A12="","",$C12*$D12) | G12: =IF($A12="","",$C12*$F12) | H12: =IF($A12="","",$E12-$G12) | I12: =IF($A12="","",IF($E12=0,"",$H12/$E12))
E13: =IF($A13="","",$C13*$D13) | G13: =IF($A13="","",$C13*$F13) | H13: =IF($A13="","",$E13-$G13) | I13: =IF($A13="","",IF($E13=0,"",$H13/$E13))
E14: =IF($A14="","",$C14*$D14) | G14: =IF($A14="","",$C14*$F14) | H14: =IF($A14="","",$E14-$G14) | I14: =IF($A14="","",IF($E14=0,"",$H14/$E14))
E15: =IF($A15="","",$C15*$D15) | G15: =IF($A15="","",$C15*$F15) | H15: =IF($A15="","",$E15-$G15) | I15: =IF($A15="","",IF($E15=0,"",$H15/$E15))
E16: =IF($A16="","",$C16*$D16) | G16: =IF($A16="","",$C16*$F16) | H16: =IF($A16="","",$E16-$G16) | I16: =IF($A16="","",IF($E16=0,"",$H16/$E16))
E17: =IF($A17="","",$C17*$D17) | G17: =IF($A17="","",$C17*$F17) | H17: =IF($A17="","",$E17-$G17) | I17: =IF($A17="","",IF($E17=0,"",$H17/$E17))
E18: =IF($A18="","",$C18*$D18) | G18: =IF($A18="","",$C18*$F18) | H18: =IF($A18="","",$E18-$G18) | I18: =IF($A18="","",IF($E18=0,"",$H18/$E18))
E19: =IF($A19="","",$C19*$D19) | G19: =IF($A19="","",$C19*$F19) | H19: =IF($A19="","",$E19-$G19) | I19: =IF($A19="","",IF($E19=0,"",$H19/$E19))
E20: =IF($A20="","",$C20*$D20) | G20: =IF($A20="","",$C20*$F20) | H20: =IF($A20="","",$E20-$G20) | I20: =IF($A20="","",IF($E20=0,"",$H20/$E20))
E21: =IF($A21="","",$C21*$D21) | G21: =IF($A21="","",$C21*$F21) | H21: =IF($A21="","",$E21-$G21) | I21: =IF($A21="","",IF($E21=0,"",$H21/$E21))
... E200: =IF($A200="","",$C200*$D200) | G200: =IF($A200="","",$C200*$F200) | H200: =IF($A200="","",$E200-$G200) | I200: =IF($A200="","",IF($E200=0,"",$H200/$E200))

Sheet TAHAKKUK_NAKIT_ESLEME
A1: TAHAKKUK NAKIT ESLEME — GÜNLÜK GELİR–GİDER VE GERÇEK KÂRLILIK SİSTEMİ
A2: Muhasebe kârından gerçek nakit değişimine geçiş köprüsü. Her satırın tanımı ve veri kaynağı sağda görünür.
A4: GERÇEK KÂRLILIK KÖPRÜSÜ
A5: Açıklama | B5: Tutar (₺) | C5: Tanım | D5: Veri Kaynağı
A6: Muhasebe Net Sonucu | B6: =SUM(GELIR_GIDER_KAYIT!$AA$6:$AA$5000) | C6: Kârlılık Etkisi toplamı (tüm gelir - tüm kâr etkili gider) | D6: GELIR_GIDER_KAYIT!Kârlılık Etkisi
A7: + Amortisman | B7: =-SUMIFS(GELIR_GIDER_KAYIT!$AA$6:$AA$5000,GELIR_GIDER_KAYIT!$E$6:$E$5000,"AMORTİSMAN") | C7: Nakit etkisiz gider; kâra yazıldığı için geri eklenir | D7: Ana Sınıf = AMORTİSMAN
A8: - Tahsil Edilmemiş Satış Artışı | B8: =SUMIFS(GELIR_GIDER_KAYIT!$O$6:$O$5000,GELIR_GIDER_KAYIT!$D$6:$D$5000,"GELİR",GELIR_GIDER_KAYIT!$S$6:$S$5000,"HAYIR") | C8: Satışa yazıldı ama nakit tahsil edilmedi | D8: İşlem Türü=GELİR ve Nakit Gerçekleşti=HAYIR
A9: + Ödenmemiş Gider Artışı | B9: =SUMIFS(GELIR_GIDER_KAYIT!$O$6:$O$5000,GELIR_GIDER_KAYIT!$D$6:$D$5000,"GİDER",GELIR_GIDER_KAYIT!$S$6:$S$5000,"HAYIR",GELIR_GIDER_KAYIT!$E$6:$E$5000,"<>AMORTİSMAN") | C9: Gidere yazıldı ama henüz ödenmedi; nakit çıkışı olmadı | D9: İşlem Türü=GİDER, Nakit=HAYIR, AMORTİSMAN hariç
A10: - Stok Artışı | B10: =IF(KayitSayisi=0,"VERİ YOK",MAX(0,DonemSonuStok-DonemBasiStok)) | C10: Stoka bağlanan nakit kâr değildir | D10: AYARLAR!Dönem Başı/Sonu Stok
A11: - Kredi Anapara Ödemesi | B11: =SUMIFS(GELIR_GIDER_KAYIT!$O$6:$O$5000,GELIR_GIDER_KAYIT!$E$6:$E$5000,"KREDİ ANAPARA") | C11: Anapara geri ödemesi kârı etkilemez, nakdi azaltır | D11: Ana Sınıf = KREDİ ANAPARA
A12: - Yatırım Harcaması | B12: =SUMIFS(GELIR_GIDER_KAYIT!$O$6:$O$5000,GELIR_GIDER_KAYIT!$E$6:$E$5000,"YATIRIM") | C12: Yatırım gideri gider değil, nakit çıkışıdır | D12: Ana Sınıf = YATIRIM
A13: - Ortak Çekişi | B13: =SUMIFS(GELIR_GIDER_KAYIT!$O$6:$O$5000,GELIR_GIDER_KAYIT!$E$6:$E$5000,"ORTAK ÇEKİŞİ") | C13: Ortaklara çıkan nakit kâr değildir | D13: Ana Sınıf = ORTAK ÇEKİŞİ
A14: Gerçek Net Nakit Değişimi | B14: =B6+B7-B8+B9-B10-B11-B12-B13 | C14: Dönem içinde fiilen oluşan nakit değişimi | D14: Köprü toplamı
A16: ÇAPRAZ KONTROL
A17: Nakit Etkisi toplamı (doğrudan) | B17: =SUM(GELIR_GIDER_KAYIT!$Z$6:$Z$5000)
A18: Köprü ile fark (₺) | B18: =ABS(B14-B17)
A19: Tolerans (₺) | B19: =IF(KayitSayisi=0,"VERİ YOK",YuvarlamaToleransi)
A20: Durum | B20: =IF(B18<=B19,"UYUMLU","KONTROL GEREKLİ")

Sheet GUNLUK_OZET
A1: GUNLUK OZET — GÜNLÜK GELİR–GİDER VE GERÇEK KÂRLILIK SİSTEMİ
A2: Son 41 günün nakit ve kârlılık akışı otomatik özetlenir. Açık sarı hücreye dönem başı nakit bakiyesi girin.
A3: Dönem Başı Nakit Bakiyesi (₺) | B3: 250000
A5: Tarih | B5: Nakit Girişi | C5: Nakit Çıkışı | D5: Net Nakit | E5: Kârlılık | F5: Kümülatif Nakit
A6: =IF(RaporDonemBaslangici="","",RaporDonemBaslangici) | B6: =IF($A6="","",SUMIFS(GELIR_GIDER_KAYIT!$Z$6:$Z$5000,GELIR_GIDER_KAYIT!$B$6:$B$5000,$A6,GELIR_GIDER_KAYIT!$Z$6:$Z$5000,">0")) | C6: =IF($A6="","",-SUMIFS(GELIR_GIDER_KAYIT!$Z$6:$Z$5000,GELIR_GIDER_KAYIT!$B$6:$B$5000,$A6,GELIR_GIDER_KAYIT!$Z$6:$Z$5000,"<0")) | D6: =IF($A6="","",B6-C6) | E6: =IF($A6="","",SUMIFS(GELIR_GIDER_KAYIT!$AA$6:$AA$5000,GELIR_GIDER_KAYIT!$B$6:$B$5000,$A6)) | F6: =IF($A6="","",$B$3+D6)
A7: =IF($A6="","",IF($A6+1>RaporTarihi,"",$A6+1)) | B7: =IF($A7="","",SUMIFS(GELIR_GIDER_KAYIT!$Z$6:$Z$5000,GELIR_GIDER_KAYIT!$B$6:$B$5000,$A7,GELIR_GIDER_KAYIT!$Z$6:$Z$5000,">0")) | C7: =IF($A7="","",-SUMIFS(GELIR_GIDER_KAYIT!$Z$6:$Z$5000,GELIR_GIDER_KAYIT!$B$6:$B$5000,$A7,GELIR_GIDER_KAYIT!$Z$6:$Z$5000,"<0")) | D7: =IF($A7="","",B7-C7) | E7: =IF($A7="","",SUMIFS(GELIR_GIDER_KAYIT!$AA$6:$AA$5000,GELIR_GIDER_KAYIT!$B$6:$B$5000,$A7)) | F7: =IF($A7="","",F6+D7)
A8: =IF($A7="","",IF($A7+1>RaporTarihi,"",$A7+1)) | B8: =IF($A8="","",SUMIFS(GELIR_GIDER_KAYIT!$Z$6:$Z$5000,GELIR_GIDER_KAYIT!$B$6:$B$5000,$A8,GELIR_GIDER_KAYIT!$Z$6:$Z$5000,">0")) | C8: =IF($A8="","",-SUMIFS(GELIR_GIDER_KAYIT!$Z$6:$Z$5000,GELIR_GIDER_KAYIT!$B$6:$B$5000,$A8,GELIR_GIDER_KAYIT!$Z$6:$Z$5000,"<0")) | D8: =IF($A8="","",B8-C8) | E8: =IF($A8="","",SUMIFS(GELIR_GIDER_KAYIT!$AA$6:$AA$5000,GELIR_GIDER_KAYIT!$B$6:$B$5000,$A8)) | F8: =IF($A8="","",F7+D8)
A9: =IF($A8="","",IF($A8+1>RaporTarihi,"",$A8+1)) | B9: =IF($A9="","",SUMIFS(GELIR_GIDER_KAYIT!$Z$6:$Z$5000,GELIR_GIDER_KAYIT!$B$6:$B$5000,$A9,GELIR_GIDER_KAYIT!$Z$6:$Z$5000,">0")) | C9: =IF($A9="","",-SUMIFS(GELIR_GIDER_KAYIT!$Z$6:$Z$5000,GELIR_GIDER_KAYIT!$B$6:$B$5000,$A9,GELIR_GIDER_KAYIT!$Z$6:$Z$5000,"<0")) | D9: =IF($A9="","",B9-C9) | E9: =IF($A9="","",SUMIFS(GELIR_GIDER_KAYIT!$AA$6:$AA$5000,GELIR_GIDER_KAYIT!$B$6:$B$5000,$A9)) | F9: =IF($A9="","",F8+D9)
A10: =IF($A9="","",IF($A9+1>RaporTarihi,"",$A9+1)) | B10: =IF($A10="","",SUMIFS(GELIR_GIDER_KAYIT!$Z$6:$Z$5000,GELIR_GIDER_KAYIT!$B$6:$B$5000,$A10,GELIR_GIDER_KAYIT!$Z$6:$Z$5000,">0")) | C10: =IF($A10="","",-SUMIFS(GELIR_GIDER_KAYIT!$Z$6:$Z$5000,GELIR_GIDER_KAYIT!$B$6:$B$5000,$A10,GELIR_GIDER_KAYIT!$Z$6:$Z$5000,"<0")) | D10: =IF($A10="","",B10-C10) | E10: =IF($A10="","",SUMIFS(GELIR_GIDER_KAYIT!$AA$6:$AA$5000,GELIR_GIDER_KAYIT!$B$6:$B$5000,$A10)) | F10: =IF($A10="","",F9+D10)
A11: =IF($A10="","",IF($A10+1>RaporTarihi,"",$A10+1)) | B11: =IF($A11="","",SUMIFS(GELIR_GIDER_KAYIT!$Z$6:$Z$5000,GELIR_GIDER_KAYIT!$B$6:$B$5000,$A11,GELIR_GIDER_KAYIT!$Z$6:$Z$5000,">0")) | C11: =IF($A11="","",-SUMIFS(GELIR_GIDER_KAYIT!$Z$6:$Z$5000,GELIR_GIDER_KAYIT!$B$6:$B$5000,$A11,GELIR_GIDER_KAYIT!$Z$6:$Z$5000,"<0")) | D11: =IF($A11="","",B11-C11) | E11: =IF($A11="","",SUMIFS(GELIR_GIDER_KAYIT!$AA$6:$AA$5000,GELIR_GIDER_KAYIT!$B$6:$B$5000,$A11)) | F11: =IF($A11="","",F10+D11)
A12: =IF($A11="","",IF($A11+1>RaporTarihi,"",$A11+1)) | B12: =IF($A12="","",SUMIFS(GELIR_GIDER_KAYIT!$Z$6:$Z$5000,GELIR_GIDER_KAYIT!$B$6:$B$5000,$A12,GELIR_GIDER_KAYIT!$Z$6:$Z$5000,">0")) | C12: =IF($A12="","",-SUMIFS(GELIR_GIDER_KAYIT!$Z$6:$Z$5000,GELIR_GIDER_KAYIT!$B$6:$B$5000,$A12,GELIR_GIDER_KAYIT!$Z$6:$Z$5000,"<0")) | D12: =IF($A12="","",B12-C12) | E12: =IF($A12="","",SUMIFS(GELIR_GIDER_KAYIT!$AA$6:$AA$5000,GELIR_GIDER_KAYIT!$B$6:$B$5000,$A12)) | F12: =IF($A12="","",F11+D12)
A13: =IF($A12="","",IF($A12+1>RaporTarihi,"",$A12+1)) | B13: =IF($A13="","",SUMIFS(GELIR_GIDER_KAYIT!$Z$6:$Z$5000,GELIR_GIDER_KAYIT!$B$6:$B$5000,$A13,GELIR_GIDER_KAYIT!$Z$6:$Z$5000,">0")) | C13: =IF($A13="","",-SUMIFS(GELIR_GIDER_KAYIT!$Z$6:$Z$5000,GELIR_GIDER_KAYIT!$B$6:$B$5000,$A13,GELIR_GIDER_KAYIT!$Z$6:$Z$5000,"<0")) | D13: =IF($A13="","",B13-C13) | E13: =IF($A13="","",SUMIFS(GELIR_GIDER_KAYIT!$AA$6:$AA$5000,GELIR_GIDER_KAYIT!$B$6:$B$5000,$A13)) | F13: =IF($A13="","",F12+D13)
A14: =IF($A13="","",IF($A13+1>RaporTarihi,"",$A13+1)) | B14: =IF($A14="","",SUMIFS(GELIR_GIDER_KAYIT!$Z$6:$Z$5000,GELIR_GIDER_KAYIT!$B$6:$B$5000,$A14,GELIR_GIDER_KAYIT!$Z$6:$Z$5000,">0")) | C14: =IF($A14="","",-SUMIFS(GELIR_GIDER_KAYIT!$Z$6:$Z$5000,GELIR_GIDER_KAYIT!$B$6:$B$5000,$A14,GELIR_GIDER_KAYIT!$Z$6:$Z$5000,"<0")) | D14: =IF($A14="","",B14-C14) | E14: =IF($A14="","",SUMIFS(GELIR_GIDER_KAYIT!$AA$6:$AA$5000,GELIR_GIDER_KAYIT!$B$6:$B$5000,$A14)) | F14: =IF($A14="","",F13+D14)
A15: =IF($A14="","",IF($A14+1>RaporTarihi,"",$A14+1)) | B15: =IF($A15="","",SUMIFS(GELIR_GIDER_KAYIT!$Z$6:$Z$5000,GELIR_GIDER_KAYIT!$B$6:$B$5000,$A15,GELIR_GIDER_KAYIT!$Z$6:$Z$5000,">0")) | C15: =IF($A15="","",-SUMIFS(GELIR_GIDER_KAYIT!$Z$6:$Z$5000,GELIR_GIDER_KAYIT!$B$6:$B$5000,$A15,GELIR_GIDER_KAYIT!$Z$6:$Z$5000,"<0")) | D15: =IF($A15="","",B15-C15) | E15: =IF($A15="","",SUMIFS(GELIR_GIDER_KAYIT!$AA$6:$AA$5000,GELIR_GIDER_KAYIT!$B$6:$B$5000,$A15)) | F15: =IF($A15="","",F14+D15)
A16: =IF($A15="","",IF($A15+1>RaporTarihi,"",$A15+1)) | B16: =IF($A16="","",SUMIFS(GELIR_GIDER_KAYIT!$Z$6:$Z$5000,GELIR_GIDER_KAYIT!$B$6:$B$5000,$A16,GELIR_GIDER_KAYIT!$Z$6:$Z$5000,">0")) | C16: =IF($A16="","",-SUMIFS(GELIR_GIDER_KAYIT!$Z$6:$Z$5000,GELIR_GIDER_KAYIT!$B$6:$B$5000,$A16,GELIR_GIDER_KAYIT!$Z$6:$Z$5000,"<0")) | D16: =IF($A16="","",B16-C16) | E16: =IF($A16="","",SUMIFS(GELIR_GIDER_KAYIT!$AA$6:$AA$5000,GELIR_GIDER_KAYIT!$B$6:$B$5000,$A16)) | F16: =IF($A16="","",F15+D16)
A17: =IF($A16="","",IF($A16+1>RaporTarihi,"",$A16+1)) | B17: =IF($A17="","",SUMIFS(GELIR_GIDER_KAYIT!$Z$6:$Z$5000,GELIR_GIDER_KAYIT!$B$6:$B$5000,$A17,GELIR_GIDER_KAYIT!$Z$6:$Z$5000,">0")) | C17: =IF($A17="","",-SUMIFS(GELIR_GIDER_KAYIT!$Z$6:$Z$5000,GELIR_GIDER_KAYIT!$B$6:$B$5000,$A17,GELIR_GIDER_KAYIT!$Z$6:$Z$5000,"<0")) | D17: =IF($A17="","",B17-C17) | E17: =IF($A17="","",SUMIFS(GELIR_GIDER_KAYIT!$AA$6:$AA$5000,GELIR_GIDER_KAYIT!$B$6:$B$5000,$A17)) | F17: =IF($A17="","",F16+D17)
A18: =IF($A17="","",IF($A17+1>RaporTarihi,"",$A17+1)) | B18: =IF($A18="","",SUMIFS(GELIR_GIDER_KAYIT!$Z$6:$Z$5000,GELIR_GIDER_KAYIT!$B$6:$B$5000,$A18,GELIR_GIDER_KAYIT!$Z$6:$Z$5000,">0")) | C18: =IF($A18="","",-SUMIFS(GELIR_GIDER_KAYIT!$Z$6:$Z$5000,GELIR_GIDER_KAYIT!$B$6:$B$5000,$A18,GELIR_GIDER_KAYIT!$Z$6:$Z$5000,"<0")) | D18: =IF($A18="","",B18-C18) | E18: =IF($A18="","",SUMIFS(GELIR_GIDER_KAYIT!$AA$6:$AA$5000,GELIR_GIDER_KAYIT!$B$6:$B$5000,$A18)) | F18: =IF($A18="","",F17+D18)
... A105: =IF($A104="","",IF($A104+1>RaporTarihi,"",$A104+1)) | B105: =IF($A105="","",SUMIFS(GELIR_GIDER_KAYIT!$Z$6:$Z$5000,GELIR_GIDER_KAYIT!$B$6:$B$5000,$A105,GELIR_GIDER_KAYIT!$Z$6:$Z$5000,">0")) | C105: =IF($A105="","",-SUMIFS(GELIR_GIDER_KAYIT!$Z$6:$Z$5000,GELIR_GIDER_KAYIT!$B$6:$B$5000,$A105,GELIR_GIDER_KAYIT!$Z$6:$Z$5000,"<0")) | D105: =IF($A105="","",B105-C105) | E105: =IF($A105="","",SUMIFS(GELIR_GIDER_KAYIT!$AA$6:$AA$5000,GELIR_GIDER_KAYIT!$B$6:$B$5000,$A105)) | F105: =IF($A105="","",F104+D105)

Sheet AYLIK_KARLILIK
A1: AYLIK KARLILIK — GÜNLÜK GELİR–GİDER VE GERÇEK KÂRLILIK SİSTEMİ
A2: Ay bazında gelir tablosu otomatik hesaplanır. Kâr varmış gibi görünürken paranın neden azaldığını Net Nakit sütunu gösterir.
A5: Ay | B5: Net Satış | C5: Satış İade/İskonto | D5: Satışların Maliyeti | E5: Brüt Kâr | F5: Değişken Gider | G5: Katkı Payı | H5: Sabit Gider | I5: Faaliyet Kârı | J5: Finansman Gideri | K5: Vergi | L5: Net Sonuç | M5: Nakit Girişi | N5: Nakit Çıkışı | O5: Net Nakit
A6: OCAK | B6: =SUMPRODUCT((MONTH(GELIR_GIDER_KAYIT!$B$6:$B$5000)=MATCH($A6,$A$6:$A$17,0))*((GELIR_GIDER_KAYIT!$D$6:$D$5000="GELİR")*(GELIR_GIDER_KAYIT!$E$6:$E$5000="SATIŞ"))*GELIR_GIDER_KAYIT!$AA$6:$AA$5000) | C6: =-SUMPRODUCT((MONTH(GELIR_GIDER_KAYIT!$B$6:$B$5000)=MATCH($A6,$A$6:$A$17,0))*((GELIR_GIDER_KAYIT!$E$6:$E$5000="SATIŞ İADESİ/İSKONTO"))*GELIR_GIDER_KAYIT!$AA$6:$AA$5000) | D6: =-SUMPRODUCT((MONTH(GELIR_GIDER_KAYIT!$B$6:$B$5000)=MATCH($A6,$A$6:$A$17,0))*((GELIR_GIDER_KAYIT!$E$6:$E$5000="SATIŞLARIN MALİYETİ"))*GELIR_GIDER_KAYIT!$AA$6:$AA$5000) | E6: =B6-C6-D6 | F6: =-SUMPRODUCT((MONTH(GELIR_GIDER_KAYIT!$B$6:$B$5000)=MATCH($A6,$A$6:$A$17,0))*((GELIR_GIDER_KAYIT!$E$6:$E$5000="DEĞİŞKEN GİDER"))*GELIR_GIDER_KAYIT!$AA$6:$AA$5000) | G6: =E6-F6 | H6: =-SUMPRODUCT((MONTH(GELIR_GIDER_KAYIT!$B$6:$B$5000)=MATCH($A6,$A$6:$A$17,0))*((GELIR_GIDER_KAYIT!$E$6:$E$5000="PERSONEL")+(GELIR_GIDER_KAYIT!$E$6:$E$5000="KİRA")+(GELIR_GIDER_KAYIT!$E$6:$E$5000="PAZARLAMA")+(GELIR_GIDER_KAYIT!$E$6:$E$5000="LOJİSTİK")+(GELIR_GIDER_KAYIT!$E$6:$E$5000="GENEL YÖNETİM")+(GELIR_GIDER_KAYIT!$E$6:$E$5000="AMORTİSMAN"))*GELIR_GIDER_KAYIT!$AA$6:$AA$5000) | I6: =G6-H6 | J6: =-SUMPRODUCT((MONTH(GELIR_GIDER_KAYIT!$B$6:$B$5000)=MATCH($A6,$A$6:$A$17,0))*((GELIR_GIDER_KAYIT!$E$6:$E$5000="FİNANSMAN GİDERİ"))*GELIR_GIDER_KAYIT!$AA$6:$AA$5000) | K6: =-SUMPRODUCT((MONTH(GELIR_GIDER_KAYIT!$B$6:$B$5000)=MATCH($A6,$A$6:$A$17,0))*((GELIR_GIDER_KAYIT!$E$6:$E$5000="VERGİ"))*GELIR_GIDER_KAYIT!$AA$6:$AA$5000) | L6: =I6-J6-K6 | M6: =SUMPRODUCT((MONTH(GELIR_GIDER_KAYIT!$B$6:$B$5000)=MATCH($A6,$A$6:$A$17,0))*((GELIR_GIDER_KAYIT!$Z$6:$Z$5000>0))*GELIR_GIDER_KAYIT!$Z$6:$Z$5000) | N6: =-SUMPRODUCT((MONTH(GELIR_GIDER_KAYIT!$B$6:$B$5000)=MATCH($A6,$A$6:$A$17,0))*((GELIR_GIDER_KAYIT!$Z$6:$Z$5000<0))*GELIR_GIDER_KAYIT!$Z$6:$Z$5000) | O6: =M6-N6
A7: ŞUBAT | B7: =SUMPRODUCT((MONTH(GELIR_GIDER_KAYIT!$B$6:$B$5000)=MATCH($A7,$A$6:$A$17,0))*((GELIR_GIDER_KAYIT!$D$6:$D$5000="GELİR")*(GELIR_GIDER_KAYIT!$E$6:$E$5000="SATIŞ"))*GELIR_GIDER_KAYIT!$AA$6:$AA$5000) | C7: =-SUMPRODUCT((MONTH(GELIR_GIDER_KAYIT!$B$6:$B$5000)=MATCH($A7,$A$6:$A$17,0))*((GELIR_GIDER_KAYIT!$E$6:$E$5000="SATIŞ İADESİ/İSKONTO"))*GELIR_GIDER_KAYIT!$AA$6:$AA$5000) | D7: =-SUMPRODUCT((MONTH(GELIR_GIDER_KAYIT!$B$6:$B$5000)=MATCH($A7,$A$6:$A$17,0))*((GELIR_GIDER_KAYIT!$E$6:$E$5000="SATIŞLARIN MALİYETİ"))*GELIR_GIDER_KAYIT!$AA$6:$AA$5000) | E7: =B7-C7-D7 | F7: =-SUMPRODUCT((MONTH(GELIR_GIDER_KAYIT!$B$6:$B$5000)=MATCH($A7,$A$6:$A$17,0))*((GELIR_GIDER_KAYIT!$E$6:$E$5000="DEĞİŞKEN GİDER"))*GELIR_GIDER_KAYIT!$AA$6:$AA$5000) | G7: =E7-F7 | H7: =-SUMPRODUCT((MONTH(GELIR_GIDER_KAYIT!$B$6:$B$5000)=MATCH($A7,$A$6:$A$17,0))*((GELIR_GIDER_KAYIT!$E$6:$E$5000="PERSONEL")+(GELIR_GIDER_KAYIT!$E$6:$E$5000="KİRA")+(GELIR_GIDER_KAYIT!$E$6:$E$5000="PAZARLAMA")+(GELIR_GIDER_KAYIT!$E$6:$E$5000="LOJİSTİK")+(GELIR_GIDER_KAYIT!$E$6:$E$5000="GENEL YÖNETİM")+(GELIR_GIDER_KAYIT!$E$6:$E$5000="AMORTİSMAN"))*GELIR_GIDER_KAYIT!$AA$6:$AA$5000) | I7: =G7-H7 | J7: =-SUMPRODUCT((MONTH(GELIR_GIDER_KAYIT!$B$6:$B$5000)=MATCH($A7,$A$6:$A$17,0))*((GELIR_GIDER_KAYIT!$E$6:$E$5000="FİNANSMAN GİDERİ"))*GELIR_GIDER_KAYIT!$AA$6:$AA$5000) | K7: =-SUMPRODUCT((MONTH(GELIR_GIDER_KAYIT!$B$6:$B$5000)=MATCH($A7,$A$6:$A$17,0))*((GELIR_GIDER_KAYIT!$E$6:$E$5000="VERGİ"))*GELIR_GIDER_KAYIT!$AA$6:$AA$5000) | L7: =I7-J7-K7 | M7: =SUMPRODUCT((MONTH(GELIR_GIDER_KAYIT!$B$6:$B$5000)=MATCH($A7,$A$6:$A$17,0))*((GELIR_GIDER_KAYIT!$Z$6:$Z$5000>0))*GELIR_GIDER_KAYIT!$Z$6:$Z$5000) | N7: =-SUMPRODUCT((MONTH(GELIR_GIDER_KAYIT!$B$6:$B$5000)=MATCH($A7,$A$6:$A$17,0))*((GELIR_GIDER_KAYIT!$Z$6:$Z$5000<0))*GELIR_GIDER_KAYIT!$Z$6:$Z$5000) | O7: =M7-N7
A8: MART | B8: =SUMPRODUCT((MONTH(GELIR_GIDER_KAYIT!$B$6:$B$5000)=MATCH($A8,$A$6:$A$17,0))*((GELIR_GIDER_KAYIT!$D$6:$D$5000="GELİR")*(GELIR_GIDER_KAYIT!$E$6:$E$5000="SATIŞ"))*GELIR_GIDER_KAYIT!$AA$6:$AA$5000) | C8: =-SUMPRODUCT((MONTH(GELIR_GIDER_KAYIT!$B$6:$B$5000)=MATCH($A8,$A$6:$A$17,0))*((GELIR_GIDER_KAYIT!$E$6:$E$5000="SATIŞ İADESİ/İSKONTO"))*GELIR_GIDER_KAYIT!$AA$6:$AA$5000) | D8: =-SUMPRODUCT((MONTH(GELIR_GIDER_KAYIT!$B$6:$B$5000)=MATCH($A8,$A$6:$A$17,0))*((GELIR_GIDER_KAYIT!$E$6:$E$5000="SATIŞLARIN MALİYETİ"))*GELIR_GIDER_KAYIT!$AA$6:$AA$5000) | E8: =B8-C8-D8 | F8: =-SUMPRODUCT((MONTH(GELIR_GIDER_KAYIT!$B$6:$B$5000)=MATCH($A8,$A$6:$A$17,0))*((GELIR_GIDER_KAYIT!$E$6:$E$5000="DEĞİŞKEN GİDER"))*GELIR_GIDER_KAYIT!$AA$6:$AA$5000) | G8: =E8-F8 | H8: =-SUMPRODUCT((MONTH(GELIR_GIDER_KAYIT!$B$6:$B$5000)=MATCH($A8,$A$6:$A$17,0))*((GELIR_GIDER_KAYIT!$E$6:$E$5000="PERSONEL")+(GELIR_GIDER_KAYIT!$E$6:$E$5000="KİRA")+(GELIR_GIDER_KAYIT!$E$6:$E$5000="PAZARLAMA")+(GELIR_GIDER_KAYIT!$E$6:$E$5000="LOJİSTİK")+(GELIR_GIDER_KAYIT!$E$6:$E$5000="GENEL YÖNETİM")+(GELIR_GIDER_KAYIT!$E$6:$E$5000="AMORTİSMAN"))*GELIR_GIDER_KAYIT!$AA$6:$AA$5000) | I8: =G8-H8 | J8: =-SUMPRODUCT((MONTH(GELIR_GIDER_KAYIT!$B$6:$B$5000)=MATCH($A8,$A$6:$A$17,0))*((GELIR_GIDER_KAYIT!$E$6:$E$5000="FİNANSMAN GİDERİ"))*GELIR_GIDER_KAYIT!$AA$6:$AA$5000) | K8: =-SUMPRODUCT((MONTH(GELIR_GIDER_KAYIT!$B$6:$B$5000)=MATCH($A8,$A$6:$A$17,0))*((GELIR_GIDER_KAYIT!$E$6:$E$5000="VERGİ"))*GELIR_GIDER_KAYIT!$AA$6:$AA$5000) | L8: =I8-J8-K8 | M8: =SUMPRODUCT((MONTH(GELIR_GIDER_KAYIT!$B$6:$B$5000)=MATCH($A8,$A$6:$A$17,0))*((GELIR_GIDER_KAYIT!$Z$6:$Z$5000>0))*GELIR_GIDER_KAYIT!$Z$6:$Z$5000) | N8: =-SUMPRODUCT((MONTH(GELIR_GIDER_KAYIT!$B$6:$B$5000)=MATCH($A8,$A$6:$A$17,0))*((GELIR_GIDER_KAYIT!$Z$6:$Z$5000<0))*GELIR_GIDER_KAYIT!$Z$6:$Z$5000) | O8: =M8-N8
A9: NİSAN | B9: =SUMPRODUCT((MONTH(GELIR_GIDER_KAYIT!$B$6:$B$5000)=MATCH($A9,$A$6:$A$17,0))*((GELIR_GIDER_KAYIT!$D$6:$D$5000="GELİR")*(GELIR_GIDER_KAYIT!$E$6:$E$5000="SATIŞ"))*GELIR_GIDER_KAYIT!$AA$6:$AA$5000) | C9: =-SUMPRODUCT((MONTH(GELIR_GIDER_KAYIT!$B$6:$B$5000)=MATCH($A9,$A$6:$A$17,0))*((GELIR_GIDER_KAYIT!$E$6:$E$5000="SATIŞ İADESİ/İSKONTO"))*GELIR_GIDER_KAYIT!$AA$6:$AA$5000) | D9: =-SUMPRODUCT((MONTH(GELIR_GIDER_KAYIT!$B$6:$B$5000)=MATCH($A9,$A$6:$A$17,0))*((GELIR_GIDER_KAYIT!$E$6:$E$5000="SATIŞLARIN MALİYETİ"))*GELIR_GIDER_KAYIT!$AA$6:$AA$5000) | E9: =B9-C9-D9 | F9: =-SUMPRODUCT((MONTH(GELIR_GIDER_KAYIT!$B$6:$B$5000)=MATCH($A9,$A$6:$A$17,0))*((GELIR_GIDER_KAYIT!$E$6:$E$5000="DEĞİŞKEN GİDER"))*GELIR_GIDER_KAYIT!$AA$6:$AA$5000) | G9: =E9-F9 | H9: =-SUMPRODUCT((MONTH(GELIR_GIDER_KAYIT!$B$6:$B$5000)=MATCH($A9,$A$6:$A$17,0))*((GELIR_GIDER_KAYIT!$E$6:$E$5000="PERSONEL")+(GELIR_GIDER_KAYIT!$E$6:$E$5000="KİRA")+(GELIR_GIDER_KAYIT!$E$6:$E$5000="PAZARLAMA")+(GELIR_GIDER_KAYIT!$E$6:$E$5000="LOJİSTİK")+(GELIR_GIDER_KAYIT!$E$6:$E$5000="GENEL YÖNETİM")+(GELIR_GIDER_KAYIT!$E$6:$E$5000="AMORTİSMAN"))*GELIR_GIDER_KAYIT!$AA$6:$AA$5000) | I9: =G9-H9 | J9: =-SUMPRODUCT((MONTH(GELIR_GIDER_KAYIT!$B$6:$B$5000)=MATCH($A9,$A$6:$A$17,0))*((GELIR_GIDER_KAYIT!$E$6:$E$5000="FİNANSMAN GİDERİ"))*GELIR_GIDER_KAYIT!$AA$6:$AA$5000) | K9: =-SUMPRODUCT((MONTH(GELIR_GIDER_KAYIT!$B$6:$B$5000)=MATCH($A9,$A$6:$A$17,0))*((GELIR_GIDER_KAYIT!$E$6:$E$5000="VERGİ"))*GELIR_GIDER_KAYIT!$AA$6:$AA$5000) | L9: =I9-J9-K9 | M9: =SUMPRODUCT((MONTH(GELIR_GIDER_KAYIT!$B$6:$B$5000)=MATCH($A9,$A$6:$A$17,0))*((GELIR_GIDER_KAYIT!$Z$6:$Z$5000>0))*GELIR_GIDER_KAYIT!$Z$6:$Z$5000) | N9: =-SUMPRODUCT((MONTH(GELIR_GIDER_KAYIT!$B$6:$B$5000)=MATCH($A9,$A$6:$A$17,0))*((GELIR_GIDER_KAYIT!$Z$6:$Z$5000<0))*GELIR_GIDER_KAYIT!$Z$6:$Z$5000) | O9: =M9-N9
A10: MAYIS | B10: =SUMPRODUCT((MONTH(GELIR_GIDER_KAYIT!$B$6:$B$5000)=MATCH($A10,$A$6:$A$17,0))*((GELIR_GIDER_KAYIT!$D$6:$D$5000="GELİR")*(GELIR_GIDER_KAYIT!$E$6:$E$5000="SATIŞ"))*GELIR_GIDER_KAYIT!$AA$6:$AA$5000) | C10: =-SUMPRODUCT((MONTH(GELIR_GIDER_KAYIT!$B$6:$B$5000)=MATCH($A10,$A$6:$A$17,0))*((GELIR_GIDER_KAYIT!$E$6:$E$5000="SATIŞ İADESİ/İSKONTO"))*GELIR_GIDER_KAYIT!$AA$6:$AA$5000) | D10: =-SUMPRODUCT((MONTH(GELIR_GIDER_KAYIT!$B$6:$B$5000)=MATCH($A10,$A$6:$A$17,0))*((GELIR_GIDER_KAYIT!$E$6:$E$5000="SATIŞLARIN MALİYETİ"))*GELIR_GIDER_KAYIT!$AA$6:$AA$5000) | E10: =B10-C10-D10 | F10: =-SUMPRODUCT((MONTH(GELIR_GIDER_KAYIT!$B$6:$B$5000)=MATCH($A10,$A$6:$A$17,0))*((GELIR_GIDER_KAYIT!$E$6:$E$5000="DEĞİŞKEN GİDER"))*GELIR_GIDER_KAYIT!$AA$6:$AA$5000) | G10: =E10-F10 | H10: =-SUMPRODUCT((MONTH(GELIR_GIDER_KAYIT!$B$6:$B$5000)=MATCH($A10,$A$6:$A$17,0))*((GELIR_GIDER_KAYIT!$E$6:$E$5000="PERSONEL")+(GELIR_GIDER_KAYIT!$E$6:$E$5000="KİRA")+(GELIR_GIDER_KAYIT!$E$6:$E$5000="PAZARLAMA")+(GELIR_GIDER_KAYIT!$E$6:$E$5000="LOJİSTİK")+(GELIR_GIDER_KAYIT!$E$6:$E$5000="GENEL YÖNETİM")+(GELIR_GIDER_KAYIT!$E$6:$E$5000="AMORTİSMAN"))*GELIR_GIDER_KAYIT!$AA$6:$AA$5000) | I10: =G10-H10 | J10: =-SUMPRODUCT((MONTH(GELIR_GIDER_KAYIT!$B$6:$B$5000)=MATCH($A10,$A$6:$A$17,0))*((GELIR_GIDER_KAYIT!$E$6:$E$5000="FİNANSMAN GİDERİ"))*GELIR_GIDER_KAYIT!$AA$6:$AA$5000) | K10: =-SUMPRODUCT((MONTH(GELIR_GIDER_KAYIT!$B$6:$B$5000)=MATCH($A10,$A$6:$A$17,0))*((GELIR_GIDER_KAYIT!$E$6:$E$5000="VERGİ"))*GELIR_GIDER_KAYIT!$AA$6:$AA$5000) | L10: =I10-J10-K10 | M10: =SUMPRODUCT((MONTH(GELIR_GIDER_KAYIT!$B$6:$B$5000)=MATCH($A10,$A$6:$A$17,0))*((GELIR_GIDER_KAYIT!$Z$6:$Z$5000>0))*GELIR_GIDER_KAYIT!$Z$6:$Z$5000) | N10: =-SUMPRODUCT((MONTH(GELIR_GIDER_KAYIT!$B$6:$B$5000)=MATCH($A10,$A$6:$A$17,0))*((GELIR_GIDER_KAYIT!$Z$6:$Z$5000<0))*GELIR_GIDER_KAYIT!$Z$6:$Z$5000) | O10: =M10-N10
A11: HAZİRAN | B11: =SUMPRODUCT((MONTH(GELIR_GIDER_KAYIT!$B$6:$B$5000)=MATCH($A11,$A$6:$A$17,0))*((GELIR_GIDER_KAYIT!$D$6:$D$5000="GELİR")*(GELIR_GIDER_KAYIT!$E$6:$E$5000="SATIŞ"))*GELIR_GIDER_KAYIT!$AA$6:$AA$5000) | C11: =-SUMPRODUCT((MONTH(GELIR_GIDER_KAYIT!$B$6:$B$5000)=MATCH($A11,$A$6:$A$17,0))*((GELIR_GIDER_KAYIT!$E$6:$E$5000="SATIŞ İADESİ/İSKONTO"))*GELIR_GIDER_KAYIT!$AA$6:$AA$5000) | D11: =-SUMPRODUCT((MONTH(GELIR_GIDER_KAYIT!$B$6:$B$5000)=MATCH($A11,$A$6:$A$17,0))*((GELIR_GIDER_KAYIT!$E$6:$E$5000="SATIŞLARIN MALİYETİ"))*GELIR_GIDER_KAYIT!$AA$6:$AA$5000) | E11: =B11-C11-D11 | F11: =-SUMPRODUCT((MONTH(GELIR_GIDER_KAYIT!$B$6:$B$5000)=MATCH($A11,$A$6:$A$17,0))*((GELIR_GIDER_KAYIT!$E$6:$E$5000="DEĞİŞKEN GİDER"))*GELIR_GIDER_KAYIT!$AA$6:$AA$5000) | G11: =E11-F11 | H11: =-SUMPRODUCT((MONTH(GELIR_GIDER_KAYIT!$B$6:$B$5000)=MATCH($A11,$A$6:$A$17,0))*((GELIR_GIDER_KAYIT!$E$6:$E$5000="PERSONEL")+(GELIR_GIDER_KAYIT!$E$6:$E$5000="KİRA")+(GELIR_GIDER_KAYIT!$E$6:$E$5000="PAZARLAMA")+(GELIR_GIDER_KAYIT!$E$6:$E$5000="LOJİSTİK")+(GELIR_GIDER_KAYIT!$E$6:$E$5000="GENEL YÖNETİM")+(GELIR_GIDER_KAYIT!$E$6:$E$5000="AMORTİSMAN"))*GELIR_GIDER_KAYIT!$AA$6:$AA$5000) | I11: =G11-H11 | J11: =-SUMPRODUCT((MONTH(GELIR_GIDER_KAYIT!$B$6:$B$5000)=MATCH($A11,$A$6:$A$17,0))*((GELIR_GIDER_KAYIT!$E$6:$E$5000="FİNANSMAN GİDERİ"))*GELIR_GIDER_KAYIT!$AA$6:$AA$5000) | K11: =-SUMPRODUCT((MONTH(GELIR_GIDER_KAYIT!$B$6:$B$5000)=MATCH($A11,$A$6:$A$17,0))*((GELIR_GIDER_KAYIT!$E$6:$E$5000="VERGİ"))*GELIR_GIDER_KAYIT!$AA$6:$AA$5000) | L11: =I11-J11-K11 | M11: =SUMPRODUCT((MONTH(GELIR_GIDER_KAYIT!$B$6:$B$5000)=MATCH($A11,$A$6:$A$17,0))*((GELIR_GIDER_KAYIT!$Z$6:$Z$5000>0))*GELIR_GIDER_KAYIT!$Z$6:$Z$5000) | N11: =-SUMPRODUCT((MONTH(GELIR_GIDER_KAYIT!$B$6:$B$5000)=MATCH($A11,$A$6:$A$17,0))*((GELIR_GIDER_KAYIT!$Z$6:$Z$5000<0))*GELIR_GIDER_KAYIT!$Z$6:$Z$5000) | O11: =M11-N11
A12: TEMMUZ | B12: =SUMPRODUCT((MONTH(GELIR_GIDER_KAYIT!$B$6:$B$5000)=MATCH($A12,$A$6:$A$17,0))*((GELIR_GIDER_KAYIT!$D$6:$D$5000="GELİR")*(GELIR_GIDER_KAYIT!$E$6:$E$5000="SATIŞ"))*GELIR_GIDER_KAYIT!$AA$6:$AA$5000) | C12: =-SUMPRODUCT((MONTH(GELIR_GIDER_KAYIT!$B$6:$B$5000)=MATCH($A12,$A$6:$A$17,0))*((GELIR_GIDER_KAYIT!$E$6:$E$5000="SATIŞ İADESİ/İSKONTO"))*GELIR_GIDER_KAYIT!$AA$6:$AA$5000) | D12: =-SUMPRODUCT((MONTH(GELIR_GIDER_KAYIT!$B$6:$B$5000)=MATCH($A12,$A$6:$A$17,0))*((GELIR_GIDER_KAYIT!$E$6:$E$5000="SATIŞLARIN MALİYETİ"))*GELIR_GIDER_KAYIT!$AA$6:$AA$5000) | E12: =B12-C12-D12 | F12: =-SUMPRODUCT((MONTH(GELIR_GIDER_KAYIT!$B$6:$B$5000)=MATCH($A12,$A$6:$A$17,0))*((GELIR_GIDER_KAYIT!$E$6:$E$5000="DEĞİŞKEN GİDER"))*GELIR_GIDER_KAYIT!$AA$6:$AA$5000) | G12: =E12-F12 | H12: =-SUMPRODUCT((MONTH(GELIR_GIDER_KAYIT!$B$6:$B$5000)=MATCH($A12,$A$6:$A$17,0))*((GELIR_GIDER_KAYIT!$E$6:$E$5000="PERSONEL")+(GELIR_GIDER_KAYIT!$E$6:$E$5000="KİRA")+(GELIR_GIDER_KAYIT!$E$6:$E$5000="PAZARLAMA")+(GELIR_GIDER_KAYIT!$E$6:$E$5000="LOJİSTİK")+(GELIR_GIDER_KAYIT!$E$6:$E$5000="GENEL YÖNETİM")+(GELIR_GIDER_KAYIT!$E$6:$E$5000="AMORTİSMAN"))*GELIR_GIDER_KAYIT!$AA$6:$AA$5000) | I12: =G12-H12 | J12: =-SUMPRODUCT((MONTH(GELIR_GIDER_KAYIT!$B$6:$B$5000)=MATCH($A12,$A$6:$A$17,0))*((GELIR_GIDER_KAYIT!$E$6:$E$5000="FİNANSMAN GİDERİ"))*GELIR_GIDER_KAYIT!$AA$6:$AA$5000) | K12: =-SUMPRODUCT((MONTH(GELIR_GIDER_KAYIT!$B$6:$B$5000)=MATCH($A12,$A$6:$A$17,0))*((GELIR_GIDER_KAYIT!$E$6:$E$5000="VERGİ"))*GELIR_GIDER_KAYIT!$AA$6:$AA$5000) | L12: =I12-J12-K12 | M12: =SUMPRODUCT((MONTH(GELIR_GIDER_KAYIT!$B$6:$B$5000)=MATCH($A12,$A$6:$A$17,0))*((GELIR_GIDER_KAYIT!$Z$6:$Z$5000>0))*GELIR_GIDER_KAYIT!$Z$6:$Z$5000) | N12: =-SUMPRODUCT((MONTH(GELIR_GIDER_KAYIT!$B$6:$B$5000)=MATCH($A12,$A$6:$A$17,0))*((GELIR_GIDER_KAYIT!$Z$6:$Z$5000<0))*GELIR_GIDER_KAYIT!$Z$6:$Z$5000) | O12: =M12-N12
A13: AĞUSTOS | B13: =SUMPRODUCT((MONTH(GELIR_GIDER_KAYIT!$B$6:$B$5000)=MATCH($A13,$A$6:$A$17,0))*((GELIR_GIDER_KAYIT!$D$6:$D$5000="GELİR")*(GELIR_GIDER_KAYIT!$E$6:$E$5000="SATIŞ"))*GELIR_GIDER_KAYIT!$AA$6:$AA$5000) | C13: =-SUMPRODUCT((MONTH(GELIR_GIDER_KAYIT!$B$6:$B$5000)=MATCH($A13,$A$6:$A$17,0))*((GELIR_GIDER_KAYIT!$E$6:$E$5000="SATIŞ İADESİ/İSKONTO"))*GELIR_GIDER_KAYIT!$AA$6:$AA$5000) | D13: =-SUMPRODUCT((MONTH(GELIR_GIDER_KAYIT!$B$6:$B$5000)=MATCH($A13,$A$6:$A$17,0))*((GELIR_GIDER_KAYIT!$E$6:$E$5000="SATIŞLARIN MALİYETİ"))*GELIR_GIDER_KAYIT!$AA$6:$AA$5000) | E13: =B13-C13-D13 | F13: =-SUMPRODUCT((MONTH(GELIR_GIDER_KAYIT!$B$6:$B$5000)=MATCH($A13,$A$6:$A$17,0))*((GELIR_GIDER_KAYIT!$E$6:$E$5000="DEĞİŞKEN GİDER"))*GELIR_GIDER_KAYIT!$AA$6:$AA$5000) | G13: =E13-F13 | H13: =-SUMPRODUCT((MONTH(GELIR_GIDER_KAYIT!$B$6:$B$5000)=MATCH($A13,$A$6:$A$17,0))*((GELIR_GIDER_KAYIT!$E$6:$E$5000="PERSONEL")+(GELIR_GIDER_KAYIT!$E$6:$E$5000="KİRA")+(GELIR_GIDER_KAYIT!$E$6:$E$5000="PAZARLAMA")+(GELIR_GIDER_KAYIT!$E$6:$E$5000="LOJİSTİK")+(GELIR_GIDER_KAYIT!$E$6:$E$5000="GENEL YÖNETİM")+(GELIR_GIDER_KAYIT!$E$6:$E$5000="AMORTİSMAN"))*GELIR_GIDER_KAYIT!$AA$6:$AA$5000) | I13: =G13-H13 | J13: =-SUMPRODUCT((MONTH(GELIR_GIDER_KAYIT!$B$6:$B$5000)=MATCH($A13,$A$6:$A$17,0))*((GELIR_GIDER_KAYIT!$E$6:$E$5000="FİNANSMAN GİDERİ"))*GELIR_GIDER_KAYIT!$AA$6:$AA$5000) | K13: =-SUMPRODUCT((MONTH(GELIR_GIDER_KAYIT!$B$6:$B$5000)=MATCH($A13,$A$6:$A$17,0))*((GELIR_GIDER_KAYIT!$E$6:$E$5000="VERGİ"))*GELIR_GIDER_KAYIT!$AA$6:$AA$5000) | L13: =I13-J13-K13 | M13: =SUMPRODUCT((MONTH(GELIR_GIDER_KAYIT!$B$6:$B$5000)=MATCH($A13,$A$6:$A$17,0))*((GELIR_GIDER_KAYIT!$Z$6:$Z$5000>0))*GELIR_GIDER_KAYIT!$Z$6:$Z$5000) | N13: =-SUMPRODUCT((MONTH(GELIR_GIDER_KAYIT!$B$6:$B$5000)=MATCH($A13,$A$6:$A$17,0))*((GELIR_GIDER_KAYIT!$Z$6:$Z$5000<0))*GELIR_GIDER_KAYIT!$Z$6:$Z$5000) | O13: =M13-N13
A14: EYLÜL | B14: =SUMPRODUCT((MONTH(GELIR_GIDER_KAYIT!$B$6:$B$5000)=MATCH($A14,$A$6:$A$17,0))*((GELIR_GIDER_KAYIT!$D$6:$D$5000="GELİR")*(GELIR_GIDER_KAYIT!$E$6:$E$5000="SATIŞ"))*GELIR_GIDER_KAYIT!$AA$6:$AA$5000) | C14: =-SUMPRODUCT((MONTH(GELIR_GIDER_KAYIT!$B$6:$B$5000)=MATCH($A14,$A$6:$A$17,0))*((GELIR_GIDER_KAYIT!$E$6:$E$5000="SATIŞ İADESİ/İSKONTO"))*GELIR_GIDER_KAYIT!$AA$6:$AA$5000) | D14: =-SUMPRODUCT((MONTH(GELIR_GIDER_KAYIT!$B$6:$B$5000)=MATCH($A14,$A$6:$A$17,0))*((GELIR_GIDER_KAYIT!$E$6:$E$5000="SATIŞLARIN MALİYETİ"))*GELIR_GIDER_KAYIT!$AA$6:$AA$5000) | E14: =B14-C14-D14 | F14: =-SUMPRODUCT((MONTH(GELIR_GIDER_KAYIT!$B$6:$B$5000)=MATCH($A14,$A$6:$A$17,0))*((GELIR_GIDER_KAYIT!$E$6:$E$5000="DEĞİŞKEN GİDER"))*GELIR_GIDER_KAYIT!$AA$6:$AA$5000) | G14: =E14-F14 | H14: =-SUMPRODUCT((MONTH(GELIR_GIDER_KAYIT!$B$6:$B$5000)=MATCH($A14,$A$6:$A$17,0))*((GELIR_GIDER_KAYIT!$E$6:$E$5000="PERSONEL")+(GELIR_GIDER_KAYIT!$E$6:$E$5000="KİRA")+(GELIR_GIDER_KAYIT!$E$6:$E$5000="PAZARLAMA")+(GELIR_GIDER_KAYIT!$E$6:$E$5000="LOJİSTİK")+(GELIR_GIDER_KAYIT!$E$6:$E$5000="GENEL YÖNETİM")+(GELIR_GIDER_KAYIT!$E$6:$E$5000="AMORTİSMAN"))*GELIR_GIDER_KAYIT!$AA$6:$AA$5000) | I14: =G14-H14 | J14: =-SUMPRODUCT((MONTH(GELIR_GIDER_KAYIT!$B$6:$B$5000)=MATCH($A14,$A$6:$A$17,0))*((GELIR_GIDER_KAYIT!$E$6:$E$5000="FİNANSMAN GİDERİ"))*GELIR_GIDER_KAYIT!$AA$6:$AA$5000) | K14: =-SUMPRODUCT((MONTH(GELIR_GIDER_KAYIT!$B$6:$B$5000)=MATCH($A14,$A$6:$A$17,0))*((GELIR_GIDER_KAYIT!$E$6:$E$5000="VERGİ"))*GELIR_GIDER_KAYIT!$AA$6:$AA$5000) | L14: =I14-J14-K14 | M14: =SUMPRODUCT((MONTH(GELIR_GIDER_KAYIT!$B$6:$B$5000)=MATCH($A14,$A$6:$A$17,0))*((GELIR_GIDER_KAYIT!$Z$6:$Z$5000>0))*GELIR_GIDER_KAYIT!$Z$6:$Z$5000) | N14: =-SUMPRODUCT((MONTH(GELIR_GIDER_KAYIT!$B$6:$B$5000)=MATCH($A14,$A$6:$A$17,0))*((GELIR_GIDER_KAYIT!$Z$6:$Z$5000<0))*GELIR_GIDER_KAYIT!$Z$6:$Z$5000) | O14: =M14-N14
A15: EKİM | B15: =SUMPRODUCT((MONTH(GELIR_GIDER_KAYIT!$B$6:$B$5000)=MATCH($A15,$A$6:$A$17,0))*((GELIR_GIDER_KAYIT!$D$6:$D$5000="GELİR")*(GELIR_GIDER_KAYIT!$E$6:$E$5000="SATIŞ"))*GELIR_GIDER_KAYIT!$AA$6:$AA$5000) | C15: =-SUMPRODUCT((MONTH(GELIR_GIDER_KAYIT!$B$6:$B$5000)=MATCH($A15,$A$6:$A$17,0))*((GELIR_GIDER_KAYIT!$E$6:$E$5000="SATIŞ İADESİ/İSKONTO"))*GELIR_GIDER_KAYIT!$AA$6:$AA$5000) | D15: =-SUMPRODUCT((MONTH(GELIR_GIDER_KAYIT!$B$6:$B$5000)=MATCH($A15,$A$6:$A$17,0))*((GELIR_GIDER_KAYIT!$E$6:$E$5000="SATIŞLARIN MALİYETİ"))*GELIR_GIDER_KAYIT!$AA$6:$AA$5000) | E15: =B15-C15-D15 | F15: =-SUMPRODUCT((MONTH(GELIR_GIDER_KAYIT!$B$6:$B$5000)=MATCH($A15,$A$6:$A$17,0))*((GELIR_GIDER_KAYIT!$E$6:$E$5000="DEĞİŞKEN GİDER"))*GELIR_GIDER_KAYIT!$AA$6:$AA$5000) | G15: =E15-F15 | H15: =-SUMPRODUCT((MONTH(GELIR_GIDER_KAYIT!$B$6:$B$5000)=MATCH($A15,$A$6:$A$17,0))*((GELIR_GIDER_KAYIT!$E$6:$E$5000="PERSONEL")+(GELIR_GIDER_KAYIT!$E$6:$E$5000="KİRA")+(GELIR_GIDER_KAYIT!$E$6:$E$5000="PAZARLAMA")+(GELIR_GIDER_KAYIT!$E$6:$E$5000="LOJİSTİK")+(GELIR_GIDER_KAYIT!$E$6:$E$5000="GENEL YÖNETİM")+(GELIR_GIDER_KAYIT!$E$6:$E$5000="AMORTİSMAN"))*GELIR_GIDER_KAYIT!$AA$6:$AA$5000) | I15: =G15-H15 | J15: =-SUMPRODUCT((MONTH(GELIR_GIDER_KAYIT!$B$6:$B$5000)=MATCH($A15,$A$6:$A$17,0))*((GELIR_GIDER_KAYIT!$E$6:$E$5000="FİNANSMAN GİDERİ"))*GELIR_GIDER_KAYIT!$AA$6:$AA$5000) | K15: =-SUMPRODUCT((MONTH(GELIR_GIDER_KAYIT!$B$6:$B$5000)=MATCH($A15,$A$6:$A$17,0))*((GELIR_GIDER_KAYIT!$E$6:$E$5000="VERGİ"))*GELIR_GIDER_KAYIT!$AA$6:$AA$5000) | L15: =I15-J15-K15 | M15: =SUMPRODUCT((MONTH(GELIR_GIDER_KAYIT!$B$6:$B$5000)=MATCH($A15,$A$6:$A$17,0))*((GELIR_GIDER_KAYIT!$Z$6:$Z$5000>0))*GELIR_GIDER_KAYIT!$Z$6:$Z$5000) | N15: =-SUMPRODUCT((MONTH(GELIR_GIDER_KAYIT!$B$6:$B$5000)=MATCH($A15,$A$6:$A$17,0))*((GELIR_GIDER_KAYIT!$Z$6:$Z$5000<0))*GELIR_GIDER_KAYIT!$Z$6:$Z$5000) | O15: =M15-N15
A16: KASIM | B16: =SUMPRODUCT((MONTH(GELIR_GIDER_KAYIT!$B$6:$B$5000)=MATCH($A16,$A$6:$A$17,0))*((GELIR_GIDER_KAYIT!$D$6:$D$5000="GELİR")*(GELIR_GIDER_KAYIT!$E$6:$E$5000="SATIŞ"))*GELIR_GIDER_KAYIT!$AA$6:$AA$5000) | C16: =-SUMPRODUCT((MONTH(GELIR_GIDER_KAYIT!$B$6:$B$5000)=MATCH($A16,$A$6:$A$17,0))*((GELIR_GIDER_KAYIT!$E$6:$E$5000="SATIŞ İADESİ/İSKONTO"))*GELIR_GIDER_KAYIT!$AA$6:$AA$5000) | D16: =-SUMPRODUCT((MONTH(GELIR_GIDER_KAYIT!$B$6:$B$5000)=MATCH($A16,$A$6:$A$17,0))*((GELIR_GIDER_KAYIT!$E$6:$E$5000="SATIŞLARIN MALİYETİ"))*GELIR_GIDER_KAYIT!$AA$6:$AA$5000) | E16: =B16-C16-D16 | F16: =-SUMPRODUCT((MONTH(GELIR_GIDER_KAYIT!$B$6:$B$5000)=MATCH($A16,$A$6:$A$17,0))*((GELIR_GIDER_KAYIT!$E$6:$E$5000="DEĞİŞKEN GİDER"))*GELIR_GIDER_KAYIT!$AA$6:$AA$5000) | G16: =E16-F16 | H16: =-SUMPRODUCT((MONTH(GELIR_GIDER_KAYIT!$B$6:$B$5000)=MATCH($A16,$A$6:$A$17,0))*((GELIR_GIDER_KAYIT!$E$6:$E$5000="PERSONEL")+(GELIR_GIDER_KAYIT!$E$6:$E$5000="KİRA")+(GELIR_GIDER_KAYIT!$E$6:$E$5000="PAZARLAMA")+(GELIR_GIDER_KAYIT!$E$6:$E$5000="LOJİSTİK")+(GELIR_GIDER_KAYIT!$E$6:$E$5000="GENEL YÖNETİM")+(GELIR_GIDER_KAYIT!$E$6:$E$5000="AMORTİSMAN"))*GELIR_GIDER_KAYIT!$AA$6:$AA$5000) | I16: =G16-H16 | J16: =-SUMPRODUCT((MONTH(GELIR_GIDER_KAYIT!$B$6:$B$5000)=MATCH($A16,$A$6:$A$17,0))*((GELIR_GIDER_KAYIT!$E$6:$E$5000="FİNANSMAN GİDERİ"))*GELIR_GIDER_KAYIT!$AA$6:$AA$5000) | K16: =-SUMPRODUCT((MONTH(GELIR_GIDER_KAYIT!$B$6:$B$5000)=MATCH($A16,$A$6:$A$17,0))*((GELIR_GIDER_KAYIT!$E$6:$E$5000="VERGİ"))*GELIR_GIDER_KAYIT!$AA$6:$AA$5000) | L16: =I16-J16-K16 | M16: =SUMPRODUCT((MONTH(GELIR_GIDER_KAYIT!$B$6:$B$5000)=MATCH($A16,$A$6:$A$17,0))*((GELIR_GIDER_KAYIT!$Z$6:$Z$5000>0))*GELIR_GIDER_KAYIT!$Z$6:$Z$5000) | N16: =-SUMPRODUCT((MONTH(GELIR_GIDER_KAYIT!$B$6:$B$5000)=MATCH($A16,$A$6:$A$17,0))*((GELIR_GIDER_KAYIT!$Z$6:$Z$5000<0))*GELIR_GIDER_KAYIT!$Z$6:$Z$5000) | O16: =M16-N16
A17: ARALIK | B17: =SUMPRODUCT((MONTH(GELIR_GIDER_KAYIT!$B$6:$B$5000)=MATCH($A17,$A$6:$A$17,0))*((GELIR_GIDER_KAYIT!$D$6:$D$5000="GELİR")*(GELIR_GIDER_KAYIT!$E$6:$E$5000="SATIŞ"))*GELIR_GIDER_KAYIT!$AA$6:$AA$5000) | C17: =-SUMPRODUCT((MONTH(GELIR_GIDER_KAYIT!$B$6:$B$5000)=MATCH($A17,$A$6:$A$17,0))*((GELIR_GIDER_KAYIT!$E$6:$E$5000="SATIŞ İADESİ/İSKONTO"))*GELIR_GIDER_KAYIT!$AA$6:$AA$5000) | D17: =-SUMPRODUCT((MONTH(GELIR_GIDER_KAYIT!$B$6:$B$5000)=MATCH($A17,$A$6:$A$17,0))*((GELIR_GIDER_KAYIT!$E$6:$E$5000="SATIŞLARIN MALİYETİ"))*GELIR_GIDER_KAYIT!$AA$6:$AA$5000) | E17: =B17-C17-D17 | F17: =-SUMPRODUCT((MONTH(GELIR_GIDER_KAYIT!$B$6:$B$5000)=MATCH($A17,$A$6:$A$17,0))*((GELIR_GIDER_KAYIT!$E$6:$E$5000="DEĞİŞKEN GİDER"))*GELIR_GIDER_KAYIT!$AA$6:$AA$5000) | G17: =E17-F17 | H17: =-SUMPRODUCT((MONTH(GELIR_GIDER_KAYIT!$B$6:$B$5000)=MATCH($A17,$A$6:$A$17,0))*((GELIR_GIDER_KAYIT!$E$6:$E$5000="PERSONEL")+(GELIR_GIDER_KAYIT!$E$6:$E$5000="KİRA")+(GELIR_GIDER_KAYIT!$E$6:$E$5000="PAZARLAMA")+(GELIR_GIDER_KAYIT!$E$6:$E$5000="LOJİSTİK")+(GELIR_GIDER_KAYIT!$E$6:$E$5000="GENEL YÖNETİM")+(GELIR_GIDER_KAYIT!$E$6:$E$5000="AMORTİSMAN"))*GELIR_GIDER_KAYIT!$AA$6:$AA$5000) | I17: =G17-H17 | J17: =-SUMPRODUCT((MONTH(GELIR_GIDER_KAYIT!$B$6:$B$5000)=MATCH($A17,$A$6:$A$17,0))*((GELIR_GIDER_KAYIT!$E$6:$E$5000="FİNANSMAN GİDERİ"))*GELIR_GIDER_KAYIT!$AA$6:$AA$5000) | K17: =-SUMPRODUCT((MONTH(GELIR_GIDER_KAYIT!$B$6:$B$5000)=MATCH($A17,$A$6:$A$17,0))*((GELIR_GIDER_KAYIT!$E$6:$E$5000="VERGİ"))*GELIR_GIDER_KAYIT!$AA$6:$AA$5000) | L17: =I17-J17-K17 | M17: =SUMPRODUCT((MONTH(GELIR_GIDER_KAYIT!$B$6:$B$5000)=MATCH($A17,$A$6:$A$17,0))*((GELIR_GIDER_KAYIT!$Z$6:$Z$5000>0))*GELIR_GIDER_KAYIT!$Z$6:$Z$5000) | N17: =-SUMPRODUCT((MONTH(GELIR_GIDER_KAYIT!$B$6:$B$5000)=MATCH($A17,$A$6:$A$17,0))*((GELIR_GIDER_KAYIT!$Z$6:$Z$5000<0))*GELIR_GIDER_KAYIT!$Z$6:$Z$5000) | O17: =M17-N17
A19: TOPLAM | B19: =SUM(B6:B17) | C19: =SUM(C6:C17) | D19: =SUM(D6:D17) | E19: =SUM(E6:E17) | F19: =SUM(F6:F17) | G19: =SUM(G6:G17) | H19: =SUM(H6:H17) | I19: =SUM(I6:I17) | ... O19: =SUM(O6:O17)
A21: MARJ GÖSTERGELERİ
A22: Brüt Marj Oranı | B22: =IF(B19=0,"",E19/B19)
A23: Faaliyet Marjı Oranı | B23: =IF(B19=0,"",I19/B19)
A24: Net Marj Oranı | B24: =IF(B19=0,"",L19/B19)
A25: Olağandışı Net Etki | B25: =SUMPRODUCT(((GELIR_GIDER_KAYIT!$E$6:$E$5000="OLAĞANDIŞI GELİR")+(GELIR_GIDER_KAYIT!$E$6:$E$5000="OLAĞANDIŞI GİDER")+(GELIR_GIDER_KAYIT!$E$6:$E$5000="DİĞER GELİR"))*(GELIR_GIDER_KAYIT!$AA$6:$AA$5000))
A26: Son Ay | B26: =IFERROR(INDEX($A$6:$A$17,SUMPRODUCT(MAX((GELIR_GIDER_KAYIT!$B$6:$B$5000<>0)*MONTH(GELIR_GIDER_KAYIT!$B$6:$B$5000)))),$A$11)
A27: Önceki Ay | B27: =IF(B26=$A$6,$A$17,INDEX($A$6:$A$17,MATCH(B26,$A$6:$A$17,0)-1))
A28: Son Ay Net Satış | B28: =IFERROR(INDEX($B$6:$B$17,MATCH(B26,$A$6:$A$17,0)),0)
A29: Önceki Ay Net Satış | B29: =IFERROR(INDEX($B$6:$B$17,MATCH(B27,$A$6:$A$17,0)),0)
A30: Son Ay Faaliyet Kârı | B30: =IFERROR(INDEX($I$6:$I$17,MATCH(B26,$A$6:$A$17,0)),0)
A31: Önceki Ay Faaliyet Kârı | B31: =IFERROR(INDEX($I$6:$I$17,MATCH(B27,$A$6:$A$17,0)),0)
A33: KATEGORİ BAZINDA GİDERLER
A34: Kategori | B34: Toplam Gider
A35: SATIŞLARIN MALİYETİ | B35: =SUMIFS(GELIR_GIDER_KAYIT!$AA$6:$AA$5000,GELIR_GIDER_KAYIT!$E$6:$E$5000,"SATIŞLARIN MALİYETİ")
A36: DEĞİŞKEN GİDER | B36: =SUMIFS(GELIR_GIDER_KAYIT!$AA$6:$AA$5000,GELIR_GIDER_KAYIT!$E$6:$E$5000,"DEĞİŞKEN GİDER")
A37: PERSONEL | B37: =SUMIFS(GELIR_GIDER_KAYIT!$AA$6:$AA$5000,GELIR_GIDER_KAYIT!$E$6:$E$5000,"PERSONEL")
A38: KİRA | B38: =SUMIFS(GELIR_GIDER_KAYIT!$AA$6:$AA$5000,GELIR_GIDER_KAYIT!$E$6:$E$5000,"KİRA")
A39: PAZARLAMA | B39: =SUMIFS(GELIR_GIDER_KAYIT!$AA$6:$AA$5000,GELIR_GIDER_KAYIT!$E$6:$E$5000,"PAZARLAMA")
A40: LOJİSTİK | B40: =SUMIFS(GELIR_GIDER_KAYIT!$AA$6:$AA$5000,GELIR_GIDER_KAYIT!$E$6:$E$5000,"LOJİSTİK")
A41: GENEL YÖNETİM | B41: =SUMIFS(GELIR_GIDER_KAYIT!$AA$6:$AA$5000,GELIR_GIDER_KAYIT!$E$6:$E$5000,"GENEL YÖNETİM")
A42: AMORTİSMAN | B42: =SUMIFS(GELIR_GIDER_KAYIT!$AA$6:$AA$5000,GELIR_GIDER_KAYIT!$E$6:$E$5000,"AMORTİSMAN")
A43: FİNANSMAN GİDERİ | B43: =SUMIFS(GELIR_GIDER_KAYIT!$AA$6:$AA$5000,GELIR_GIDER_KAYIT!$E$6:$E$5000,"FİNANSMAN GİDERİ")
A44: VERGİ | B44: =SUMIFS(GELIR_GIDER_KAYIT!$AA$6:$AA$5000,GELIR_GIDER_KAYIT!$E$6:$E$5000,"VERGİ")

Sheet BASABAS
A1: BASABAS — GÜNLÜK GELİR–GİDER VE GERÇEK KÂRLILIK SİSTEMİ
A2: Başabaş analizi: işletme giderlerini karşılamak için gereken minimum ciro ve mevcut güvenlik marjı otomatik hesaplanır.
A4: BAŞABAŞ ANALİZİ
A6: Net Satış | B6: =SUMIFS(GELIR_GIDER_KAYIT!$AA$6:$AA$5000,GELIR_GIDER_KAYIT!$D$6:$D$5000,"GELİR",GELIR_GIDER_KAYIT!$E$6:$E$5000,"SATIŞ")
A7: Satış İade/İskonto | B7: =SUMIFS(GELIR_GIDER_KAYIT!$AA$6:$AA$5000,GELIR_GIDER_KAYIT!$E$6:$E$5000,"SATIŞ İADESİ/İSKONTO")
A8: Net Satış (net) | B8: =B6+B7
A9: Brüt Kâr | B9: =B8+SUMIFS(GELIR_GIDER_KAYIT!$AA$6:$AA$5000,GELIR_GIDER_KAYIT!$E$6:$E$5000,"SATIŞLARIN MALİYETİ")
A10: Brüt Marj Oranı | B10: =IF(B8=0,0,B9/B8)
A11: Faaliyet Kârı | B11: =SUMPRODUCT(GELIR_GIDER_KAYIT!$AA$6:$AA$5000*((GELIR_GIDER_KAYIT!$E$6:$E$5000="SATIŞ")+(GELIR_GIDER_KAYIT!$E$6:$E$5000="SATIŞ İADESİ/İSKONTO")+(GELIR_GIDER_KAYIT!$E$6:$E$5000="SATIŞLARIN MALİYETİ")+(GELIR_GIDER_KAYIT!$E$6:$E$5000="DEĞİŞKEN GİDER")+(GELIR_GIDER_KAYIT!$E$6:$E$5000="PERSONEL")+(GELIR_GIDER_KAYIT!$E$6:$E$5000="KİRA")+(GELIR_GIDER_KAYIT!$E$6:$E$5000="PAZARLAMA")+(GELIR_GIDER_KAYIT!$E$6:$E$5000="LOJİSTİK")+(GELIR_GIDER_KAYIT!$E$6:$E$5000="GENEL YÖNETİM")+(GELIR_GIDER_KAYIT!$E$6:$E$5000="AMORTİSMAN")))
A12: Faaliyet Marjı Oranı | B12: =IF(B8=0,0,B11/B8)
A13: Net Sonuç | B13: =SUM(GELIR_GIDER_KAYIT!$AA$6:$AA$5000)
A14: Net Marj Oranı | B14: =IF(B8=0,0,B13/B8)
A15: Gerçek Nakit Değişimi | B15: =SUM(GELIR_GIDER_KAYIT!$Z$6:$Z$5000)
A16: Nakit Dönüşüm Oranı | B16: =IF(B13=0,0,B15/B13)
A17: Değişken Gider | B17: =-SUMIFS(GELIR_GIDER_KAYIT!$AA$6:$AA$5000,GELIR_GIDER_KAYIT!$E$6:$E$5000,"DEĞİŞKEN GİDER")
A18: Katkı Payı | B18: =B9-B17
A19: Katkı Oranı | B19: =IF(B8=0,0,B18/B8)
A20: Sabit Gider | B20: =-SUMPRODUCT(GELIR_GIDER_KAYIT!$AA$6:$AA$5000*((GELIR_GIDER_KAYIT!$E$6:$E$5000="PERSONEL")+(GELIR_GIDER_KAYIT!$E$6:$E$5000="KİRA")+(GELIR_GIDER_KAYIT!$E$6:$E$5000="PAZARLAMA")+(GELIR_GIDER_KAYIT!$E$6:$E$5000="LOJİSTİK")+(GELIR_GIDER_KAYIT!$E$6:$E$5000="GENEL YÖNETİM")+(GELIR_GIDER_KAYIT!$E$6:$E$5000="AMORTİSMAN")))
A21: Başabaş Ciro | B21: =IF(B19=0,0,B20/B19)
A22: Güvenlik Marjı | B22: =IF(B8=0,0,(B8-B21)/B8)
A23: Hedef Kâr için Gerekli Ciro | B23: =IF(B19=0,0,(B20+NetKarMarjHedef*B8)/B19)

Sheet KONTROLLER
A1: KONTROLLER — GÜNLÜK GELİR–GİDER VE GERÇEK KÂRLILIK SİSTEMİ
A2: Veri bütünlüğü, veri doğruluğu ve çapraz kontroller. Veri kalite skoru 0-100 arasındadır; düşükse karar güveni düşer.
A4: A. VERİ BÜTÜNLÜĞÜ
A5: Kayıt Sayısı | B5: =COUNTA(GELIR_GIDER_KAYIT!$B$6:$B$5000)
A6: Tarih eksik | B6: =IF(B$5=0,"-",SUMPRODUCT((GELIR_GIDER_KAYIT!$B$6:$B$5000<>"")*(GELIR_GIDER_KAYIT!$C$6:$C$5000=""))) | C6: =IF(B6="-","",IF(B6=0,"PASS",IF(B6<=3,"WARN","FAIL")))
A7: İşlem Türü eksik | B7: =IF(B$5=0,"-",SUMPRODUCT((GELIR_GIDER_KAYIT!$C$6:$C$5000<>"")*(GELIR_GIDER_KAYIT!$D$6:$D$5000=""))) | C7: =IF(B7="-","",IF(B7=0,"PASS",IF(B7<=3,"WARN","FAIL")))
A8: Ana Sınıf eksik | B8: =IF(B$5=0,"-",SUMPRODUCT((GELIR_GIDER_KAYIT!$C$6:$C$5000<>"")*(GELIR_GIDER_KAYIT!$E$6:$E$5000=""))) | C8: =IF(B8="-","",IF(B8=0,"PASS",IF(B8<=3,"WARN","FAIL")))
A9: Tutar eksik | B9: =IF(B$5=0,"-",SUMPRODUCT((GELIR_GIDER_KAYIT!$C$6:$C$5000<>"")*(GELIR_GIDER_KAYIT!$O$6:$O$5000=""))) | C9: =IF(B9="-","",IF(B9=0,"PASS",IF(B9<=3,"WARN","FAIL")))
A10: Kategori eksik | B10: =IF(B$5=0,"-",SUMPRODUCT((GELIR_GIDER_KAYIT!$C$6:$C$5000<>"")*(GELIR_GIDER_KAYIT!$F$6:$F$5000=""))) | C10: =IF(B10="-","",IF(B10=0,"PASS",IF(B10<=3,"WARN","FAIL")))
A11: Cari eksik | B11: =IF(B$5=0,"-",SUMPRODUCT((GELIR_GIDER_KAYIT!$C$6:$C$5000<>"")*(GELIR_GIDER_KAYIT!$H$6:$H$5000=""))) | C11: =IF(B11="-","",IF(B11=0,"PASS",IF(B11<=3,"WARN","FAIL")))
A12: Nakit Tarihi eksik (Nakit Gerçekleşti=EVET iken) | B12: =IF(B$5=0,"-",SUMPRODUCT((GELIR_GIDER_KAYIT!$S$6:$S$5000="EVET")*(GELIR_GIDER_KAYIT!$R$6:$R$5000=""))) | C12: =IF(B12="-","",IF(B12=0,"PASS",IF(B12<=3,"WARN","FAIL")))
A14: B. VERİ DOĞRULUĞU
A15: Sıfır/Negatif Tutar Kaydı | B15: =SUMPRODUCT((GELIR_GIDER_KAYIT!$C$6:$C$5000<>"")*(GELIR_GIDER_KAYIT!$O$6:$O$5000<=0)) | C15: =IF(B15=0,"PASS",IF(B15<=3,"WARN","FAIL"))
A16: Mükerrer Kayıt (Belge Numarası+Tutar+Tarih) | B16: =COUNTIF(GELIR_GIDER_KAYIT!$AB$6:$AB$5000,"MÜKERRER") | C16: =IF(B16=0,"PASS",IF(B16<=3,"WARN","FAIL"))
A17: Amortisman Nakit Çelişkisi | B17: =SUMPRODUCT((GELIR_GIDER_KAYIT!$E$6:$E$5000="AMORTİSMAN")*(GELIR_GIDER_KAYIT!$S$6:$S$5000="EVET")) | C17: =IF(B17=0,"PASS",IF(B17<=3,"WARN","FAIL"))
A18: Ortak/Finansman/Yatırım Kârlılık Çelişkisi | B18: =SUMPRODUCT(((GELIR_GIDER_KAYIT!$W$6:$W$5000="EVET")+(GELIR_GIDER_KAYIT!$X$6:$X$5000="EVET")+(GELIR_GIDER_KAYIT!$Y$6:$Y$5000="EVET"))*(GELIR_GIDER_KAYIT!$AA$6:$AA$5000<>0)) | C18: =IF(B18=0,"PASS",IF(B18<=3,"WARN","FAIL"))
A19: İşlem Türü boş | B19: =SUMPRODUCT((GELIR_GIDER_KAYIT!$C$6:$C$5000<>"")*(GELIR_GIDER_KAYIT!$D$6:$D$5000="")) | C19: =IF(B19=0,"PASS",IF(B19<=3,"WARN","FAIL"))
A21: C. ÇAPRAZ KONTROLLER
A22: Köprü Gerçek Nakit Değişimi | B22: =TAHAKKUK_NAKIT_ESLEME!B14
A23: Doğrudan Nakit Etkisi Toplamı | B23: =SUM(GELIR_GIDER_KAYIT!$Z$6:$Z$5000)
A24: Fark (₺) | B24: =ABS(B22-B23)
A25: Köprü Durumu | B25: =IF(B24<=YuvarlamaToleransi,"UYUMLU","KONTROL GEREKLİ")
A27: D. SKOR VE SAĞLIK
A28: Veri Kalite Skoru (0-100) | B28: =IF(B5=0,0,MAX(0, 100-(B6+B7+B8+B9+B10+B11+B12)*HataAgirligi-B15*UyariAgirligi-B16*UyariAgirligi-B17*UyariAgirligi-B18*UyariAgirligi-B19*HataAgirligi))
A29: Güven Seviyesi | B29: =IF(B28=0,"VERİ YETERSİZ",IF(B28>=VeriKaliteYuksekEsik,"YÜKSEK",IF(B28>=VeriKaliteOrtaEsik,"ORTA","DÜŞÜK")))
A30: PASS Sayısı | B30: =COUNTIF(C6:C12,"PASS")+COUNTIF(C15:C19,"PASS")
A31: FAIL Sayısı | B31: =COUNTIF(C6:C12,"FAIL")+COUNTIF(C15:C19,"FAIL")
A33: Çalışma Kitabı Sağlığı | B33: =IF(B5=0,"VERİ YETERSİZ",IF(B31=0,"SAĞLIKLI",IF(B31<=2,"İZLEME GEREKLİ","DÜZELTME GEREKLİ")))

Sheet KARAR_MOTORU
A1: KARAR MOTORU — GÜNLÜK GELİR–GİDER VE GERÇEK KÂRLILIK SİSTEMİ
A2: Yedi karar kuralı otomatik çalışır. Her satır tespit, kanıt, kök neden, aksiyon, sorumlu ve termin içerir. Kararlar karar destek amaçlıdır; kesin kredi/hukuki karar değildir.
A5: Kategori | B5: Risk Seviyesi | C5: Tespit | D5: Sayısal Kanıt | E5: Kök Neden | F5: Finansal Etkisi | G5: Önerilen Karar | H5: Önerilen Aksiyon | I5: Sorumlu Rol | J5: Son Tarih | K5: Beklenen Nakit/Kâr Etkisi | L5: Uygulanmazsa Risk | M5: Güven Düzeyi | N5: Kullanılan Eşik | O5: Eşiğin Kaynağı
A6: BRÜT MARJ HEDEFİ ALTINDA | B6: =IF(KayitSayisi=0,"VERİ YETERSİZ",IF(BrutMarjOrani<BrutMarjHedef/100,"RİSKLİ",IF(BrutMarjOrani>=BrutMarjHedef/100*(1+MarjBantOrani/100),"NORMAL","İZLE"))) | C6: =IF(KayitSayisi=0,"Henüz kayıt yok; analiz için GELIR_GIDER_KAYIT sayfasına veri girin.",IF(BrutMarjOrani<BrutMarjHedef/100,"Brüt marj hedefin altında: "&TEXT(BrutMarjOrani,"0.0%")&" (hedef "&TEXT(BrutMarjHedef/100,"0.0%")&")","Brüt marj hedefi karşılanıyor: "&TEXT(BrutMarjOrani,"0.0%"))) | D6: ="Net satış "&TEXT(NetSatis,"₺ #,##0")&", brüt kâr "&TEXT(BrutKar,"₺ #,##0")&" ("&TEXT(BrutMarjOrani,"0.0%")&")" | E6: ="Fiyatlandırma, hammadde maliyeti veya ürün karması kaynaklı olabilir" | F6: ="Brüt marj 1 puan iyileşirse kâr ~"&TEXT(NetSatis/100,"₺ #,##0")&" artar" | G6: =IF(C6="RİSKLİ","Fiyat ve maliyet yapısını gözden geçir","Mevcut marj disiplinini sürdür") | H6: ="En düşük marjlı ürünler için fiyat/maliyet analizi yap; maliyet artışlarını fiyata yansıt" | I6: Finans Müdürü | J6: =RaporTarihi+StandartTermin | K6: ="Brüt kâr iyileştirmesi: marj farkının tahsil edilebilir kısmı" | L6: ="Marj erozyonu sürerse kârlılık ve nakit riski büyür" | M6: =IF(C6="NORMAL","YÜKSEK","ORTA") | N6: =IF(KayitSayisi=0,"VERİ YOK","Brüt Marj Hedefi: "&TEXT(BrutMarjHedef/100,"0.0%")) | O6: AYARLAR
A7: FAALİYET MARJI HEDEFİ ALTINDA | B7: =IF(KayitSayisi=0,"VERİ YETERSİZ",IF(FaaliyetMarjOrani<FaaliyetMarjHedef/100,"RİSKLİ",IF(FaaliyetMarjOrani>=FaaliyetMarjHedef/100*(1+MarjBantOrani/100),"NORMAL","İZLE"))) | C7: =IF(KayitSayisi=0,"Henüz kayıt yok.",IF(FaaliyetMarjOrani<FaaliyetMarjHedef/100,"Faaliyet marjı hedefin altında: "&TEXT(FaaliyetMarjOrani,"0.0%")&" (hedef "&TEXT(FaaliyetMarjHedef/100,"0.0%")&")","Faaliyet marjı hedefi karşılanıyor.")) | D7: ="Faaliyet kârı "&TEXT(FaaliyetKari,"₺ #,##0")&" / net satış "&TEXT(NetSatis,"₺ #,##0")&" ("&TEXT(FaaliyetMarjOrani,"0.0%")&")" | E7: ="Sabit gider yükü veya verimlilik kaybı kaynaklı olabilir" | F7: ="Faaliyet marjı 1 puan iyileşirse kâr ~"&TEXT(NetSatis/100,"₺ #,##0")&" artar" | G7: =IF(C7="RİSKLİ","Sabit giderleri ve verimliliği gözden geçir","Mevcut verimliliği koru") | H7: ="Sabit gider kalemlerini önceliklendir; düşük getirili giderleri kıs" | I7: Mali İşler / CFO | J7: =RaporTarihi+UzunTermin | K7: ="Sabit gider azaltımının kâra doğrudan etkisi" | L7: ="Yüksek sabit gider nakit dönüşümünü yavaşlatır" | M7: =IF(C7="NORMAL","YÜKSEK","ORTA") | N7: =IF(KayitSayisi=0,"VERİ YOK","Faaliyet Marjı Hedefi: "&TEXT(FaaliyetMarjHedef/100,"0.0%")) | O7: AYARLAR
A8: KÂR POZİTİF, NAKİT NEGATİF | B8: =IF(KayitSayisi=0,"VERİ YETERSİZ",IF(AND(NetSonuc>0,GercekNakit<0),"KRİTİK",IF(AND(NetSonuc>0,GercekNakit>=0,GercekNakit<NetSonuc*NakitDonusumAsgari/100),"RİSKLİ","NORMAL"))) | C8: =IF(KayitSayisi=0,"Henüz kayıt yok.",IF(AND(NetSonuc>0,GercekNakit<0),"Muhasebe kârı pozitif ancak gerçek nakit değişimi negatif: "&TEXT(GercekNakit,"₺ #,##0"),"Nakit pozisyonu kâr ile uyumlu.")) | D8: ="Kâr "&TEXT(NetSonuc,"₺ #,##0")&", nakit "&TEXT(GercekNakit,"₺ #,##0")&", dönüşüm "&TEXT(NakitDonusumOrani,"0.0%") | E8: ="Tahsilat gecikmesi, stok artışı, kredi anapara, yatırım ve ortak çekişi nakdi tüketiyor" | F8: ="Likidite baskısı: zorunlu ödemeler aksayabilir" | G8: =IF(C8="KRİTİK","Tahsilat ve nakit planını acil önceliklendir","Nakit akışını izlemeye devam et") | H8: ="Vadesi geçmiş alacak takibi, stok azaltma, kredi anapara yapılandırması" | I8: CFO / Mali İşler | J8: =RaporTarihi+7 | K8: ="Tahsilat hızlandırmanın nakit etkisi: tahsil edilmemiş satış tutarı" | L8: ="Karşılıksız ödeme ve borç krizi riski" | M8: YÜKSEK | N8: ="Kâr>0 ve Nakit<0 kuralı" | O8: KARAR_MOTORU
A9: CİRO ARTARKEN KÂR DÜŞÜYOR | B9: =IF(KayitSayisi=0,"VERİ YETERSİZ",IF(AND(SonAySatis>OncekiAySatis,SonAyFaaliyet<OncekiAyFaaliyet),"RİSKLİ",IF(AND(SonAySatis=0,OncekiAySatis=0),"VERİ YETERSİZ","NORMAL"))) | C9: =IF(KayitSayisi=0,"Henüz kayıt yok.",IF(AND(SonAySatis>OncekiAySatis,SonAyFaaliyet<OncekiAyFaaliyet),"Ciro artıyor ama faaliyet kârı düşüyor: düşük marjlı satış artışı","Ciro ve kâr eğilimi uyumlu.")) | D9: ="Son ay satış "&TEXT(SonAySatis,"₺ #,##0")&", faaliyet "&TEXT(SonAyFaaliyet,"₺ #,##0")&" / önceki ay satış "&TEXT(OncekiAySatis,"₺ #,##0")&", faaliyet "&TEXT(OncekiAyFaaliyet,"₺ #,##0") | E9: ="Düşük marjlı ürün ağırlığı veya maliyet artışı" | F9: ="Marj erozyonu büyümenin kârlılığını siliyor" | G9: =IF(C9="RİSKLİ","Ürün karmasını ve fiyat disiplinini gözden geçir","Büyüme kârlılıkla uyumlu") | H9: ="En çok ciro getiren ama düşük marjlı ürünleri tespit et; fiyat/maliyet dengesi kur" | I9: Satış Direktörü | J9: =RaporTarihi+UzunTermin | K9: ="Marj iyileştirmesi: faaliyet kârı farkının kazanımı" | L9: ="Büyüme kârsız kalır, nakit tükenir" | M9: ORTA | N9: ="Ay bazında satış/faaliyet kârı karşılaştırması" | O9: AYLIK_KARLILIK
A10: ORTAK ÇEKİŞİ NET KÂRI AŞIYOR | B10: =IF(KayitSayisi=0,"VERİ YETERSİZ",IF(AND(NetSonuc>0,OrtakCekis>NetSonuc*OrtakCekisEsik/100),"KRİTİK",IF(AND(NetSonuc<=0,OrtakCekis>0),"RİSKLİ","NORMAL"))) | C10: =IF(KayitSayisi=0,"Henüz kayıt yok.",IF(AND(NetSonuc>0,OrtakCekis>NetSonuc*OrtakCekisEsik/100),"Ortak çekişi net kârı aşıyor: "&TEXT(OrtakCekis,"₺ #,##0"),"Ortak çekişi kâr disiplinine uygun.")) | D10: ="Ortak çekişi "&TEXT(OrtakCekis,"₺ #,##0")&" / net kâr "&TEXT(NetSonuc,"₺ #,##0") | E10: ="Kâr dağıtım disiplini ve işletme sermayesi koruması eksik" | F10: ="İşletmeden nakit çıkışı kârlılığı değil, nakit pozisyonunu bozar" | G10: =IF(C10="KRİTİK","Ortak çekişini net kârla sınırla","Mevcut çekiş politikasını sürdür") | H10: ="Kâr dağıtım politikası belirle; çekişleri önceden planla" | I10: Yönetim Kurulu / Ortaklar | J10: =RaporTarihi+30 | K10: ="Çekiş azaltımının işletmede bıraktığı nakit" | L10: ="İşletme sermayesi erir, ödeme gücü zayıflar" | M10: YÜKSEK | N10: =IF(KayitSayisi=0,"VERİ YOK","Ortak Çekişi Eşiği: "&TEXT(OrtakCekisEsik/100,"0%")&" net kâr") | O10: AYARLAR
A11: FİNANSMAN GİDERİ YÜKSEK PAY | B11: =IF(KayitSayisi=0,"VERİ YETERSİZ",IF(AND(FaaliyetKari>0,FinansmanGider>FaaliyetKari*FinansmanEsik/100),"RİSKLİ",IF(FinansmanGider>0,"İZLE","NORMAL"))) | C11: =IF(KayitSayisi=0,"Henüz kayıt yok.",IF(AND(FaaliyetKari>0,FinansmanGider>FaaliyetKari*FinansmanEsik/100),"Finansman gideri faaliyet kârının önemli kısmına ulaşıyor","Finansman yükü kontrol altında.")) | D11: ="Finansman gideri "&TEXT(FinansmanGider,"₺ #,##0")&" / faaliyet kârı "&TEXT(FaaliyetKari,"₺ #,##0") | E11: ="Yüksek borç maliyeti" | F11: ="Kârlılığın büyük bölümü borç maliyetine gidiyor" | G11: =IF(C11="RİSKLİ","Borç maliyetini düşür","Borç servisini sürdür") | H11: ="Kredi yeniden yapılandırma, erken ödeme veya faiz karşılaştırması" | I11: Finans Müdürü | J11: =RaporTarihi+30 | K11: ="Faiz tasarrufu: finansman giderinin azalan kısmı" | L11: ="Borç sarmalı riski" | M11: ORTA | N11: =IF(KayitSayisi=0,"VERİ YOK","Finansman Gideri Eşiği: "&TEXT(FinansmanEsik/100,"0%")&" faaliyet kârı") | O11: AYARLAR
A12: TEK SEFERLİK GELİR YAPAY KÂR | B12: =IF(KayitSayisi=0,"VERİ YETERSİZ",IF(AND(NetSonuc>0,OlagandisiNet>NetSonuc*OlagandisiEsik/100),"İZLE",IF(OlagandisiNet>0,"İZLE","NORMAL"))) | C12: =IF(KayitSayisi=0,"Henüz kayıt yok.",IF(OlagandisiNet>0,"Tek seferlik/olağandışı gelirler net kârı yapay yükseltiyor olabilir","Olağandışı etki önemsiz.")) | D12: ="Olağandışı net etki "&TEXT(OlagandisiNet,"₺ #,##0")&" / net sonuç "&TEXT(NetSonuc,"₺ #,##0") | E12: ="Normalize edilmemiş raporlama" | F12: ="Tek seferlik etkiler kalıcı kârlılık gibi algılanabilir" | G12: =IF(C12="İZLE","Normalize edilmiş sonucu ayrı göster","Mevcut raporlamayı sürdür") | H12: ="Tek seferlik gelirleri ayrı sınıflandır; trend karşılaştırmasında hariç tut" | I12: Mali İşler | J12: =RaporTarihi+StandartTermin | K12: ="Karar kalitesi: normalize sonuç üzerinden yönetim" | L12: ="Yanlış büyüme/kâr algısı" | M12: ORTA | N12: ="Olağandışı / Net Kâr > %20 kuralı" | O12: KARAR_MOTORU

Sheet PANO
A1: PANO — GÜNLÜK GELİR–GİDER VE GERÇEK KÂRLILIK SİSTEMİ
A2: Tek ekran karar paneli. Tüm değerler otomatik hesaplanır; 1920x1080 ekranda yatay kaydırma gerektirmez.
F4: Net Satış | K4: Faaliyet Marjı | P4: Gerçek Nakit Değişimi | U4: Başabaş Ciro
F5: =NetSatis | K5: =FaaliyetMarjOrani | P5: =GercekNakit | U5: =BasabasCiro
F8: Brüt Marj | K8: Net Sonuç | P8: Nakit Dönüşüm Oranı | U8: Ortak Çekişi
F9: =BrutMarjOrani | K9: =NetSonuc | P9: =NakitDonusumOrani | U9: =OrtakCekis
A24: DURUM KARTI
A25: Veri Kalite Skoru | B25: =VeriKaliteSkor
A26: Güven Seviyesi | B26: =KONTROLLER!$B$29
A27: Çalışma Kitabı Sağlığı | B27: =KONTROLLER!$B$33
A28: Son Güncelleme | B28: =TEXT(RaporTarihi,"dd.mm.yyyy")
A30: =IF(KayitSayisi=0,"Henüz belge girişi yapılmamıştır; çalışma kitabı VERİ YETERSİZ durumundadır.","Rapor döneminde net satış "&TEXT(NetSatis,"₺ #,##0")&", net sonuç "&TEXT(NetSonuc,"₺ #,##0")&" ve gerçek nakit değişimi "&TEXT(GercekNakit,"₺ #,##0")&" olmuştur. "&IF(AND(NetSonuc>0,GercekNakit<0),"Ciro ve kâr var ama para yok: tahsilat, stok ve finansman kaynaklı nakit tüketimi ödeme güvenliğini tehdit ediyor.","Nakit pozisyonu kâr ile uyumlu görünüyor.")&" Veri kalite skoru "&TEXT(VeriKaliteSkor,"0")&"/100 düzeyindedir.")
A42: GRAFİK VERİ KAYNAĞI (otomatik)
A43: Tarih | B43: Net Nakit | C43: Kümülatif Nakit
A44: =GUNLUK_OZET!A6 | B44: =GUNLUK_OZET!D6 | C44: =GUNLUK_OZET!F6
A45: =GUNLUK_OZET!A7 | B45: =GUNLUK_OZET!D7 | C45: =GUNLUK_OZET!F7
A46: =GUNLUK_OZET!A8 | B46: =GUNLUK_OZET!D8 | C46: =GUNLUK_OZET!F8
A47: =GUNLUK_OZET!A9 | B47: =GUNLUK_OZET!D9 | C47: =GUNLUK_OZET!F9
A48: =GUNLUK_OZET!A10 | B48: =GUNLUK_OZET!D10 | C48: =GUNLUK_OZET!F10
A49: =GUNLUK_OZET!A11 | B49: =GUNLUK_OZET!D11 | C49: =GUNLUK_OZET!F11
A50: =GUNLUK_OZET!A12 | B50: =GUNLUK_OZET!D12 | C50: =GUNLUK_OZET!F12
A51: =GUNLUK_OZET!A13 | B51: =GUNLUK_OZET!D13 | C51: =GUNLUK_OZET!F13
A52: =GUNLUK_OZET!A14 | B52: =GUNLUK_OZET!D14 | C52: =GUNLUK_OZET!F14
A53: =GUNLUK_OZET!A15 | B53: =GUNLUK_OZET!D15 | C53: =GUNLUK_OZET!F15
A54: =GUNLUK_OZET!A16 | B54: =GUNLUK_OZET!D16 | C54: =GUNLUK_OZET!F16
A55: =GUNLUK_OZET!A17 | B55: =GUNLUK_OZET!D17 | C55: =GUNLUK_OZET!F17
... A143: =GUNLUK_OZET!A105 | B143: =GUNLUK_OZET!D105 | C143: =GUNLUK_OZET!F105
A146: Ay | B146: Net Satış | C146: Net Sonuç
A147: =AYLIK_KARLILIK!A6 | B147: =AYLIK_KARLILIK!B6 | C147: =AYLIK_KARLILIK!L6
A148: =AYLIK_KARLILIK!A7 | B148: =AYLIK_KARLILIK!B7 | C148: =AYLIK_KARLILIK!L7
A149: =AYLIK_KARLILIK!A8 | B149: =AYLIK_KARLILIK!B8 | C149: =AYLIK_KARLILIK!L8
A150: =AYLIK_KARLILIK!A9 | B150: =AYLIK_KARLILIK!B9 | C150: =AYLIK_KARLILIK!L9
A151: =AYLIK_KARLILIK!A10 | B151: =AYLIK_KARLILIK!B10 | C151: =AYLIK_KARLILIK!L10
A152: =AYLIK_KARLILIK!A11 | B152: =AYLIK_KARLILIK!B11 | C152: =AYLIK_KARLILIK!L11
A153: =AYLIK_KARLILIK!A12 | B153: =AYLIK_KARLILIK!B12 | C153: =AYLIK_KARLILIK!L12
A154: =AYLIK_KARLILIK!A13 | B154: =AYLIK_KARLILIK!B13 | C154: =AYLIK_KARLILIK!L13
A155: =AYLIK_KARLILIK!A14 | B155: =AYLIK_KARLILIK!B14 | C155: =AYLIK_KARLILIK!L14
A156: =AYLIK_KARLILIK!A15 | B156: =AYLIK_KARLILIK!B15 | C156: =AYLIK_KARLILIK!L15
A157: =AYLIK_KARLILIK!A16 | B157: =AYLIK_KARLILIK!B16 | C157: =AYLIK_KARLILIK!L16
A158: =AYLIK_KARLILIK!A17 | B158: =AYLIK_KARLILIK!B17 | C158: =AYLIK_KARLILIK!L17
A160: ANALİTİK MODÜLLER (MAKİNE YORUMLU KARAR KATMANI)
A161: Modül | B161: Değer | C161: Otomatik Yorum
A162: T1 · Tahsil Yaşlandırması | B162: =IF(KayitSayisi=0,0,SUMIFS(GELIR_GIDER_KAYIT!$O$6:$O$5000,GELIR_GIDER_KAYIT!$D$6:$D$5000,"GELİR",GELIR_GIDER_KAYIT!$S$6:$S$5000,"HAYIR")) | F162: =IF(KayitSayisi=0,"VERİ YOK",_xlfn.TEXTJOIN(" | ",TRUE(),"Nakdi gerçekleşmemiş satış: "&TEXT(B162,"₺ #,##0"),"Tahakkuk ile nakit arasındaki farkın satış kaynaklı kısmı yaşlandırmaya alınır."))
A163: T2 · Satış Trendi | B163: =IF(OR(KayitSayisi=0,OncekiAySatis=0),0,(SonAySatis-OncekiAySatis)/ABS(OncekiAySatis)) | F163: =IF(KayitSayisi=0,"VERİ YOK",_xlfn.TEXTJOIN(" | ",TRUE(),"Son ay satış değişimi: "&TEXT(B163,"%0.0"),"Önceki aya göre büyüme ya da duraklama bu oranla izlenir."))
A164: T3 · Ürün Yoğunlaşması (Pareto) | B164: =IF(OR(KayitSayisi=0,SUM(SATIS_MALIYET!$E$6:$E$200)=0),0,MAX(SATIS_MALIYET!$E$6:$E$200)/SUM(SATIS_MALIYET!$E$6:$E$200)) | F164: =IF(KayitSayisi=0,"VERİ YOK",_xlfn.TEXTJOIN(" | ",TRUE(),"En büyük ürünün satış payı: "&TEXT(B164,"%0.0"),"Tek ürüne bağımlılık yüksekse çeşitlendirme kararı gerektirir."))
A165: T4 · Dönem Karşılaştırma | B165: =IF(OR(KayitSayisi=0,OncekiAyFaaliyet=0),0,(SonAyFaaliyet-OncekiAyFaaliyet)/ABS(OncekiAyFaaliyet)) | F165: =IF(KayitSayisi=0,"VERİ YOK",_xlfn.TEXTJOIN(" | ",TRUE(),"Son ay faaliyet kârı değişimi: "&TEXT(B165,"%0.0"),"Gider verimliliğindeki bozulma bu oranla yakalanır."))
A166: O1 · Günlük Nakit Anomalisi (MAD) | B166: =IF(KayitSayisi=0,0,IFERROR(stdev.p(GUNLUK_OZET!$D$6:$D$105)/IFERROR(AVERAGE(GUNLUK_OZET!$D$6:$D$105),1),0)) | F166: =IF(KayitSayisi=0,"VERİ YOK",_xlfn.TEXTJOIN(" | ",TRUE(),"Günlük nakit değişkenliği: "&TEXT(B166,"0.00")&"x ortalama","Anormal sıçramalar nakit planlaması için uyarı üretir."))
A167: O2 · Duyarlılık (1 puan marj) | B167: =IF(KayitSayisi=0,0,NetSatis*0.01) | F167: =IF(KayitSayisi=0,"VERİ YOK",_xlfn.TEXTJOIN(" | ",TRUE(),"1 puanlık marj iyileşmesi kârı "&TEXT(B167,"₺ #,##0")&" artırır","Satış fiyatı/maliyet pazarlığının parasal etkisi bu kalemle ölçülür."))
A168: O3 · Senaryo Motoru (±%15 satış) | B168: =IF(KayitSayisi=0,0,NetSatis*0.3*BrutMarjOrani) | F168: =IF(KayitSayisi=0,"VERİ YOK",_xlfn.TEXTJOIN(" | ",TRUE(),"Kötümser-iyimser net sonuç bandı: "&TEXT(B168,"₺ #,##0"),"Satış hacmi ±%15 değiştiğinde kârın oynama aralığı."))
A169: O4 · Nakit Dönüşüm Günü | B169: =IF(OR(KayitSayisi=0,NetSatis=0),0,(DonemSonuStok+B162)/NetSatis*365) | F169: =IF(KayitSayisi=0,"VERİ YOK",_xlfn.TEXTJOIN(" | ",TRUE(),"Nakit dönüşüm günü: "&TEXT(B169,"0")&" gün","Stok artı tahsil edilmemiş satışın yıllık satışa oranı; likidite sıkışıklığını gösterir."))
A170: I1 · Yedi Günlük Nakit Tahmini | B170: =IF(KayitSayisi=0,0,IFERROR(FORECAST(RaporTarihi+7,GUNLUK_OZET!$F$6:$F$105,GUNLUK_OZET!$A$6:$A$105),0)) | F170: =IF(KayitSayisi=0,"VERİ YOK",_xlfn.TEXTJOIN(" | ",TRUE(),"Yedi gün sonrası kümülatif nakit tahmini: "&TEXT(B170,"₺ #,##0"),"Trend bazlı tahminle önümüzdeki haftanın nakit pozisyonu planlanır."))
A171: I2 · Günlük Nakit P90 | B171: =IF(KayitSayisi=0,0,IFERROR(percentıle.ınc(GUNLUK_OZET!$D$6:$D$105,0.9),0)) | F171: =IF(KayitSayisi=0,"VERİ YOK",_xlfn.TEXTJOIN(" | ",TRUE(),"Günlük nakit P90: "&TEXT(B171,"₺ #,##0"),"Dokuz günün onunda aşılmayan nakit girişi/çıkışı eşiği."))
A172: I6 · Varyans Köprüsü Farkı | B172: =IF(KayitSayisi=0,0,KONTROLLER!B24) | F172: =IF(KayitSayisi=0,"VERİ YOK",_xlfn.TEXTJOIN(" | ",TRUE(),"Tahakkuk-nakit köprü farkı: "&TEXT(B172,"₺ #,##0"),"Fark tolerans içindeyse kayıt düzeni uyumludur; aksi hâlde KONTROL GEREKLİ."))
A174: SENARYO MOTORU — SATIŞ HACMİ ±%15
A175: KÖTÜMSER | B175: =IF(KayitSayisi=0,"VERİ YOK",NetSonuc-NetSatis*0.15*BrutMarjOrani)
A176: BAZ (MEVCUT) | B176: =IF(KayitSayisi=0,"VERİ YOK",NetSonuc)
A177: İYİMSER | B177: =IF(KayitSayisi=0,"VERİ YOK",NetSonuc+NetSatis*0.15*BrutMarjOrani)

Sheet RAPOR
A1: RAPOR — GÜNLÜK GELİR–GİDER VE GERÇEK KÂRLILIK SİSTEMİ
A3: GÜNLÜK GELİR–GİDER VE GERÇEK KÂRLILIK RAPORU
A4: ="Firma: "&FirmaUnvan | G4: ="Rapor Tarihi: "&TEXT(RaporTarihi,"dd.mm.yyyy")
A5: ="Versiyon: "&DosyaSurumu&" | Hazırlayan: "&RaporHazirlayan
A6: ="Dönem: "&TEXT(RaporDonemiBas,"dd.mm.yyyy")&" - "&TEXT(RaporTarihi,"dd.mm.yyyy")
A8: YÖNETİCİ ÖZETİ
A9: =IF(KayitSayisi=0,"Veri yetersiz: henüz gelir/gider kaydı girilmemiştir.","Net satış "&TEXT(NetSatis,"₺ #,##0")&" olup net sonuç "&TEXT(NetSonuc,"₺ #,##0")&" ve gerçek nakit değişimi "&TEXT(GercekNakit,"₺ #,##0")&" düzeyindedir. "&IF(AND(NetSonuc>0,GercekNakit<0),"Ciro ve kâr pozitif görünmesine rağmen nakit negatiftir; tahsil edilmemiş satışlar, stok ve finansman çıkışları nakdi tüketmektedir. Tahsilat ve ödeme planı önceliklendirilmelidir.","Nakit pozisyonu kâr ile uyumludur."))
A12: TEMEL GÖSTERGELER
A13: Net Satış | B13: =NetSatis
A14: Brüt Kâr | B14: =BrutKar
A15: Brüt Marj | B15: =BrutMarjOrani
A16: Faaliyet Kârı | B16: =FaaliyetKari
A17: Faaliyet Marjı | B17: =FaaliyetMarjOrani
A18: Net Sonuç | B18: =NetSonuc
A19: Gerçek Nakit Değişimi | B19: =GercekNakit
A20: Nakit Dönüşüm Oranı | B20: =NakitDonusumOrani
A21: Başabaş Ciro | B21: =BasabasCiro
A22: Güvenlik Marjı | B22: =BASABAS!B22
A23: Ortak Çekişi | B23: =OrtakCekis
A24: Veri Kalite Skoru | B24: =VeriKaliteSkor
A26: KÂRLILIK KÖPRÜSÜ (MUHASEBE → NAKİT)
A27: =TAHAKKUK_NAKIT_ESLEME!A6 | B27: =TAHAKKUK_NAKIT_ESLEME!B6
A28: =TAHAKKUK_NAKIT_ESLEME!A7 | B28: =TAHAKKUK_NAKIT_ESLEME!B7
A29: =TAHAKKUK_NAKIT_ESLEME!A8 | B29: =TAHAKKUK_NAKIT_ESLEME!B8
A30: =TAHAKKUK_NAKIT_ESLEME!A9 | B30: =TAHAKKUK_NAKIT_ESLEME!B9
A31: =TAHAKKUK_NAKIT_ESLEME!A10 | B31: =TAHAKKUK_NAKIT_ESLEME!B10
A32: =TAHAKKUK_NAKIT_ESLEME!A11 | B32: =TAHAKKUK_NAKIT_ESLEME!B11
A33: =TAHAKKUK_NAKIT_ESLEME!A12 | B33: =TAHAKKUK_NAKIT_ESLEME!B12
A34: =TAHAKKUK_NAKIT_ESLEME!A13 | B34: =TAHAKKUK_NAKIT_ESLEME!B13
A35: =TAHAKKUK_NAKIT_ESLEME!A14 | B35: =TAHAKKUK_NAKIT_ESLEME!B14
A37: ÖNERİLEN AKSİYONLAR
A38: Risk | B38: Aksiyon | C38: Sorumlu | D38: Son Tarih
A39: =IF(KARAR_MOTORU!B6="VERİ YETERSİZ","-",KARAR_MOTORU!B6) | B39: =IF(KARAR_MOTORU!H6="","",KARAR_MOTORU!H6) | C39: =KARAR_MOTORU!I6 | D39: =KARAR_MOTORU!J6
A40: =IF(KARAR_MOTORU!B7="VERİ YETERSİZ","-",KARAR_MOTORU!B7) | B40: =IF(KARAR_MOTORU!H7="","",KARAR_MOTORU!H7) | C40: =KARAR_MOTORU!I7 | D40: =KARAR_MOTORU!J7
A41: =IF(KARAR_MOTORU!B8="VERİ YETERSİZ","-",KARAR_MOTORU!B8) | B41: =IF(KARAR_MOTORU!H8="","",KARAR_MOTORU!H8) | C41: =KARAR_MOTORU!I8 | D41: =KARAR_MOTORU!J8
A42: =IF(KARAR_MOTORU!B9="VERİ YETERSİZ","-",KARAR_MOTORU!B9) | B42: =IF(KARAR_MOTORU!H9="","",KARAR_MOTORU!H9) | C42: =KARAR_MOTORU!I9 | D42: =KARAR_MOTORU!J9
A43: =IF(KARAR_MOTORU!B10="VERİ YETERSİZ","-",KARAR_MOTORU!B10) | B43: =IF(KARAR_MOTORU!H10="","",KARAR_MOTORU!H10) | C43: =KARAR_MOTORU!I10 | D43: =KARAR_MOTORU!J10
A46: MODEL VARSAYIMLARI
A47: Brüt Marj Hedefi | B47: =IF(KayitSayisi=0,"VERİ YOK",BrutMarjHedef)
A48: Faaliyet Marjı Hedefi | B48: =IF(KayitSayisi=0,"VERİ YOK",FaaliyetMarjHedef)
A49: Nakit Dönüşüm Hedefi | B49: =IF(KayitSayisi=0,"VERİ YOK",NakitDonusumHedef)
A50: Finansman Gideri Eşiği | B50: =IF(KayitSayisi=0,"VERİ YOK",FinansmanEsik)
A51: Ortak Çekişi Eşiği | B51: =IF(KayitSayisi=0,"VERİ YOK",OrtakCekisEsik)
A52: Vergi Oranı | B52: =IF(KayitSayisi=0,"VERİ YOK",VergiOrani)
A54: SORUMLULUK REDDİ
A55: Bu çalışma kitabı karar destek aracıdır; kesin kredi onayı, hukuki sonuç veya vergi doğruluğu garantisi vermez. Hesaplanan sonuçlar girilen verinin kalitesine bağlıdır. Profesyonel muhakeme ile birlikte kullanınız.

Sheet ORNEK_VERI
A1: ORNEK VERI — GÜNLÜK GELİR–GİDER VE GERÇEK KÂRLILIK SİSTEMİ
A2: Demo kayıtların yedek kopyası. GELIR_GIDER_KAYIT tablosunu temizlerseniz buradaki kayıtları geri kopyalayabilirsiniz.
A5: Kayıt ID | B5: Tarih | C5: Belge Numarası | D5: İşlem Türü | E5: Ana Sınıf | F5: Kategori | G5: Alt Kategori | H5: Cari | I5: Ürün/Hizmet | J5: Proje | K5: Açıklama | L5: Miktar | M5: Birim | N5: Birim Fiyat | O5: Tutar | P5: KDV İşareti | Q5: Tahakkuk Tarihi | R5: Nakit Tarihi | S5: Nakit Gerçekleşti mi? | T5: Sabit/Değişken | U5: Doğrudan/Dolaylı | V5: Tekrarlayan/Tek Seferlik | W5: Ortak İşlemi | X5: Finansman İşlemi | Y5: Yatırım İşlemi | Z5: Nakit Etkisi | AA5: Kârlılık Etkisi | AB5: Kontrol
B6: 2026-05-02 | C6: SAT-001 | D6: GELİR | E6: SATIŞ | F6: TİCARİ MAL | H6: Yıldız Market | I6: Ayçiçek Yağı 5L | K6: Toptan satış | L6: 1000 | M6: ADET | N6: 150 | O6: 150000 | P6: HARİÇ | Q6: 2026-05-02 | R6: 2026-06-20 | S6: HAYIR | T6: DEĞİŞKEN | U6: DOĞRUDAN | V6: TEKRARLAYAN | W6: HAYIR | X6: HAYIR | Y6: HAYIR
B7: 2026-05-03 | C7: AL-001 | D7: GİDER | E7: SATIŞLARIN MALİYETİ | F7: HAMMADDE | H7: Tarım Ürünleri A.Ş. | I7: Ayçiçek Çekirdeği | K7: Hammadde alımı | L7: 3000 | M7: KG | N7: 30 | O7: 90000 | P7: HARİÇ | Q7: 2026-05-03 | R7: 2026-05-03 | S7: EVET | T7: DEĞİŞKEN | U7: DOĞRUDAN | V7: TEKRARLAYAN | W7: HAYIR | X7: HAYIR | Y7: HAYIR
B8: 2026-05-05 | C8: SAT-002 | D8: GELİR | E8: SATIŞ | F8: TİCARİ MAL | H8: Can Bakkaliye | I8: Bulgur 50kg | K8: Toptan satış | L8: 400 | M8: ADET | N8: 100 | O8: 40000 | P8: HARİÇ | Q8: 2026-05-05 | R8: 2026-05-25 | S8: EVET | T8: DEĞİŞKEN | U8: DOĞRUDAN | V8: TEKRARLAYAN | W8: HAYIR | X8: HAYIR | Y8: HAYIR
B9: 2026-05-05 | C9: KIR-001 | D9: GİDER | E9: KİRA | F9: OFİS | H9: Depo Sahibi | K9: Depo ve ofis kirası | L9: 1 | M9: AY | N9: 25000 | O9: 25000 | P9: DAHİL | Q9: 2026-05-05 | R9: 2026-05-05 | S9: EVET | T9: SABİT | U9: DOLAYLI | V9: TEKRARLAYAN | W9: HAYIR | X9: HAYIR | Y9: HAYIR
B10: 2026-05-05 | C10: FIN-001 | D10: GİDER | E10: FİNANSMAN GİDERİ | F10: KOMİSYON | H10: ABC Bankası | K10: Kredi faizi | L10: 1 | M10: AY | N10: 6000 | O10: 6000 | P10: DAHİL | Q10: 2026-05-05 | R10: 2026-05-05 | S10: EVET | T10: SABİT | U10: DOLAYLI | V10: TEKRARLAYAN | W10: HAYIR | X10: HAYIR | Y10: HAYIR
B11: 2026-05-10 | C11: AL-002 | D11: GİDER | E11: SATIŞLARIN MALİYETİ | F11: HAMMADDE | H11: Tarım Ürünleri A.Ş. | I11: Bulgur Buğdayı | K11: Hammadde alımı | L11: 2000 | M11: KG | N11: 25 | O11: 50000 | P11: HARİÇ | Q11: 2026-05-10 | R11: 2026-06-20 | S11: HAYIR | T11: DEĞİŞKEN | U11: DOĞRUDAN | V11: TEKRARLAYAN | W11: HAYIR | X11: HAYIR | Y11: HAYIR
B12: 2026-05-12 | C12: SAT-003 | D12: GELİR | E12: SATIŞ | F12: TİCARİ MAL | H12: Mega Market | I12: Un 25kg | K12: Toptan satış | L12: 600 | M12: ADET | N12: 100 | O12: 60000 | P12: HARİÇ | Q12: 2026-05-12 | R12: 2026-06-30 | S12: HAYIR | T12: DEĞİŞKEN | U12: DOĞRUDAN | V12: TEKRARLAYAN | W12: HAYIR | X12: HAYIR | Y12: HAYIR
B13: 2026-05-12 | C13: NAK-001 | D13: GİDER | E13: DEĞİŞKEN GİDER | F13: NAKLİYE | H13: Nakliyeci Ali | K13: Sevkiyat nakliyesi | L13: 1 | M13: GÜN | N13: 12000 | O13: 12000 | P13: DAHİL | Q13: 2026-05-12 | R13: 2026-05-12 | S13: EVET | T13: DEĞİŞKEN | U13: DOLAYLI | V13: TEKRARLAYAN | W13: HAYIR | X13: HAYIR | Y13: HAYIR
B14: 2026-05-15 | C14: PAZ-001 | D14: GİDER | E14: PAZARLAMA | F14: REKLAM | H14: Medya Ajans | K14: Sosyal medya reklamı | L14: 1 | M14: AY | N14: 8000 | O14: 8000 | P14: DAHİL | Q14: 2026-05-15 | R14: 2026-05-15 | S14: EVET | T14: SABİT | U14: DOLAYLI | V14: TEKRARLAYAN | W14: HAYIR | X14: HAYIR | Y14: HAYIR
B15: 2026-05-18 | C15: AL-003 | D15: GİDER | E15: SATIŞLARIN MALİYETİ | F15: HAMMADDE | H15: Tarım Ürünleri A.Ş. | I15: Mercimek | K15: Hammadde alımı | L15: 1500 | M15: KG | N15: 30 | O15: 45000 | P15: HARİÇ | Q15: 2026-05-18 | R15: 2026-05-18 | S15: EVET | T15: DEĞİŞKEN | U15: DOĞRUDAN | V15: TEKRARLAYAN | W15: HAYIR | X15: HAYIR | Y15: HAYIR
B16: 2026-05-19 | C16: SAT-004 | D16: GELİR | E16: SATIŞ | F16: TİCARİ MAL | H16: Süpermarket Zinciri | I16: Mercimek | K16: Toptan satış | L16: 1000 | M16: ADET | N16: 50 | O16: 50000 | P16: HARİÇ | Q16: 2026-05-19 | R16: 2026-06-10 | S16: EVET | T16: DEĞİŞKEN | U16: DOĞRUDAN | V16: TEKRARLAYAN | W16: HAYIR | X16: HAYIR | Y16: HAYIR
B17: 2026-05-25 | C17: PER-001 | D17: GİDER | E17: PERSONEL | F17: İKRAMİYE | H17: Personel | K17: Maaş ödemesi | L17: 6 | M17: AY | N17: 9167 | O17: 55000 | P17: DAHİL | Q17: 2026-05-25 | R17: 2026-05-25 | S17: EVET | T17: SABİT | U17: DOLAYLI | V17: TEKRARLAYAN | W17: HAYIR | X17: HAYIR | Y17: HAYIR
B18: 2026-05-28 | C18: GY-001 | D18: GİDER | E18: GENEL YÖNETİM | F18: ELEKTRİK | H18: Elektrik Dağıtım | K18: Elektrik faturası | L18: 1 | M18: AY | N18: 9000 | O18: 9000 | P18: DAHİL | Q18: 2026-05-28 | R18: 2026-06-30 | S18: HAYIR | T18: SABİT | U18: DOLAYLI | V18: TEKRARLAYAN | W18: HAYIR | X18: HAYIR | Y18: HAYIR
B19: 2026-05-31 | C19: AMR-001 | D19: GİDER | E19: AMORTİSMAN | F19: OFİS | H19: - | K19: Demirbaş amortismanı | L19: 1 | M19: AY | N19: 3000 | O19: 3000 | P19: HARİÇ | Q19: 2026-05-31 | S19: HAYIR | T19: SABİT | U19: DOLAYLI | V19: TEKRARLAYAN | W19: HAYIR | X19: HAYIR | Y19: HAYIR
B20: 2026-05-31 | C20: VRG-001 | D20: GİDER | E20: VERGİ | F20: SİGORTA | H20: Vergi Dairesi | K20: Muhtasar/KDV vergisi | L20: 1 | M20: AY | N20: 4000 | O20: 4000 | P20: DAHİL | Q20: 2026-05-31 | R20: 2026-06-30 | S20: HAYIR | T20: SABİT | U20: DOLAYLI | V20: TEKRARLAYAN | W20: HAYIR | X20: HAYIR | Y20: HAYIR
B21: 2026-06-02 | C21: SAT-005 | D21: GELİR | E21: SATIŞ | F21: TİCARİ MAL | H21: Yıldız Market | I21: Ayçiçek Yağı 5L | K21: Toptan satış | L21: 600 | M21: ADET | N21: 150 | O21: 90000 | P21: HARİÇ | Q21: 2026-06-02 | R21: 2026-07-15 | S21: HAYIR | T21: DEĞİŞKEN | U21: DOĞRUDAN | V21: TEKRARLAYAN | W21: HAYIR | X21: HAYIR | Y21: HAYIR
B22: 2026-06-05 | C22: AL-004 | D22: GİDER | E22: SATIŞLARIN MALİYETİ | F22: HAMMADDE | H22: Tarım Ürünleri A.Ş. | I22: Ayçiçek Çekirdeği | K22: Hammadde alımı | L22: 1000 | M22: KG | N22: 50 | O22: 50000 | P22: HARİÇ | Q22: 2026-06-05 | R22: 2026-06-05 | S22: EVET | T22: DEĞİŞKEN | U22: DOĞRUDAN | V22: TEKRARLAYAN | W22: HAYIR | X22: HAYIR | Y22: HAYIR
B23: 2026-06-05 | C23: KIR-002 | D23: GİDER | E23: KİRA | F23: OFİS | H23: Depo Sahibi | K23: Depo ve ofis kirası | L23: 1 | M23: AY | N23: 25000 | O23: 25000 | P23: DAHİL | Q23: 2026-06-05 | R23: 2026-06-05 | S23: EVET | T23: SABİT | U23: DOLAYLI | V23: TEKRARLAYAN | W23: HAYIR | X23: HAYIR | Y23: HAYIR
B24: 2026-06-05 | C24: FIN-002 | D24: GİDER | E24: FİNANSMAN GİDERİ | F24: KOMİSYON | H24: ABC Bankası | K24: Kredi faizi | L24: 1 | M24: AY | N24: 6000 | O24: 6000 | P24: DAHİL | Q24: 2026-06-05 | R24: 2026-06-05 | S24: EVET | T24: SABİT | U24: DOLAYLI | V24: TEKRARLAYAN | W24: HAYIR | X24: HAYIR | Y24: HAYIR
B25: 2026-06-08 | C25: SAT-006 | D25: GELİR | E25: SATIŞ | F25: TİCARİ MAL | H25: Can Bakkaliye | I25: Bulgur 50kg | K25: Toptan satış | L25: 700 | M25: ADET | N25: 100 | O25: 70000 | P25: HARİÇ | Q25: 2026-06-08 | R25: 2026-06-20 | S25: EVET | T25: DEĞİŞKEN | U25: DOĞRUDAN | V25: TEKRARLAYAN | W25: HAYIR | X25: HAYIR | Y25: HAYIR
B26: 2026-06-12 | C26: AL-005 | D26: GİDER | E26: SATIŞLARIN MALİYETİ | F26: HAMMADDE | H26: Tarım Ürünleri A.Ş. | I26: Bulgur Buğdayı | K26: Hammadde alımı | L26: 2400 | M26: KG | N26: 25 | O26: 60000 | P26: HARİÇ | Q26: 2026-06-12 | R26: 2026-07-15 | S26: HAYIR | T26: DEĞİŞKEN | U26: DOĞRUDAN | V26: TEKRARLAYAN | W26: HAYIR | X26: HAYIR | Y26: HAYIR
B27: 2026-06-15 | C27: SAT-007 | D27: GELİR | E27: SATIŞ | F27: TİCARİ MAL | H27: Mega Market | I27: Un 25kg | K27: Toptan satış | L27: 1100 | M27: ADET | N27: 100 | O27: 110000 | P27: HARİÇ | Q27: 2026-06-15 | R27: 2026-07-30 | S27: HAYIR | T27: DEĞİŞKEN | U27: DOĞRUDAN | V27: TEKRARLAYAN | W27: HAYIR | X27: HAYIR | Y27: HAYIR
B28: 2026-06-18 | C28: PAZ-002 | D28: GİDER | E28: PAZARLAMA | F28: REKLAM | H28: Medya Ajans | K28: Sosyal medya reklamı | L28: 1 | M28: AY | N28: 12000 | O28: 12000 | P28: DAHİL | Q28: 2026-06-18 | R28: 2026-07-20 | S28: HAYIR | T28: SABİT | U28: DOLAYLI | V28: TEKRARLAYAN | W28: HAYIR | X28: HAYIR | Y28: HAYIR
B29: 2026-06-20 | C29: AL-006 | D29: GİDER | E29: SATIŞLARIN MALİYETİ | F29: HAMMADDE | H29: Tarım Ürünleri A.Ş. | I29: Mercimek | K29: Hammadde alımı | L29: 1100 | M29: KG | N29: 50 | O29: 55000 | P29: HARİÇ | Q29: 2026-06-20 | R29: 2026-06-20 | S29: EVET | T29: DEĞİŞKEN | U29: DOĞRUDAN | V29: TEKRARLAYAN | W29: HAYIR | X29: HAYIR | Y29: HAYIR
B30: 2026-06-20 | C30: KMS-001 | D30: GİDER | E30: DEĞİŞKEN GİDER | F30: KOMİSYON | H30: Satış Danışman | K30: Satış komisyonu | L30: 1 | M30: AY | N30: 16000 | O30: 16000 | P30: DAHİL | Q30: 2026-06-20 | R30: 2026-07-25 | S30: HAYIR | T30: DEĞİŞKEN | U30: DOLAYLI | V30: TEKRARLAYAN | W30: HAYIR | X30: HAYIR | Y30: HAYIR
B31: 2026-06-22 | C31: SAT-008 | D31: GELİR | E31: SATIŞ | F31: TİCARİ MAL | H31: Süpermarket Zinciri | I31: Mercimek | K31: Toptan satış | L31: 1100 | M31: ADET | N31: 50 | O31: 55000 | P31: HARİÇ | Q31: 2026-06-22 | R31: 2026-06-28 | S31: EVET | T31: DEĞİŞKEN | U31: DOĞRUDAN | V31: TEKRARLAYAN | W31: HAYIR | X31: HAYIR | Y31: HAYIR
B32: 2026-06-25 | C32: PER-002 | D32: GİDER | E32: PERSONEL | F32: İKRAMİYE | H32: Personel | K32: Maaş ödemesi | L32: 6 | M32: AY | N32: 9167 | O32: 55000 | P32: DAHİL | Q32: 2026-06-25 | R32: 2026-06-25 | S32: EVET | T32: SABİT | U32: DOLAYLI | V32: TEKRARLAYAN | W32: HAYIR | X32: HAYIR | Y32: HAYIR
B33: 2026-06-28 | C33: SAT-009 | D33: GELİR | E33: SATIŞ | F33: TİCARİ MAL | H33: Yıldız Market | I33: Ayçiçek Yağı 5L | K33: Toptan satış | L33: 250 | M33: ADET | N33: 100 | O33: 25000 | P33: HARİÇ | Q33: 2026-06-28 | R33: 2026-08-05 | S33: HAYIR | T33: DEĞİŞKEN | U33: DOĞRUDAN | V33: TEKRARLAYAN | W33: HAYIR | X33: HAYIR | Y33: HAYIR
B34: 2026-06-30 | C34: VRG-002 | D34: GİDER | E34: VERGİ | F34: SİGORTA | H34: Vergi Dairesi | K34: Muhtasar/KDV vergisi | L34: 1 | M34: AY | N34: 4000 | O34: 4000 | P34: DAHİL | Q34: 2026-06-30 | R34: 2026-06-30 | S34: EVET | T34: SABİT | U34: DOLAYLI | V34: TEKRARLAYAN | W34: HAYIR | X34: HAYIR | Y34: HAYIR
B35: 2026-06-30 | C35: AMR-002 | D35: GİDER | E35: AMORTİSMAN | F35: OFİS | H35: - | K35: Demirbaş amortismanı | L35: 1 | M35: AY | N35: 3000 | O35: 3000 | P35: HARİÇ | Q35: 2026-06-30 | S35: HAYIR | T35: SABİT | U35: DOLAYLI | V35: TEKRARLAYAN | W35: HAYIR | X35: HAYIR | Y35: HAYIR
B36: 2026-06-30 | C36: GY-002 | D36: GİDER | E36: GENEL YÖNETİM | F36: ELEKTRİK | H36: Elektrik Dağıtım | K36: Elektrik faturası | L36: 1 | M36: AY | N36: 10000 | O36: 10000 | P36: DAHİL | Q36: 2026-06-30 | R36: 2026-06-30 | S36: EVET | T36: SABİT | U36: DOLAYLI | V36: TEKRARLAYAN | W36: HAYIR | X36: HAYIR | Y36: HAYIR
B37: 2026-07-03 | C37: SAT-010 | D37: GELİR | E37: SATIŞ | F37: TİCARİ MAL | H37: Can Bakkaliye | I37: Bulgur 50kg | K37: Toptan satış | L37: 800 | M37: ADET | N37: 100 | O37: 80000 | P37: HARİÇ | Q37: 2026-07-03 | R37: 2026-07-20 | S37: EVET | T37: DEĞİŞKEN | U37: DOĞRUDAN | V37: TEKRARLAYAN | W37: HAYIR | X37: HAYIR | Y37: HAYIR
B38: 2026-07-05 | C38: KIR-003 | D38: GİDER | E38: KİRA | F38: OFİS | H38: Depo Sahibi | K38: Depo ve ofis kirası | L38: 1 | M38: AY | N38: 25000 | O38: 25000 | P38: DAHİL | Q38: 2026-07-05 | R38: 2026-07-05 | S38: EVET | T38: SABİT | U38: DOLAYLI | V38: TEKRARLAYAN | W38: HAYIR | X38: HAYIR | Y38: HAYIR
B39: 2026-07-05 | C39: FIN-003 | D39: GİDER | E39: FİNANSMAN GİDERİ | F39: KOMİSYON | H39: ABC Bankası | K39: Kredi faizi | L39: 1 | M39: AY | N39: 6000 | O39: 6000 | P39: DAHİL | Q39: 2026-07-05 | R39: 2026-07-05 | S39: EVET | T39: SABİT | U39: DOLAYLI | V39: TEKRARLAYAN | W39: HAYIR | X39: HAYIR | Y39: HAYIR
B40: 2026-07-05 | C40: YAT-001 | D40: GİDER | E40: YATIRIM | F40: OFİS | H40: Makine Firması | I40: Forklift | K40: Forklift yatırımı | L40: 1 | M40: ADET | N40: 60000 | O40: 60000 | P40: DAHİL | Q40: 2026-07-05 | R40: 2026-07-05 | S40: EVET | T40: SABİT | U40: DOLAYLI | V40: TEK SEFERLİK | W40: HAYIR | X40: HAYIR | Y40: EVET
B41: 2026-07-07 | C41: AL-007 | D41: GİDER | E41: SATIŞLARIN MALİYETİ | F41: HAMMADDE | H41: Tarım Ürünleri A.Ş. | I41: Ayçiçek Çekirdeği | K41: Hammadde alımı | L41: 1400 | M41: KG | N41: 50 | O41: 70000 | P41: HARİÇ | Q41: 2026-07-07 | R41: 2026-07-07 | S41: EVET | T41: DEĞİŞKEN | U41: DOĞRUDAN | V41: TEKRARLAYAN | W41: HAYIR | X41: HAYIR | Y41: HAYIR
B42: 2026-07-08 | C42: KRD-001 | D42: GİDER | E42: KREDİ ANAPARA | F42: KOMİSYON | H42: ABC Bankası | K42: Kredi anapara ödemesi | L42: 1 | M42: AY | N42: 50000 | O42: 50000 | P42: DAHİL | Q42: 2026-07-08 | R42: 2026-07-08 | S42: EVET | T42: SABİT | U42: DOLAYLI | V42: TEKRARLAYAN | W42: HAYIR | X42: EVET | Y42: HAYIR
B43: 2026-07-10 | C43: SAT-011 | D43: GELİR | E43: SATIŞ | F43: TİCARİ MAL | H43: Mega Market | I43: Un 25kg | K43: Toptan satış | L43: 1200 | M43: ADET | N43: 100 | O43: 120000 | P43: HARİÇ | Q43: 2026-07-10 | R43: 2026-07-31 | S43: EVET | T43: DEĞİŞKEN | U43: DOĞRUDAN | V43: TEKRARLAYAN | W43: HAYIR | X43: HAYIR | Y43: HAYIR
B44: 2026-07-14 | C44: AL-008 | D44: GİDER | E44: SATIŞLARIN MALİYETİ | F44: HAMMADDE | H44: Tarım Ürünleri A.Ş. | I44: Bulgur Buğdayı | K44: Hammadde alımı | L44: 2200 | M44: KG | N44: 25 | O44: 55000 | P44: HARİÇ | Q44: 2026-07-14 | R44: 2026-08-15 | S44: HAYIR | T44: DEĞİŞKEN | U44: DOĞRUDAN | V44: TEKRARLAYAN | W44: HAYIR | X44: HAYIR | Y44: HAYIR
B45: 2026-07-15 | C45: ORT-001 | D45: GİDER | E45: ORTAK ÇEKİŞİ | F45: İKRAMİYE | H45: Ortaklar | K45: Ortakların nakit çekişi | L45: 1 | M45: ADET | N45: 30000 | O45: 30000 | P45: DAHİL | Q45: 2026-07-15 | R45: 2026-07-15 | S45: EVET | T45: SABİT | U45: DOLAYLI | V45: TEK SEFERLİK | W45: EVET | X45: HAYIR | Y45: HAYIR
B46: 2026-07-17 | C46: SAT-012 | D46: GELİR | E46: SATIŞ | F46: TİCARİ MAL | H46: Yıldız Market | I46: Ayçiçek Yağı 5L | K46: Toptan satış | L46: 400 | M46: ADET | N46: 150 | O46: 60000 | P46: HARİÇ | Q46: 2026-07-17 | R46: 2026-08-31 | S46: HAYIR | T46: DEĞİŞKEN | U46: DOĞRUDAN | V46: TEKRARLAYAN | W46: HAYIR | X46: HAYIR | Y46: HAYIR
B47: 2026-07-21 | C47: AL-009 | D47: GİDER | E47: SATIŞLARIN MALİYETİ | F47: HAMMADDE | H47: Tarım Ürünleri A.Ş. | I47: Mercimek | K47: Hammadde alımı | L47: 800 | M47: KG | N47: 50 | O47: 40000 | P47: HARİÇ | Q47: 2026-07-21 | R47: 2026-07-21 | S47: EVET | T47: DEĞİŞKEN | U47: DOĞRUDAN | V47: TEKRARLAYAN | W47: HAYIR | X47: HAYIR | Y47: HAYIR
B48: 2026-07-22 | C48: DNS-001 | D48: GİDER | E48: DEĞİŞKEN GİDER | F48: DANIŞMANLIK | H48: Mali Danışman | K48: Danışmanlık hizmeti | L48: 1 | M48: AY | N48: 14000 | O48: 14000 | P48: DAHİL | Q48: 2026-07-22 | R48: 2026-07-22 | S48: EVET | T48: DEĞİŞKEN | U48: DOLAYLI | V48: TEK SEFERLİK | W48: HAYIR | X48: HAYIR | Y48: HAYIR
B49: 2026-07-24 | C49: SAT-013 | D49: GELİR | E49: SATIŞ | F49: TİCARİ MAL | H49: Süpermarket Zinciri | I49: Mercimek | K49: Toptan satış | L49: 600 | M49: ADET | N49: 50 | O49: 30000 | P49: HARİÇ | Q49: 2026-07-24 | R49: 2026-07-31 | S49: EVET | T49: DEĞİŞKEN | U49: DOĞRUDAN | V49: TEKRARLAYAN | W49: HAYIR | X49: HAYIR | Y49: HAYIR
B50: 2026-07-25 | C50: PER-003 | D50: GİDER | E50: PERSONEL | F50: İKRAMİYE | H50: Personel | K50: Maaş ödemesi | L50: 6 | M50: AY | N50: 9167 | O50: 55000 | P50: DAHİL | Q50: 2026-07-25 | R50: 2026-07-25 | S50: EVET | T50: SABİT | U50: DOLAYLI | V50: TEKRARLAYAN | W50: HAYIR | X50: HAYIR | Y50: HAYIR
B51: 2026-07-31 | C51: VRG-003 | D51: GİDER | E51: VERGİ | F51: SİGORTA | H51: Vergi Dairesi | K51: Muhtasar/KDV vergisi | L51: 1 | M51: AY | N51: 4000 | O51: 4000 | P51: DAHİL | Q51: 2026-07-31 | R51: 2026-07-31 | S51: EVET | T51: SABİT | U51: DOLAYLI | V51: TEKRARLAYAN | W51: HAYIR | X51: HAYIR | Y51: HAYIR
B52: 2026-07-31 | C52: AMR-003 | D52: GİDER | E52: AMORTİSMAN | F52: OFİS | H52: - | K52: Demirbaş amortismanı | L52: 1 | M52: AY | N52: 3000 | O52: 3000 | P52: HARİÇ | Q52: 2026-07-31 | S52: HAYIR | T52: SABİT | U52: DOLAYLI | V52: TEKRARLAYAN | W52: HAYIR | X52: HAYIR | Y52: HAYIR
B53: 2026-07-31 | C53: GY-003 | D53: GİDER | E53: GENEL YÖNETİM | F53: ELEKTRİK | H53: Elektrik Dağıtım | K53: Elektrik faturası | L53: 1 | M53: AY | N53: 9000 | O53: 9000 | P53: DAHİL | Q53: 2026-07-31 | R53: 2026-07-31 | S53: EVET | T53: SABİT | U53: DOLAYLI | V53: TEKRARLAYAN | W53: HAYIR | X53: HAYIR | Y53: HAYIR

Sheet TESTLER
A1: TESTLER — GÜNLÜK GELİR–GİDER VE GERÇEK KÂRLILIK SİSTEMİ
A2: Kalite test senaryoları. Gerçek sonuç formüllerle hesaplanır; PASS/FAIL durumu otomatik üretilir.
A5: Test | B5: Test Girdisi | C5: Beklenen Sonuç | D5: Gerçek Sonuç | E5: Sonuç | F5: Açıklama
A6: Sıfır Veri | B6: Tüm giriş sayfaları boş | C6: PANO VERİ YETERSİZ gösterir | D6: =IF(KayitSayisi=0,"VERİ YETERSİZ","VERİ VAR") | E6: =IF(ISNUMBER(D6),"PASS",IF(D6="PASS","PASS",IF(OR(D6="VERİ YETERSİZ",D6="KONTROL"),"WARN","FAIL"))) | F6: Otomatik değerlendirme
A7: Tek Kayıt | B7: Bir adet satış kaydı | C7: Net satış tek kaydı yansıtır | D7: =IF(KayitSayisi=1,"BEKLENEN","KONTROL") | E7: =IF(ISNUMBER(D7),"PASS",IF(D7="PASS","PASS",IF(OR(D7="VERİ YETERSİZ",D7="KONTROL"),"WARN","FAIL"))) | F7: Otomatik değerlendirme
A8: Eksik Zorunlu Alan | B8: İşlem Türü boş bırakılır | C8: KONTROLLER eksik gösterir | D8: =IF(B7>0,"TESPİT EDİLDİ","TESPİT EDİLMEDİ") | E8: =IF(ISNUMBER(D8),"PASS",IF(D8="PASS","PASS",IF(OR(D8="VERİ YETERSİZ",D8="KONTROL"),"WARN","FAIL"))) | F8: Otomatik değerlendirme
A9: Mükerrer Kayıt | B9: Aynı Belge Numarası+Tutar+Tarih | C9: MÜKERRER uyarısı | D9: =IF(B16>0,"TESPİT EDİLDİ","TESPİT EDİLMEDİ") | E9: =IF(ISNUMBER(D9),"PASS",IF(D9="PASS","PASS",IF(OR(D9="VERİ YETERSİZ",D9="KONTROL"),"WARN","FAIL"))) | F9: Otomatik değerlendirme
A10: Negatif Tutar | B10: Tutar sıfır veya negatif | C10: Kontrol uyarısı | D10: =IF(B15>0,"TESPİT EDİLDİ","TESPİT EDİLMEDİ") | E10: =IF(ISNUMBER(D10),"PASS",IF(D10="PASS","PASS",IF(OR(D10="VERİ YETERSİZ",D10="KONTROL"),"WARN","FAIL"))) | F10: Otomatik değerlendirme
A11: Aşırı Yüksek Tutar | B11: Tutar 1.000.000.000 TL | C11: Veri doğrulama engeller | D11: =IFERROR(IF(O6>0,"KONTROL","VERİ YETERSİZ"),"KONTROL") | E11: =IF(ISNUMBER(D11),"PASS",IF(D11="PASS","PASS",IF(OR(D11="VERİ YETERSİZ",D11="KONTROL"),"WARN","FAIL"))) | F11: Otomatik değerlendirme
A12: Vade Geçmiş Kayıt | B12: Geçmiş tarihli kayıt | C12: Tarih kabul edilir | D12: =IFERROR(IF(MIN(GELIR_GIDER_KAYIT!$B$6:$B$5000)<TODAY(),"KABUL","KONTROL"),"KONTROL") | E12: =IF(ISNUMBER(D12),"PASS",IF(D12="PASS","PASS",IF(OR(D12="VERİ YETERSİZ",D12="KONTROL"),"WARN","FAIL"))) | F12: Otomatik değerlendirme
A13: Gelecek Tarihli Kayıt | B13: Gelecek tarihli kayıt | C13: Tarih kabul edilir | D13: =IFERROR(IF(MAX(GELIR_GIDER_KAYIT!$B$6:$B$5000)>TODAY(),"KABUL","KONTROL"),"KONTROL") | E13: =IF(ISNUMBER(D13),"PASS",IF(D13="PASS","PASS",IF(OR(D13="VERİ YETERSİZ",D13="KONTROL"),"WARN","FAIL"))) | F13: Otomatik değerlendirme
A14: Ay ve Yıl Sonu Geçişi | B14: 31.12 / 01.01 tarih aralığı | C14: Tarih formatı korunur | D14: @ | E14: =IF(ISNUMBER(D14),"PASS",IF(D14="PASS","PASS",IF(OR(D14="VERİ YETERSİZ",D14="KONTROL"),"WARN","FAIL"))) | F14: Otomatik değerlendirme
A15: 29 Şubat | B15: Artık yıl tarihi | C15: Tarih doğrulaması kabul eder | D15: @ | E15: =IF(ISNUMBER(D15),"PASS",IF(D15="PASS","PASS",IF(OR(D15="VERİ YETERSİZ",D15="KONTROL"),"WARN","FAIL"))) | F15: Otomatik değerlendirme
A16: Sıfıra Bölme | B16: Net satış sıfır | C16: Marj hesapları boş gösterir | D16: =IF(NetSatis=0,"GÜVENLİ","KONTROL") | E16: =IF(ISNUMBER(D16),"PASS",IF(D16="PASS","PASS",IF(OR(D16="VERİ YETERSİZ",D16="KONTROL"),"WARN","FAIL"))) | F16: Otomatik değerlendirme
A17: Boş veya Silinmiş Kategori | B17: Listeden değer kaldırılır | C17: Liste dışı giriş engellenir | D17: @ | E17: =IF(ISNUMBER(D17),"PASS",IF(D17="PASS","PASS",IF(OR(D17="VERİ YETERSİZ",D17="KONTROL"),"WARN","FAIL"))) | F17: Otomatik değerlendirme
A18: Filtre Sonrası Toplam | B18: Tablo filtrelenir | C18: Alt toplamlar doğru kalır | D18: @ | E18: =IF(ISNUMBER(D18),"PASS",IF(D18="PASS","PASS",IF(OR(D18="VERİ YETERSİZ",D18="KONTROL"),"WARN","FAIL"))) | F18: Otomatik değerlendirme
A19: 5.000 Satır Performansı | B19: 5000 kayıt eklenir | C19: SUMIFS taraması 5000 satırı kapsar | D19: @ | E19: =IF(ISNUMBER(D19),"PASS",IF(D19="PASS","PASS",IF(OR(D19="VERİ YETERSİZ",D19="KONTROL"),"WARN","FAIL"))) | F19: Otomatik değerlendirme
A20: Kopyala-Yapıştır | B20: Değerler yapıştırılır | C20: Veri doğrulama korunur | D20: @ | E20: =IF(ISNUMBER(D20),"PASS",IF(D20="PASS","PASS",IF(OR(D20="VERİ YETERSİZ",D20="KONTROL"),"WARN","FAIL"))) | F20: Otomatik değerlendirme
A21: Risk Eşiği Tam Altı/Üstü | B21: Brüt marj eşik civarı | C21: Karar motoru doğru sınıflar | D21: =IF(BrutMarjOrani="","KONTROL",IF(BrutMarjOrani<BrutMarjHedef/100,"RİSKLİ","NORMAL")) | E21: =IF(ISNUMBER(D21),"PASS",IF(D21="PASS","PASS",IF(OR(D21="VERİ YETERSİZ",D21="KONTROL"),"WARN","FAIL"))) | F21: Otomatik değerlendirme
A22: Formül Sütununa Yazma | B22: Nakit Etkisi elle yazılır | C22: Kilitli hücre engeller | D22: @ | E22: =IF(ISNUMBER(D22),"PASS",IF(D22="PASS","PASS",IF(OR(D22="VERİ YETERSİZ",D22="KONTROL"),"WARN","FAIL"))) | F22: Otomatik değerlendirme
A23: Para Birimi ve Ondalık | B23: TL ve ondalık değerler | C23: Format korunur | D23: @ | E23: =IF(ISNUMBER(D23),"PASS",IF(D23="PASS","PASS",IF(OR(D23="VERİ YETERSİZ",D23="KONTROL"),"WARN","FAIL"))) | F23: Otomatik değerlendirme
A24: Yazdırma Önizlemesi | B24: RAPOR yazdırma alanı | C24: A4 yatay düzen | D24: @ | E24: =IF(ISNUMBER(D24),"PASS",IF(D24="PASS","PASS",IF(OR(D24="VERİ YETERSİZ",D24="KONTROL"),"WARN","FAIL"))) | F24: Otomatik değerlendirme
A25: Tüm Grafiklerin Kaynağı | B25: Grafikler veriye bağlı | C25: Veri kaynakları güncel | D25: @ | E25: =IF(ISNUMBER(D25),"PASS",IF(D25="PASS","PASS",IF(OR(D25="VERİ YETERSİZ",D25="KONTROL"),"WARN","FAIL"))) | F25: Otomatik değerlendirme

Sheet ANAHTAR
A1: ANAHTAR — GunlukGelirGiderKarlilikSistemi
A3: ham_anahtar | B3: norm_anahtar | C3: duplike_sayisi | D3: not
A4: ORNEK-001 | B4: =UPPER(SUBSTITUTE(A4," ","")) | C4: =COUNTIF($A$4:$A$1000,A4) | D4: normalize + duplike izi
A5: ORNEK-002 | B5: =UPPER(SUBSTITUTE(A5," ","")) | C5: =COUNTIF($A$4:$A$1000,A5) | D5: kisa/uzun numara senaryosu

Sheet ESLESTIRME
A1: ESLESTIRME — GunlukGelirGiderKarlilikSistemi
A3: kova | B3: aciklama | C3: tutar | D3: tolerans
A4: ESLESEN | B4: Tam eşleşen kayıtlar | C4: 0 | D4: 0
A5: TOLERANS | B5: Tolerans içi fark | C5: 0 | D5: 0.01
A6: TUTARSIZ | B6: Tutar uyuşmazlığı | C6: 0 | D6: 0
A7: ESLESMEYEN | B7: Eşleşmeyen kayıtlar | C7: 0 | D7: 0

Sheet KOK_NEDEN
A1: KOK_NEDEN — GunlukGelirGiderKarlilikSistemi
A3: kova | B3: kok_neden | C3: aksiyon
A4: TANIMSIZ | B4: Sınıflandırılamayan kayıt — elle incele | C4: Manuel inceleme
A5: ESLESMEYEN | B5: Karşı tarafta yok | C5: Veri tamamlama
A6: TUTARSIZ | B6: Tutar farkı | C6: Mutabakat

Sheet DEGISIKLIK_KAYDI
A1: DEGISIKLIK KAYDI — GÜNLÜK GELİR–GİDER VE GERÇEK KÂRLILIK SİSTEMİ
A2: Sürüm geçmişi ve değişiklik kayıtları.
A5: Sürüm | B5: Tarih | C5: Açıklama | D5: Değiştiren
A6: 1.0 | B6: 06.08.2026 | C6: İlk sürüm: Günlük Gelir-Gider ve Gerçek Kârlılık Sistemi yayımlandı. | D6: ExcelArşiv

Sheet LISTELER
A1: LISTELER — GÜNLÜK GELİR–GİDER VE GERÇEK KÂRLILIK SİSTEMİ
A2: Açılır menü kaynakları. Değer ekledikçe veri doğrulamaları otomatik genişler.
A3: İşlem Türü | B3: Ana Sınıf | C3: Kategori | D3: Birim | E3: Sabit/Değişken | F3: Doğrudan/Dolaylı | G3: Tekrarlayan | H3: EVET/HAYIR | I3: KDV İşareti
A4: GELİR | B4: SATIŞ | C4: HAMMADDE | D4: ADET | E4: SABİT | F4: DOĞRUDAN | G4: TEKRARLAYAN | H4: EVET | I4: DAHİL
A5: GİDER | B5: SATIŞ İADESİ/İSKONTO | C5: TİCARİ MAL | D5: KG | E5: DEĞİŞKEN | F5: DOLAYLI | G5: TEK SEFERLİK | H5: HAYIR | I5: HARİÇ
B6: DİĞER GELİR | C6: ÜRETİM | D6: LT
B7: OLAĞANDIŞI GELİR | C7: NAKLİYE | D7: MT
B8: SATIŞLARIN MALİYETİ | C8: REKLAM | D8: SAAT
B9: DEĞİŞKEN GİDER | C9: OFİS | D9: GÜN
B10: PERSONEL | C10: ELEKTRİK | D10: AY
B11: KİRA | C11: SU | D11: PAKET
B12: PAZARLAMA | C12: İLETİŞİM | D12: KOLİ
B13: LOJİSTİK | C13: BAKIM
B14: GENEL YÖNETİM | C14: DANIŞMANLIK
B15: AMORTİSMAN | C15: KOMİSYON
B16: FİNANSMAN GİDERİ | C16: SİGORTA
B17: VERGİ | C17: YAKIT
B18: OLAĞANDIŞI GİDER | C18: İKRAMİYE
B19: ORTAK ÇEKİŞİ | C19: ABONELİK
B20: KREDİ ANAPARA | C20: DİĞER
B21: YATIRIM

Sheet AYARLAR
A1: AYARLAR — GÜNLÜK GELİR–GİDER VE GERÇEK KÂRLILIK SİSTEMİ
A2: Tüm sabitler ve eşikler tek kaynaktan (SSOT) bu sayfadan yönetilir. Sarı hücreler kullanıcı tarafından güncellenebilir; formüller buraya bağlıdır.
A4: anahtar | B4: deger | C4: birim | D4: alt | E4: ust | F4: aciklama | G4: kaynak | H4: yururluk_tarihi | I4: dogrulama_tarihi
A5: Firma Unvanı | B5: Anadolu Tarım Gıda Ltd. Şti. | C5: Metin | F5: Rapor ve kapakta görünen firma adı. | G5: Kullanıcı | H5: 46023 | I5: 46240
A6: Vergi Numarası | B6: 1234567890 | C6: Metin | F6: Rapor başlığında görünen vergi numarası (opsiyonel). | G6: Kullanıcı | H6: 46023 | I6: 46240
A7: Rapor Tarihi | B7: 46234 | C7: Tarih | F7: Tüm hesapların ve kararların alındığı analiz tarihi. | G7: Kullanıcı | H7: 46023 | I7: 46240
A8: Para Birimi | B8: ₺ TL | C8: Metin | F8: Tüm rapor ve panoda kullanılan para birimi. | G8: Kullanıcı | H8: 46023 | I8: 46240
A9: Dosya Sürümü | B9: 1.0 | C9: Metin | F9: Ürün sürüm bilgisi; rapor alt bilgisinde görünür. | G9: Kullanıcı | H9: 46023 | I9: 46240
A10: Lisans Kodu | B10: EA-2026-0006 | C10: Kod | F10: Ürüne özel lisans izi. | G10: Kullanıcı | H10: 46023 | I10: 46240
A11: Rapor Dönemi Başlangıcı | B11: 46143 | C11: Tarih | F11: Günlük özet ve dönemsel raporların başlangıç tarihi. | G11: Kullanıcı | H11: 46023 | I11: 46240
A12: Veri Başlangıç Satırı | B12: 5 | C12: Skor | F12: Kayıt ID hesabında kullanılan ilk veri satırı. | G12: Kullanıcı | H12: 46023 | I12: 46240
A14: Brüt Marj Hedefi | B14: 35 | C14: Yüzde | D14: 0 | E14: 100 | F14: Brüt marjın altına inilirse KARAR_MOTORU RİSKLİ üretir. | G14: Varsayım | H14: 46023 | I14: 46240
A15: Faaliyet Marjı Hedefi | B15: 10 | C15: Yüzde | D15: 0 | E15: 100 | F15: Faaliyet marjı hedefi; sabit gider verimliliğini ölçer. | G15: Varsayım | H15: 46023 | I15: 46240
A16: Net Kâr Marjı Hedefi | B16: 5 | C16: Yüzde | D16: 0 | E16: 100 | F16: Net kârlılık hedefi; hedef kâr ciro hesabında kullanılır. | G16: Varsayım | H16: 46023 | I16: 46240
A17: Nakit Dönüşüm Hedefi | B17: 80 | C17: Yüzde | D17: 0 | E17: 100 | F17: Nakit/kâr dönüşüm hedefi; kârın nakde dönüşme oranı. | G17: Varsayım | H17: 46023 | I17: 46240
A18: Finansman Gideri Eşiği | B18: 30 | C18: Yüzde | D18: 0 | E18: 100 | F18: Finansman giderinin faaliyet kârına oranı eşiği. | G18: Varsayım | H18: 46023 | I18: 46240
A19: Ortak Çekişi Eşiği | B19: 100 | C19: Yüzde | D19: 0 | E19: 500 | F19: Ortak çekişinin net kâra oranı üst eşiği. | G19: Varsayım | H19: 46023 | I19: 46240
A20: Vergi Oranı | B20: 20 | C20: Yüzde | D20: 0 | E20: 60 | F20: Vergi oranı varsayımı; kullanıcı günceller. | G20: Varsayım | H20: 46023 | I20: 46240
A23: Dönem Başı Stok | B23: 120000 | C23: TL | D23: 0 | E23: 1000000000 | F23: Kârlılık köprüsünde stok artışı hesabı. | G23: Kullanıcı | H23: 46023 | I23: 46240
A24: Dönem Sonu Stok | B24: 120000 | C24: TL | D24: 0 | E24: 1000000000 | F24: Kârlılık köprüsünde stok artışı hesabı. | G24: Kullanıcı | H24: 46023 | I24: 46240
A25: Yuvarlama Toleransı | B25: 1000 | C25: TL | D25: 0 | E25: 100000 | F25: Köprü çapraz kontrolünde izin verilen fark. | G25: Kullanıcı | H25: 46023 | I25: 46240
A26: Hata Ağırlığı | B26: 5 | C26: Skor | D26: 0 | E26: 100 | F26: Veri Kalite Skoru'ndan her hata için düşülen puan. | G26: Varsayım | H26: 46023 | I26: 46240
A27: Uyarı Ağırlığı | B27: 10 | C27: Skor | D27: 0 | E27: 100 | F27: Veri Kalite Skoru'ndan her uyarı için düşülen puan. | G27: Varsayım | H27: 46023 | I27: 46240
... A34: Olağandışı Gelir Eşiği | B34: 20 | C34: Yüzde | D34: 0 | E34: 100 | F34: Olağandışı net gelirin net sonuca oranı eşiği. | G34: Varsayım | H34: 46023 | I34: 46240
A36: Kaynak URL | B36: https://excelarsiv.com | C36: Metin | F36: Ürün ve destek adresi. | G36: Kullanıcı | H36: 46023 | I36: 46240
A38: Kaynak Tarihi | B38: 46240 | C38: Tarih | F38: Parametrelerin son doğrulandığı tarih. | G38: Kullanıcı | H38: 46023 | I38: 46240
A39: Rapor Hazırlayan | B39: Finans Yöneticisi | C39: Metin | F39: Raporu hazırlayan kişi/rol. | G39: Kullanıcı | H39: 46023 | I39: 46240
B40: VARSAYIM AÇIKLAMALARI
B41: Tüm oranlar ve eşikler kullanıcı tarafından değiştirilebilir varsayımlardır. Mevzuat, vergi, SGK ve faiz oranları sabitlenmemiştir; güncel değerlerle güncellenmelidir. Karar motoru eşikleri bu sayfadan beslenir; değişiklikler tüm sayfalara yansır.

Sheet KILAVUZ
A1: KILAVUZ — GÜNLÜK GELİR–GİDER VE GERÇEK KÂRLILIK SİSTEMİ
A4: ÜRÜNÜN AMACI
A5: Günlük gelir ve giderleri tahakkuk ve nakit etkisine göre ayırır; muhasebe kârı ile gerçek nakit kazancı arasındaki farkı gösterir. Kâr varmış gibi görünürken paranın neden azaldığını açıklar.
A6: KİMLER İÇİN
A7: KOBİ sahipleri, finans müdürleri, muhasebe birimleri, danışmanlar ve nakit akışını takip etmek isteyen tüm işletme yöneticileri.
A8: BEŞ ADIMLI KULLANIM AKIŞI
A9: 1) AYARLAR sayfasında firma bilgileri, eşikler ve dönem başı stok değerlerini güncelleyin. 2) HESAP_PLANI sayfasını gözden geçirin (gerekirse genişletin). 3) GELIR_GIDER_KAYIT sayfasına günlük gelir/gider kayıtlarını girin (sarı hücreler). 4) SATIS_MALIYET sayfasına ürün bazında satış/maliyet girin. 5) PANO ve RAPOR sayfalarından kararı inceleyin; RAPOR'u PDF olarak yazdırın.
A10: RENK KODLARI
A11: Açık sarı zemin + mavi yazı = manuel veri girişi. Yeşil yazı = formül, başka sayfadan veri çeker (elle düzenlemeyin). Kırmızı = kritik risk / hata. Turuncu = riskli. Sarı = izleme. Yeşil = normal. Koyu lacivert bant = sayfa başlığı.
A12: VERİ GİRİŞ SIKLIĞI
A13: Gelir/gider kayıtları günlük, ürün maliyetleri aylık, eşik değerleri aylık gözden geçirilmelidir.
A14: DÖNEM KAPATMA
... A23: Sürüm: 1.0 | Güncelleme tarihi: 06.08.2026 | Üretici: ExcelArşiv.com
