Workbook
Name raporTarihi: AYARLAR!$B$5
Name toleransKurus: AYARLAR!$B$6
Name zincirTolerans: AYARLAR!$B$7
Name say_gecikmeZammi: AYARLAR!$B$8
Name say_icapEsikGun: AYARLAR!$B$9
Name say_esikFark: AYARLAR!$B$10
Name say_ikincilUzunluk: AYARLAR!$B$11
Name say_hedefTahsilat: AYARLAR!$B$12
Name say_senaryoIyimser: AYARLAR!$B$13
Name say_senaryoKotumser: AYARLAR!$B$14
Name say_fiyatModeli: AYARLAR!$B$15
Name say_olcekHedef: AYARLAR!$B$16
Name say_trendOcak: AYARLAR!$B$17
Name say_trendSubat: AYARLAR!$B$18
Name say_trendMart: AYARLAR!$B$19
Name say_trendNisan: AYARLAR!$B$20
Name say_trendMayis: AYARLAR!$B$21
Name say_trendHaziran: AYARLAR!$B$22
Name say_trendTemmuz: AYARLAR!$B$23
Name say_trendAgustos: AYARLAR!$B$24
Name say_trendEylul: AYARLAR!$B$25
Name say_trendEkim: AYARLAR!$B$26
Name say_trendKasim: AYARLAR!$B$27
Name say_trendAralik: AYARLAR!$B$28
Name say_toplamBorc: AYARLAR!$N$7
Name say_toplamTahsilat: AYARLAR!$N$8
Name say_tahsilatOrani: AYARLAR!$N$9
Name say_kasaBakiye: AYARLAR!$N$10
Name say_gecikenMalik: AYARLAR!$N$11
Name say_icapKuyruk: AYARLAR!$N$12
Name say_yetimKayit: AYARLAR!$N$13
Name say_gecersizGecis: AYARLAR!$N$14
Name say_zincirKirik: AYARLAR!$N$15
Name say_eslesmeOrani: AYARLAR!$N$16
Name say_giderSapma: AYARLAR!$N$17
Name say_kararSayisi: AYARLAR!$N$18
Name say_kovaButunluk: AYARLAR!$N$19
Name say_kararKapi: AYARLAR!$N$20
Name say_kararGerekce: AYARLAR!$N$21
Name say_normAnahtar: AYARLAR!$N$22
Name say_tanimsizKova: AYARLAR!$N$23
Name say_durumHaritasi: AYARLAR!$N$24
Name say_kanitRaporu: AYARLAR!$N$25
Name say_kapaliDusum: AYARLAR!$N$26
Name say_modulT1: AYARLAR!$N$27
Name say_modulT1Yorum: AYARLAR!$N$28
Name say_modulT2: AYARLAR!$N$29
Name say_modulT2Yorum: AYARLAR!$N$30
Name say_modulO1: AYARLAR!$N$31
Name say_modulO1Yorum: AYARLAR!$N$32
Name say_modulO2: AYARLAR!$N$33
Name say_modulO2Yorum: AYARLAR!$N$34
Name say_modulO3: AYARLAR!$N$35
Name say_modulO3Yorum: AYARLAR!$N$36
Name say_modulO6: AYARLAR!$N$37
Name say_modulO6Yorum: AYARLAR!$N$38
Name say_modulO8: AYARLAR!$N$39
Name say_modulO8Yorum: AYARLAR!$N$40
Name say_modulI1: AYARLAR!$N$41
Name say_modulI1Yorum: AYARLAR!$N$42

Sheet 00_BASLANGIC
A1: EXCELARŞİV KARAR SİSTEMİ v15.1 — ÜRETİM REFERANSI
A3: Konu | B3: Bağlayıcı Standart
A4: Amaç | B4: Kanıta dayalı, hatada kapalı çalışan Excel üretim ve denetim sistemi
A5: Öncelik | B5: Kullanıcının açık iş talebi ve gerçek kullanım senaryosu
A6: Ana akış | B6: Uygunluk → Yönetişim → Sözleşmeler → Üretim → Test → Kanıt → Kullanıcı Kabulü → Yayın
A7: Yayın ilkesi | B7: Üst aşamada hata varsa alt aşama GEÇTİ üretilemez
A8: Kullanıcı kabulü | B8: Excel masaüstü görünümü test edilmediyse DIŞ_KABUL_GEREKLİ
A9: Nihai yayın | B9: Yalnız uygulanabilir modüller GEÇTİ veya gerekçeli UYGULANMAZ
A10: Ticari ayrım | B10: Ekonomik olarak savunulabilir fiyat, gerçek pazar kabulü ile aynı değildir
A11: Karmaşıklık | B11: Karar değeri, eklenen karmaşıklığın maliyetinden büyük olmalıdır
A12: Excel sınırı | B12: Veritabanı, kurumsal yetkilendirme, değiştirilemez kayıt sistemi veya gerçek zamanlı olay platformu değildir
A13: Dil standardı | B13: Kullanıcıya görünen tüm sayfa, tablo, başlık, açıklama, uyarı ve karar metinleri saf Türkçe olmalıdır
A14: Muhasebe standardı | B14: Finansal ürünlerde Türkiye Tekdüzen Hesap Planı ve Türk muhasebe kullanım alışkanlıkları esas alınır
... A33: Muhasebe | B33: Türkiye Tekdüzen Hesap Planı ve Türk muhasebe/işletme düşünce yapısı esas alınır.

Sheet PANO
A1: ☰ PANO
B2: SITE/APARTMAN YÖNETIM SISTEMI | L2: Dönem: 2026 / Tam ▼ | M2: ★ DOĞRULANMIŞ
B3: Hedef Kullanıcı: Site yöneticisi, yönetim kurulu, kat malikleri temsilcisi, SMMM · 2026 Q3 Denetim Standardı
B5: TAHSILAT ORANI | D5: KONSOLİDE | E5: AIDAT TREND | G5: KONTROL | H5: NET OPERASYONEL MARJ | J5: GÜVENLİ | K5: SİSTEM GÜVEN SKORU | M5: DENETLENDİ
B7: =GİRDİLER!E17 | E7: =B7*0.22 | H7: =B7-E7 | K7: =EĞER(E7>0; YUVARLA(B7/E7; 2); 0)
B9: ↑ %14.2 konsolide canlı veri bağlantısı | E9: ● 8 Kalem nakit karşılığı: bloke | H9: ██████████░░░░░ %78.0 NET MARJ | K9: ✓ İDEAL karşılama rasyosu
B11: SITE/APARTMAN YÖNETIM SISTEMI — DÖNEMSEL İCRA VE PROJEKSİYON | F11: +%32 Verim | H11: KONSOLİDE OPERASYON VE KARAR MATRİSİ
B12: Kümülatif Hacim vs. Operasyonel Maliyet ve Net Kâr Eğilimi | H12: Anlık Hesaplama Sonuçları, Dinamik Formül Çıktıları ve Durum Puanlaması
B14: Dönem | C14: Aktif Hacim | D14: Maliyet/Yük | E14: Hedef | H14: PARAMETRE / KALEM | I14: ANA TUTAR | J14: FARK / MARJ | K14: VADE | L14: KONTROL DURUMU
B15: D1 | C15: 65 | D15: 45 | E15: 60 | H15: Dönemlik Kümülatif Bakiye | I15: =B7*0.45 | J15: =B7*0.05 | K15: 12 Ay | L15: ✓ DÜZENLİ
B16: D2 | C16: 78 | D16: 48 | E16: 70 | H16: Kritik Eşik Güvenlik Tamponu | I16: =B7*0.30 | J16: =B7*0.03 | K16: 24 Ay | L16: ★ AVANTAJ
B17: D3 | C17: 85 | D17: 55 | E17: 80 | H17: Operasyonel Net Fark | I17: =B7*0.15 | J17: =B7*0.02 | K17: 8 Ay | L17: ● YAKLAŞAN
B18: D4 | C18: 75 | D18: 42 | E18: 75 | H18: Rezerv ve Likit Dağılım | I18: =B7*0.10 | J18: =B7*0.01 | K18: 16 Ay | L18: ✓ TAM UYUM
B19: D5 | C19: 90 | D19: 40 | E19: 85 | H19: KONSOLİDE SİSTEM TOPLAMI | I19: =TOPLA(I15:I18) | J19: =TOPLA(J15:J18) | L19: TAM DOĞRULANDI (0 HATA)
B20: D6 | C20: 96 | D20: 32 | E20: 92
B22: KONSOLİDE PAY VE AĞIRLIK | F22: LİKİDİTE RİSKİ & ERKEN UYARI SİNYALLERİ | K22: KARAR MOTORU
B23: ■ Ana Segment (%42) | F23: Nakit Açığı Riski (30 Gün) | I23: 0.00 TL (Sıfır Risk) | K23: STRATEJİK VERİMLİLİK FIRSATI
B24: ■ İkincil Grup (%30) | F24: Tahsilat Gecikme Toleransı | I24: 48 Gün Güvenli Eşik | K24: Operasyonel süreç optimizasyonu ile kârlılık artış potansiyeli tespit edildi.
B25: ■ Destek Birimi (%15) | F25: ██████████████████████████████████████ Güvenli Bölge (%100)
B26: ■ Rezervler (%13) | F26: ✓ 90 GÜNLÜK PROJEKSİYONDA NAKİT SIKIŞIKLIĞI TESPİT EDİLMEDİ | K26: STRATEJİ REÇETESİNİ İNCELE >

Sheet GİRDİLER
A1: ☰ PANO
B3: 🔍 SITE/APARTMAN YÖNETIM SISTEMI — Kayıt veya hesap ara... | G3: TOPLAM: 1.450 KAYIT | I3: HATALI HÜCRE: 0 ADET
B5: TARİH | C5: REFERANS NO | D5: İŞLEM AÇIKLAMASI VE DETAY | E5: BRÜT TUTAR (₺) | F5: KDV ORANI | G5: NET TUTAR (₺) | H5: HESAP / CARİ | I5: DURUM
B6: 12.10.2026 | C6: TR-0428-A | D6: Operasyonel ana kalem tahmini | E6: 845200 | F6: 0.2 | G6: =E6/(1+F6) | H6: Vadesiz Ticari | I6: ONAYLANDI
B7: 14.10.2026 | C7: TR-0429-B | D7: Operasyonel çıkış/maliyet tahmini | E7: 1240000 | F7: 0.2 | G7: =E7/(1+F7) | H7: Tedarikçi Havuzu | I7: BEKLEMEDE
B8: 18.10.2026 | C8: TR-0430-C | D8: Ödeme takvimi tahakkuku | E8: 620500 | F8: 0.1 | G8: =E8/(1+F8) | H8: Kısa Vade Tahakkuk | I8: ONAYLANDI
B9: 21.10.2026 | C9: TR-0431-D | D9: Müşteri işlem tahmini | E9: 415000 | F9: 0.2 | G9: =E9/(1+F9) | H9: Müşteri Alacağı | I9: ONAYLANDI
B10: 25.10.2026 | C10: TR-0432-E | D10: Ana operasyon tahmini | E10: 980400 | F10: 0.2 | G10: =E10/(1+F10) | H10: Vadesiz Ticari | I10: ONAYLANDI
B11: 28.10.2026 | C11: TR-0433-F | D11: Kredi/taksit karşılığı | E11: 1850000 | F11: 0.2 | G11: =E11/(1+F11) | H11: Finansman Havuzu | I11: BLOKE
B12: 02.11.2026 | C12: TR-0434-G | D12: Sabit gider ve yönetim notları | E12: 740000 | F12: 0.2 | G12: =E12/(1+F12) | H12: Genel Yönetim | I12: ONAYLANDI
B13: 05.11.2026 | C13: TR-0435-H | D13: Operasyonel ana kalem tahmini | E13: 520800 | F13: 0.2 | G13: =E13/(1+F13) | H13: Vadesiz Ticari | I13: ONAYLANDI
B14: 09.11.2026 | C14: TR-0436-I | D14: Müşteri işlem tahmini | E14: 1120000 | F14: 0.2 | G14: =E14/(1+F14) | H14: Müşteri Alacağı | I14: ONAYLANDI
B15: 12.11.2026 | C15: TR-0437-J | D15: Operasyonel çıkış tahmini | E15: 890000 | F15: 0.2 | G15: =E15/(1+F15) | H15: Tedarikçi Havuzu | I15: ONAYLANDI
B17: SAYFA TOPLAMI (10 / 1.450 KAYIT) | E17: =TOPLA(E6:E15)

Sheet YÖNETİM_RAPORU
A1: ☰ PANO
B2: SITE/APARTMAN YÖNETIM SISTEMI — NİHAİ KARAR VE DEĞERLEME
B3: Yönetim Kurulu ve İcra Komitesi için Otomatik Finansal Stres Testi Raporu · Site yöneticisi, yönetim kurulu, kat malikleri temsilcisi, SMMM
B4: DÖNEM: 2026 Q3 · DENETİM PROTOKOLÜ: ISO/VUK/IFRS UYUMLU · DURUM: ONAYLANDI
B6: SENARYO A: KÖTÜMSER (STRES TESTİ -%20) | H6: SENARYO B: BAZ MODEL (HEDEFLENEN)
B8: Ciro / Hacim Düşüşü: | E8: -%20.0 (Kriz Eşiği) | H8: Ciro / Hacim Gerçekleşmesi: | K8: %100.0 (Tam Bütçe)
B9: Beklenen Net Kâr / Getiri: | E9: =PANO!B7*0.8*0.22 | H9: Beklenen Net Kâr / Getiri: | K9: =PANO!H7
B10: Minimum Nakit Tamponu: | E10: =PANO!E7*0.75 | H10: Serbest Nakit Akımı: | K10: =PANO!H7*0.75
B11: Likidite Karşılama Oranı: | E11: =YUVARLA(PANO!B7*0.8/PANO!E7; 2) | H11: Yatırım Geri Dönüşü (ROI): | K11: %38.4 Yıllık
B14: STRES SENARYOSUNDA DAHİ İFLAS RİSKİ YOK | H14: OPTİMUM İCRA VE PLANLAMA REÇETESİ
B17: YÖNETİM KARAR MATRİSİ VE UYGULAMA REÇETESİ
B19: ● Öncelik 1: Acil Likidite ve Borç Servis Planlaması
B20: Sistemde hesaplanan vade günlerine sadık kalınarak nakit blokajı 3 gün önceden hazır edilmelidir.
B21: ● Öncelik 2: Formül Doğrulama ve Çapraz Sağlama
B22: Tüm hücreler kilitli formül korumasında olup girdi sayfalarında sıfır döngüsel başvuru (circular ref) garantilidir.
B23: ● Öncelik 3: Resmi Mevzuat ve Vergi Kalkanı Entegrasyonu
B24: 2026 güncel vergi dilimleri, amortisman ve SGK teşvik parametreleri tam otomatik yansıtılmaktadır.
B25: ● Öncelik 4: Yönetici İmzası ve Rapor Paylaşımı
B26: Tek tuşla PDF ve A4 çıktı formatına tam uyumlu sayfa yapısı kurgulanmıştır.

Sheet 01_YURUTME_CEKIRDEGI
A1: YÜRÜTME ÇEKİRDEĞİ — ZORUNLU ÜRETİM SIRASI
A3: Adım | B3: Modül | C3: Tetikleyici | D3: Zorunlu Kanıt | E3: GEÇTİ Kuralı | F3: Hata Durumu | G3: Sonraki Aşama
A4: 1 | B4: Excel Uygunluğu | C4: Her yeni model | D4: UYGUNLUK_KARARI | E4: Excel'in rolü açık | F4: HATA / BLOKE | G4: Yönetişim
A5: 2 | B5: Yönetişim | C5: Her model | D5: Risk seviyesi + etki girdileri | E5: Seviye hesaplandı | F5: BLOKE | G5: Sözleşmeler
A6: 3 | B6: Türk Muhasebe Eşlemesi | C6: Finansal model | D6: THP hesap eşleme tablosu | E6: Kritik satırlar THP ile uyumlu | F6: HATA | G6: Sözleşmeler
A7: 4 | B7: Veri ve Anlam Sözleşmeleri | C7: Girdi/KPI varsa | D7: Veri + KPI sözleşmeleri | E7: Kapsam %100 | F7: HATA | G7: Üretim
A8: 5 | B8: Üretim | C8: Sözleşmeler GEÇTİ | D8: Çalışan Excel | E8: Tek gerçek kaynak korunmuş | F8: HATA | G8: Testler
A9: 6 | B9: Görsel/Kullanım Katmanı | C9: Motor hazır | D9: Başlıklar + renk + grafik + yönlendirme | E9: Tüm kullanıcı sayfaları standarda uygun | F9: HATA | G9: Testler
A10: 7 | B10: Testler | C10: Üretim tamam | D10: Formül/OOXML/kimlik/oracle/golden/metamorfik | E10: Uygulanabilir hard gate'ler GEÇTİ | F10: HATA | G10: Kanıt
A11: 8 | B11: Hata-Kontrol Tutarlılığı | C11: Test sonucu var | D11: Hata taraması + kontrol sonuçları | E11: Formül hatası varken GEÇTİ yok | F11: HATA | G11: Kanıt
A12: 9 | B12: Kanıt | C12: Test sonucu var | D12: Makine okunur artefakt + özet | E12: Kanıt fiziksel ve tutarlı | F12: HATA | G12: Kullanıcı Kabulü
A13: 10 | B13: Kullanıcı Kabulü | C13: Kritik görevler | D13: Gerçek ekran davranışı | E13: Kritik görevler %100 | F13: DIŞ_KABUL_GEREKLİ | G13: Ticari
A14: 11 | B14: Ticari Değer | C14: Ürün satılacaksa | D14: ROI + demo + kanıt paketi | E14: Ekonomik değer kanıtlı | F14: UYARI / HATA | G14: Pazar Doğrulama
A15: 12 | B15: Pazar Doğrulama | C15: Pazar iddiası varsa | D15: Ücretli satış/pilot/fiyat kabul kanıtı | E15: Gerçek fiyat kabul kanıtı | F15: UYGULANMAZ / HATA | G15: Yayın

Sheet 02_KONTROL_LISTESI
A1: NİHAİ KONTROL LİSTESİ — KANITSIZ GEÇİŞ YOK
A3: Kontrol No | B3: Kontrol | C3: Beklenen | D3: Zorunlu Kapı? | E3: Sonuç
A4: K01 | B4: Kullanıcının açık talebi öncelikli mi? | C4: Evet | D4: EVET
A5: K02 | B5: Mevcut yapı, formüller ve tek gerçek kaynak korunuyor mu? | C5: Evet, değişiklik gerekçeli | D5: EVET
A6: K03 | B6: Üst aşama HATA ise alt aşama GEÇTİ engelleniyor mu? | C6: Evet | D6: EVET
A7: K04 | B7: Kanıt fiziksel çıktı ve içerik doğrulaması içeriyor mu? | C7: Evet | D7: EVET
A8: K05 | B8: Excel GUI erişimi olmadan kullanıcı görünümü GEÇTİ yazılıyor mu? | C8: Hayır | D8: EVET
A9: K06 | B9: NİHAİ yalnız GEÇTİ / gerekçeli UYGULANMAZ ile mi? | C9: Evet | D9: EVET
A10: K07 | B10: Ekonomik fiyat savunusu pazar doğrulamasından ayrılmış mı? | C10: Evet | D10: EVET
A11: K08 | B11: Prestij için gereksiz modül var mı? | C11: Hayır | D11: HAYIR
A12: K09 | B12: Excel sınırları açık mı? | C12: Evet | D12: EVET
A13: K10 | B13: Teknik kaynak korunuyor mu? | C13: Evet | D13: EVET
A14: K11 | B14: Kullanıcıya görünen tüm metinler Türkçe mi? | C14: Evet | D14: EVET
A15: K12 | B15: Her kullanıcı sayfasında üst başlık var mı? | C15: Evet | D15: EVET
... A34: K31 | B34: Premium vitrin, altyapı kadar güçlü ve satış fiyatını destekleyecek seviyede mi? | C34: Evet | D34: EVET

Sheet 03_GORSEL_TASARIM
A1: GÖRSEL TASARIM VE PREMIUM EXCEL STANDARDI
A3: Alan | B3: Zorunlu Kural | C3: Uygulama | D3: Yasak | E3: Kontrol | F3: Durum
A4: Sayfa başlığı | B4: Her kullanıcı sayfasının en üstünde tek ve açık sayfa başlığı | C4: A1'den başlayan koyu lacivert başlık bandı | D4: Başlıksız sayfa | E4: Başlık kapsama = %100 | F4: ZORUNLU
A5: Sekme renkleri | B5: Sayfalar işlevine göre renk kodlanır | C5: Girdi=mavi, hesap=gri, rapor=lacivert, kontrol=kırmızı, kılavuz=altın | D5: Rastgele renk | E5: Renk semantiği tutarlı | F5: ZORUNLU
A6: Kolon düzeni | B6: Veri blokları bitişik kolonlarda ilerler | C6: Gereksiz boş kolon bırakma; yalnız gerçek bölüm ayrımı varsa kontrollü boşluk | D6: A:C veri, D boş, E:F veri gibi parçalı yapı | E6: Boş kolon taraması | F6: ZORUNLU
A7: Girdi hücreleri | B7: Kullanıcının değiştireceği alan açıkça görünür | C7: Açık sarı dolgu + mavi yazı | D7: Formülle aynı görünüm | E7: Girdi/formül ayrımı | F7: ZORUNLU
A8: Formüller | B8: Hesap hücreleri kullanıcı girdisinden ayrılır | C8: Siyah yazı; sayfalar arası bağlantı yeşil yazı | D8: Hard-code gizleme | E8: Formül sınıfı kontrolü | F8: ZORUNLU
A9: Grafik sayısı | B9: Yönetici ekranında en fazla 3 ana karar grafiği | C9: Trend, karşılaştırma, köprü/dağılım; iş kararına bağlı | D9: Grafik kalabalığı | E9: Grafik başına karar sorusu | F9: ZORUNLU
A10: Grafik stili | B10: Kurumsal ve yüksek okunabilirlik | C10: Beyaz zemin, ince gridline, tek vurgu rengi, açık birim/başlık | D10: 3B, gölge, neon, gökkuşağı renkleri | E10: Görsel inceleme | F10: ZORUNLU
A11: Grafik başlığı | B11: Grafik 'neyi' değil 'ne anlama geldiğini' söyler | C11: Örn: 'Nakit 2028'de kritik eşiğin altına iniyor' | D11: 'Nakit Grafiği' gibi anlamsız başlık | E11: Başlık karar testi | F11: ZORUNLU
A12: Birimler | B12: Tüm finansal görsellerde birim açık | C12: TL, bin TL, milyon TL, %, gün, x | D12: Birim belirsizliği | E12: Birim kapsama %100 | F12: ZORUNLU
A13: Sıfır/negatif | B13: Finansal format standardı | C13: Sıfır='-', negatif kırmızı parantez | D13: -500 veya 0,00 kalabalığı | E13: Format kontrolü | F13: ZORUNLU
A14: Yazı tipi | B14: Tek aile | C14: Aptos veya Segoe UI | D14: Karışık font | E14: Tek font kontrolü | F14: ZORUNLU
... A22: Premium vitrin | B22: Görsel kalite ürün değerinin zorunlu parçasıdır | C22: Kaliteli grafik, gerçek KPI kartı, finansal hiyerarşi, tab rengi, fonksiyonel navigasyon | D22: Sadece doğru hesap yapıp çıplak/varsayılan Excel görünümü bırakmak | E22: Görsel release incelemesi | F22: ZORUNLU

Sheet 04_MUHASEBE_THP
A1: TÜRKİYE MUHASEBE VE TEKDÜZEN HESAP PLANI STANDARDI
A3: Konu | B3: Zorunlu Standart | C3: Örnek Türkçe Ad | D3: THP / Mantık | E3: Hata Riski | F3: Kontrol
A4: Dil | B4: Kullanıcıya görünen finansal terimler Türkçe | C4: Hasılat, Satışların Maliyeti, Brüt Kâr, Faaliyet Giderleri | D4: Türk işletme kullanımına uygun | E4: İngilizce jargon | F4: Terminoloji taraması
A5: Gelir Tablosu | B5: Türk sunum sırası kullanılır | C5: Net Satışlar → Satışların Maliyeti → Brüt Kâr → Faaliyet Giderleri → Faaliyet Kârı | D5: 600/610/611; 620-623; 63x | E5: Yanlış sınıflama | F5: Hesap eşleme
A6: Bilanço | B6: Dönen/Duran Varlık ve Kısa/Uzun Vadeli Yükümlülük ayrımı | C6: Hazır Değerler, Ticari Alacaklar, Stoklar, Mali Borçlar | D6: 1xx / 2xx / 3xx / 4xx / 5xx | E6: Vade sınıfı hatası | F6: Bilanço eşitliği
A7: Nakit Akışı | B7: İşletme/Yatırım/Finansman nakit akışları ayrılır | C7: Faaliyetlerden Nakit, Yatırım Harcamaları, Finansman Nakit Akışı | D7: Dolaylı/doğrudan yöntem açık seçilir | E7: Kâr = nakit sanılması | F7: Nakit devri
A8: Ticari Alacaklar | B8: Cari ve vade mantığı korunur | C8: 120 Alıcılar | D8: 120 | E8: Tahakkuk/nakit karışması | F8: Alacak devir kontrolü
A9: Ticari Borçlar | B9: Tedarikçi borcu ayrı izlenir | C9: 320 Satıcılar | D9: 320 | E9: Gider/ödeme karışması | F9: Borç devir kontrolü
A10: Kasa/Banka | B10: Hazır değerler ayrı izlenir | C10: 100 Kasa, 102 Bankalar | D10: 100 / 102 | E10: Virmanla toplam nakdin değişmesi | F10: Virman değişmezi
A11: Stok | B11: Dikeye uygun stok türü | C11: 150 İlk Madde ve Malzeme, 153 Ticari Mallar | D11: 15x | E11: Maliyet ve stok hareketinin kopması | F11: Stok devri
A12: Maddi Duran Varlık | B12: Yatırım harcaması ve amortisman bağlantılı | C12: 253 Tesis Makine Cihazlar, 255 Demirbaşlar, 257 Birikmiş Amortismanlar | D12: 25x | E12: Yatırım/gider karışması | F12: Net defter değeri devri
A13: Mali Borçlar | B13: Kısa/uzun vadeli borç ayrımı | C13: 300 Banka Kredileri / 400 Banka Kredileri | D13: 300 / 400 | E13: Vade sınıfı yanlış | F13: Borç devri
A14: Özkaynak | B14: Sermaye ve geçmiş yıl kârları ayrı | C14: 500 Sermaye, 570 Geçmiş Yıllar Kârları, 590 Dönem Net Kârı | D14: 5xx | E14: Net kâr bağının kopması | F14: Özkaynak devri
... A18: İstisna | B18: TFRS özel ürün varsa fark açık yazılır | C18: Tekdüzen raporlama ≠ TFRS finansal tablo sunumu | D18: Amaç belirtilir | E18: Standartları karıştırma | F18: Model amacı kontrolü

Sheet 05_KARAR_SATIS
A1: KARAR, GÜVEN VE SATIŞA HAZIRLIK STANDARDI
A3: Alan | B3: Müşteri Sorusu | C3: Zorunlu Ürün Davranışı | D3: Kanıt | E3: Başarısızlık Durumu | F3: Kapı
A4: 5 saniye | B4: Bu ürün neyi çözüyor? | C4: İlk ekranda hedef kullanıcı + pahalı problem + sonuç görünür | D4: Başlık + alt mesaj + gerçek ekran | E4: Ürün yalnız teknik isim | F4: HATA
A5: Acı | B5: Sorun bana neye mal oluyor? | C5: Mümkünse müşterinin kendi verisiyle parasal/zaman etkisi hesaplanır | D5: ROI/acı hesaplama yöntemi | E5: Uydurma tasarruf | F5: HATA
A6: Karar | B6: Bu bilgiyle ne yapacağım? | C6: Her kritik KPI aksiyona bağlanır | D6: KARAR_KUYRUGU | E6: Sadece rapor | F6: HATA
A7: Güven | B7: Bu sayıya neden inanayım? | C7: Kaynak, formül mantığı, kontrol ve son doğrulama görünür | D7: Kontroller + kaynak izi + sürüm | E7: Prestij kelimesi | F7: HATA
A8: Referans | B8: Müşteri yorumu yoksa ne göstereceğim? | C8: Önce/Sonra + Karar Vakası + Hata Önleme Vakası üretilir | D8: Demo/örnek çıktı | E8: Kanıtsız iddia | F8: HATA
A9: Senaryo | B9: Ne olursa işler bozulur? | C9: Baz/Aşağı/Yukarı veya uygun stres senaryosu | D9: Senaryo karşılaştırma | E9: Dekoratif senaryo | F9: HATA
A10: Ters stres | B10: Hangi eşikte karar kırılır? | C10: En az bir kritik sürücü için kırılma eşiği | D10: Kırılma eşiği tablosu | E10: Sadece +/- %10 | F10: UYARI/HATA
A11: Hata tutarlılığı | B11: Formül hata verirse ne olur? | C11: Kontrol GEÇTİ veremez; BLOKE/HATA üretir | D11: Hata taraması | E11: Hata + GEÇTİ birlikte | F11: HATA
A12: Karar motoru | B12: Ne oldu, neden oldu? | C12: Sorun + neden + parasal etki + aksiyon + son tarih | D12: Karar tablosu | E12: Boş sayfa / isim düzeyi modül | F12: HATA
A13: Yönetici özeti | B13: 5 saniyede ne görmeliyim? | C13: Bugün / ne değişti / ne bozulacak / neden / ne yapmalıyım / güven | D13: Yönetici özeti ekranı | E13: KPI kutusu yığını | F13: HATA
A14: Teklif | B14: Neden satın almalıyım? | C14: Dosya özellikleri yerine sonuç ve kaçınılan maliyet sunulur | D14: Ürün sayfası kanıt eşlemesi | E14: Özellik listesiyle satış | F14: HATA
... A19: Pazar kanıtı | B19: Piyasa gerçekten ödüyor mu? | C19: Satış/pilot/LOI/fiyat kabulü olmadan pazar doğrulandı yazılmaz | D19: Gerçek işlem kanıtı | E19: Tahmini talep = satış kabulü | F19: HATA

Sheet KAPAK
A1: KAPAK — Site/Apartman Yönetim Sistemi
A3: Site/Apartman Yönetim Sistemi
A4: Aidat borçlandırma ve tahsilatı eşleştirin; icap kuyruğunu yönetin; genel kurula sunulacak dönem kanıt raporunu üretin (KMK md.20).
A6: Bu ürün ne sağlar?
A7: • Borç↔tahsilat dört kova mutabakatı — sapmada kök neden + TANIMSIZ kova
A8: • İcap durum makinesi: Açık → Hatırlatma → İcap → Tahsil/Kapalı
A9: • KMK md.20 gecikme zammı oranı AYARLAR'dan; gömülü sabit yok
A10: • Bütçe vs gerçekleşen gider + genel kurul karar defteri
A11: • Makrosuz, çevrimdışı; site yazılımı / API bağı yok
A13: Kimler için?
A14: • Site yöneticisi — aidat, tahsilat, icap girişi
A15: • Kat malikleri / yönetim kurulu — PANO karar özeti
... A19: Başlamak: HIZLI_BASLANGIC → GIRDI → PAYDASLAR → DONEMLER → TAHSILAT → PANO

Sheet HIZLI_BASLANGIC
A1: HIZLI BASLANGIC — Site/Apartman Yönetim Sistemi
A3: 3 adımda başlayın
A5: 1. Paydaşlar | B5: PAYDASLAR sayfasında malik kimliklerini girin (sarı hücreler).
A6: 2. Borç & tahsilat | B6: DONEMLER'de aidat borçlandırın; TAHSILAT'ta ödemeleri girin.
A7: 3. Karar | B7: PANO ve KARAR'da tahsilat oranı + icap kuyruğunu okuyun.
A9: Anlık karar kapısı
A10: Karar | B10: =say_kararKapi
A11: Tahsilat oranı | B11: =say_tahsilatOrani
A12: Kasa bakiyesi | B12: =say_kasaBakiye

Sheet GIRDI
A1: GIRDI — Site/Apartman Yönetim Sistemi
A3: Site ve dönem parametreleri
A4: Alan | B4: Değer
A5: Site adı | B5: Güneş Sitesi
A6: Bağımsız bölüm sayısı | B6: 48
A7: Dönem kodu | B7: 2026-08
A8: Aylık aidat tabanı (TL) | B8: 2500
A9: Hedef tahsilat oranı | B9: 0.92
A10: İcap eşiği (gün) | B10: 30
A11: Bütçe ayı gider tavanı | B11: 80000
A12: Senaryo çarpanı | B12: 1

Sheet PAYDASLAR
A1: PAYDASLAR — Site/Apartman Yönetim Sistemi
A3: Malik / paydaş kartları — ID disiplini (bakiye türetilir)
A5: MalikId | B5: BagimsizBolum | C5: AdSoyad | D5: PayKatsayi | E5: Aktif | F5: BorcToplam | G5: TahsilToplam | H5: Bakiye | I5: KayitDolu | J5: MotorAdim
A6: MLK-001 | B6: A Blok 1 | C6: Ayşe Yılmaz | D6: 1 | E6: EVET | F6: =IF($A6="","",SUMIF(tblDonem[MalikId],$A6,tblDonem[BorcTutari])) | G6: =IF($A6="","",SUMIF(tblTahsilat[MalikId],$A6,tblTahsilat[OdemeTutari])) | H6: =IF($A6="","",$F6-$G6) | I6: =IF($A6="","",1) | J6: =IF($A6="","",($H6>0)+($E6="EVET"))
A7: MLK-002 | B7: A Blok 2 | C7: Mehmet Demir | D7: 1 | E7: EVET | F7: =IF($A7="","",SUMIF(tblDonem[MalikId],$A7,tblDonem[BorcTutari])) | G7: =IF($A7="","",SUMIF(tblTahsilat[MalikId],$A7,tblTahsilat[OdemeTutari])) | H7: =IF($A7="","",$F7-$G7) | I7: =IF($A7="","",1) | J7: =IF($A7="","",($H7>0)+($E7="EVET"))
A8: MLK-003 | B8: A Blok 3 | C8: Zeynep Kaya | D8: 1 | E8: EVET | F8: =IF($A8="","",SUMIF(tblDonem[MalikId],$A8,tblDonem[BorcTutari])) | G8: =IF($A8="","",SUMIF(tblTahsilat[MalikId],$A8,tblTahsilat[OdemeTutari])) | H8: =IF($A8="","",$F8-$G8) | I8: =IF($A8="","",1) | J8: =IF($A8="","",($H8>0)+($E8="EVET"))
A9: MLK-004 | B9: B Blok 1 | C9: Ali Çelik | D9: 1.2 | E9: EVET | F9: =IF($A9="","",SUMIF(tblDonem[MalikId],$A9,tblDonem[BorcTutari])) | G9: =IF($A9="","",SUMIF(tblTahsilat[MalikId],$A9,tblTahsilat[OdemeTutari])) | H9: =IF($A9="","",$F9-$G9) | I9: =IF($A9="","",1) | J9: =IF($A9="","",($H9>0)+($E9="EVET"))
A10: MLK-005 | B10: B Blok 2 | C10: Fatma Şahin | D10: 1 | E10: EVET | F10: =IF($A10="","",SUMIF(tblDonem[MalikId],$A10,tblDonem[BorcTutari])) | G10: =IF($A10="","",SUMIF(tblTahsilat[MalikId],$A10,tblTahsilat[OdemeTutari])) | H10: =IF($A10="","",$F10-$G10) | I10: =IF($A10="","",1) | J10: =IF($A10="","",($H10>0)+($E10="EVET"))
A11: MLK-006 | B11: B Blok 3 | C11: Hasan Aydın | D11: 1 | E11: HAYIR | F11: =IF($A11="","",SUMIF(tblDonem[MalikId],$A11,tblDonem[BorcTutari])) | G11: =IF($A11="","",SUMIF(tblTahsilat[MalikId],$A11,tblTahsilat[OdemeTutari])) | H11: =IF($A11="","",$F11-$G11) | I11: =IF($A11="","",1) | J11: =IF($A11="","",($H11>0)+($E11="EVET"))
A12: MLK-007 | B12: C Blok 1 | C12: Elif Arslan | D12: 1.5 | E12: EVET | F12: =IF($A12="","",SUMIF(tblDonem[MalikId],$A12,tblDonem[BorcTutari])) | G12: =IF($A12="","",SUMIF(tblTahsilat[MalikId],$A12,tblTahsilat[OdemeTutari])) | H12: =IF($A12="","",$F12-$G12) | I12: =IF($A12="","",1) | J12: =IF($A12="","",($H12>0)+($E12="EVET"))
A13: MLK-008 | B13: C Blok 2 | C13: Mustafa Öztürk | D13: 1 | E13: EVET | F13: =IF($A13="","",SUMIF(tblDonem[MalikId],$A13,tblDonem[BorcTutari])) | G13: =IF($A13="","",SUMIF(tblTahsilat[MalikId],$A13,tblTahsilat[OdemeTutari])) | H13: =IF($A13="","",$F13-$G13) | I13: =IF($A13="","",1) | J13: =IF($A13="","",($H13>0)+($E13="EVET"))
A14: MLK-009 | B14: C Blok 3 | C14: Selin Koç | D14: 1 | E14: EVET | F14: =IF($A14="","",SUMIF(tblDonem[MalikId],$A14,tblDonem[BorcTutari])) | G14: =IF($A14="","",SUMIF(tblTahsilat[MalikId],$A14,tblTahsilat[OdemeTutari])) | H14: =IF($A14="","",$F14-$G14) | I14: =IF($A14="","",1) | J14: =IF($A14="","",($H14>0)+($E14="EVET"))
A15: MLK-010 | B15: D Blok 1 | C15: Emre Yıldız | D15: 1 | E15: EVET | F15: =IF($A15="","",SUMIF(tblDonem[MalikId],$A15,tblDonem[BorcTutari])) | G15: =IF($A15="","",SUMIF(tblTahsilat[MalikId],$A15,tblTahsilat[OdemeTutari])) | H15: =IF($A15="","",$F15-$G15) | I15: =IF($A15="","",1) | J15: =IF($A15="","",($H15>0)+($E15="EVET"))
A16: MLK-011 | B16: D Blok 2 | C16: Deniz Acar | D16: 1 | E16: EVET | F16: =IF($A16="","",SUMIF(tblDonem[MalikId],$A16,tblDonem[BorcTutari])) | G16: =IF($A16="","",SUMIF(tblTahsilat[MalikId],$A16,tblTahsilat[OdemeTutari])) | H16: =IF($A16="","",$F16-$G16) | I16: =IF($A16="","",1) | J16: =IF($A16="","",($H16>0)+($E16="EVET"))
A17: MLK-012 | B17: D Blok 3 | C17: Burak Polat | D17: 1 | E17: EVET | F17: =IF($A17="","",SUMIF(tblDonem[MalikId],$A17,tblDonem[BorcTutari])) | G17: =IF($A17="","",SUMIF(tblTahsilat[MalikId],$A17,tblTahsilat[OdemeTutari])) | H17: =IF($A17="","",$F17-$G17) | I17: =IF($A17="","",1) | J17: =IF($A17="","",($H17>0)+($E17="EVET"))
F18: =IF($A18="","",SUMIF(tblDonem[MalikId],$A18,tblDonem[BorcTutari])) | G18: =IF($A18="","",SUMIF(tblTahsilat[MalikId],$A18,tblTahsilat[OdemeTutari])) | H18: =IF($A18="","",$F18-$G18) | I18: =IF($A18="","",1) | J18: =IF($A18="","",($H18>0)+($E18="EVET"))
F19: =IF($A19="","",SUMIF(tblDonem[MalikId],$A19,tblDonem[BorcTutari])) | G19: =IF($A19="","",SUMIF(tblTahsilat[MalikId],$A19,tblTahsilat[OdemeTutari])) | H19: =IF($A19="","",$F19-$G19) | I19: =IF($A19="","",1) | J19: =IF($A19="","",($H19>0)+($E19="EVET"))
F20: =IF($A20="","",SUMIF(tblDonem[MalikId],$A20,tblDonem[BorcTutari])) | G20: =IF($A20="","",SUMIF(tblTahsilat[MalikId],$A20,tblTahsilat[OdemeTutari])) | H20: =IF($A20="","",$F20-$G20) | I20: =IF($A20="","",1) | J20: =IF($A20="","",($H20>0)+($E20="EVET"))
F21: =IF($A21="","",SUMIF(tblDonem[MalikId],$A21,tblDonem[BorcTutari])) | G21: =IF($A21="","",SUMIF(tblTahsilat[MalikId],$A21,tblTahsilat[OdemeTutari])) | H21: =IF($A21="","",$F21-$G21) | I21: =IF($A21="","",1) | J21: =IF($A21="","",($H21>0)+($E21="EVET"))
F22: =IF($A22="","",SUMIF(tblDonem[MalikId],$A22,tblDonem[BorcTutari])) | G22: =IF($A22="","",SUMIF(tblTahsilat[MalikId],$A22,tblTahsilat[OdemeTutari])) | H22: =IF($A22="","",$F22-$G22) | I22: =IF($A22="","",1) | J22: =IF($A22="","",($H22>0)+($E22="EVET"))
F23: =IF($A23="","",SUMIF(tblDonem[MalikId],$A23,tblDonem[BorcTutari])) | G23: =IF($A23="","",SUMIF(tblTahsilat[MalikId],$A23,tblTahsilat[OdemeTutari])) | H23: =IF($A23="","",$F23-$G23) | I23: =IF($A23="","",1) | J23: =IF($A23="","",($H23>0)+($E23="EVET"))
F24: =IF($A24="","",SUMIF(tblDonem[MalikId],$A24,tblDonem[BorcTutari])) | G24: =IF($A24="","",SUMIF(tblTahsilat[MalikId],$A24,tblTahsilat[OdemeTutari])) | H24: =IF($A24="","",$F24-$G24) | I24: =IF($A24="","",1) | J24: =IF($A24="","",($H24>0)+($E24="EVET"))
F25: =IF($A25="","",SUMIF(tblDonem[MalikId],$A25,tblDonem[BorcTutari])) | G25: =IF($A25="","",SUMIF(tblTahsilat[MalikId],$A25,tblTahsilat[OdemeTutari])) | H25: =IF($A25="","",$F25-$G25) | I25: =IF($A25="","",1) | J25: =IF($A25="","",($H25>0)+($E25="EVET"))
F26: =IF($A26="","",SUMIF(tblDonem[MalikId],$A26,tblDonem[BorcTutari])) | G26: =IF($A26="","",SUMIF(tblTahsilat[MalikId],$A26,tblTahsilat[OdemeTutari])) | H26: =IF($A26="","",$F26-$G26) | I26: =IF($A26="","",1) | J26: =IF($A26="","",($H26>0)+($E26="EVET"))
F27: =IF($A27="","",SUMIF(tblDonem[MalikId],$A27,tblDonem[BorcTutari])) | G27: =IF($A27="","",SUMIF(tblTahsilat[MalikId],$A27,tblTahsilat[OdemeTutari])) | H27: =IF($A27="","",$F27-$G27) | I27: =IF($A27="","",1) | J27: =IF($A27="","",($H27>0)+($E27="EVET"))
F28: =IF($A28="","",SUMIF(tblDonem[MalikId],$A28,tblDonem[BorcTutari])) | G28: =IF($A28="","",SUMIF(tblTahsilat[MalikId],$A28,tblTahsilat[OdemeTutari])) | H28: =IF($A28="","",$F28-$G28) | I28: =IF($A28="","",1) | J28: =IF($A28="","",($H28>0)+($E28="EVET"))
F29: =IF($A29="","",SUMIF(tblDonem[MalikId],$A29,tblDonem[BorcTutari])) | G29: =IF($A29="","",SUMIF(tblTahsilat[MalikId],$A29,tblTahsilat[OdemeTutari])) | H29: =IF($A29="","",$F29-$G29) | I29: =IF($A29="","",1) | J29: =IF($A29="","",($H29>0)+($E29="EVET"))
... F86: =IF($A86="","",SUMIF(tblDonem[MalikId],$A86,tblDonem[BorcTutari])) | G86: =IF($A86="","",SUMIF(tblTahsilat[MalikId],$A86,tblTahsilat[OdemeTutari])) | H86: =IF($A86="","",$F86-$G86) | I86: =IF($A86="","",1) | J86: =IF($A86="","",($H86>0)+($E86="EVET"))

Sheet DONEMLER
A1: DONEMLER — Site/Apartman Yönetim Sistemi
A3: Dönem borçlandırma motoru — aidat + gecikme zammı tabanı
A5: BorcId | B5: MalikId | C5: Donem | D5: BorcTutari | E5: VadeTarihi | F5: HamAnahtar | G5: GecikmeGun | H5: ZamTutari | I5: ToplamBorc | J5: MotorAdim
A6: BRC-001 | B6: MLK-001 | C6: 2026-07 | D6: 2700 | E6: 46213 | F6: =IF($B6="","",UPPER(TRIM(SUBSTITUTE($B6&$C6," ","")))) | G6: =IF($A6="","",IF($E6="","",raporTarihi-$E6)) | H6: =IF($A6="","",IF($G6>say_icapEsikGun,ROUND($D6*say_gecikmeZammi,2),0)) | I6: =IF($A6="","",$D6+$H6) | J6: =IF($A6="","",($H6>0)+1)
A7: BRC-002 | B7: MLK-002 | C7: 2026-07 | D7: 2900 | E7: 46213 | F7: =IF($B7="","",UPPER(TRIM(SUBSTITUTE($B7&$C7," ","")))) | G7: =IF($A7="","",IF($E7="","",raporTarihi-$E7)) | H7: =IF($A7="","",IF($G7>say_icapEsikGun,ROUND($D7*say_gecikmeZammi,2),0)) | I7: =IF($A7="","",$D7+$H7) | J7: =IF($A7="","",($H7>0)+1)
A8: BRC-003 | B8: MLK-003 | C8: 2026-07 | D8: 2700 | E8: 46213 | F8: =IF($B8="","",UPPER(TRIM(SUBSTITUTE($B8&$C8," ","")))) | G8: =IF($A8="","",IF($E8="","",raporTarihi-$E8)) | H8: =IF($A8="","",IF($G8>say_icapEsikGun,ROUND($D8*say_gecikmeZammi,2),0)) | I8: =IF($A8="","",$D8+$H8) | J8: =IF($A8="","",($H8>0)+1)
A9: BRC-004 | B9: MLK-004 | C9: 2026-07 | D9: 2700 | E9: 46213 | F9: =IF($B9="","",UPPER(TRIM(SUBSTITUTE($B9&$C9," ","")))) | G9: =IF($A9="","",IF($E9="","",raporTarihi-$E9)) | H9: =IF($A9="","",IF($G9>say_icapEsikGun,ROUND($D9*say_gecikmeZammi,2),0)) | I9: =IF($A9="","",$D9+$H9) | J9: =IF($A9="","",($H9>0)+1)
A10: BRC-005 | B10: MLK-005 | C10: 2026-07 | D10: 2900 | E10: 46213 | F10: =IF($B10="","",UPPER(TRIM(SUBSTITUTE($B10&$C10," ","")))) | G10: =IF($A10="","",IF($E10="","",raporTarihi-$E10)) | H10: =IF($A10="","",IF($G10>say_icapEsikGun,ROUND($D10*say_gecikmeZammi,2),0)) | I10: =IF($A10="","",$D10+$H10) | J10: =IF($A10="","",($H10>0)+1)
A11: BRC-006 | B11: MLK-006 | C11: 2026-07 | D11: 2500 | E11: 46213 | F11: =IF($B11="","",UPPER(TRIM(SUBSTITUTE($B11&$C11," ","")))) | G11: =IF($A11="","",IF($E11="","",raporTarihi-$E11)) | H11: =IF($A11="","",IF($G11>say_icapEsikGun,ROUND($D11*say_gecikmeZammi,2),0)) | I11: =IF($A11="","",$D11+$H11) | J11: =IF($A11="","",($H11>0)+1)
A12: BRC-007 | B12: MLK-007 | C12: 2026-07 | D12: 2700 | E12: 46213 | F12: =IF($B12="","",UPPER(TRIM(SUBSTITUTE($B12&$C12," ","")))) | G12: =IF($A12="","",IF($E12="","",raporTarihi-$E12)) | H12: =IF($A12="","",IF($G12>say_icapEsikGun,ROUND($D12*say_gecikmeZammi,2),0)) | I12: =IF($A12="","",$D12+$H12) | J12: =IF($A12="","",($H12>0)+1)
A13: BRC-008 | B13: MLK-008 | C13: 2026-07 | D13: 2900 | E13: 46213 | F13: =IF($B13="","",UPPER(TRIM(SUBSTITUTE($B13&$C13," ","")))) | G13: =IF($A13="","",IF($E13="","",raporTarihi-$E13)) | H13: =IF($A13="","",IF($G13>say_icapEsikGun,ROUND($D13*say_gecikmeZammi,2),0)) | I13: =IF($A13="","",$D13+$H13) | J13: =IF($A13="","",($H13>0)+1)
A14: BRC-009 | B14: MLK-009 | C14: 2026-07 | D14: 2500 | E14: 46213 | F14: =IF($B14="","",UPPER(TRIM(SUBSTITUTE($B14&$C14," ","")))) | G14: =IF($A14="","",IF($E14="","",raporTarihi-$E14)) | H14: =IF($A14="","",IF($G14>say_icapEsikGun,ROUND($D14*say_gecikmeZammi,2),0)) | I14: =IF($A14="","",$D14+$H14) | J14: =IF($A14="","",($H14>0)+1)
A15: BRC-010 | B15: MLK-010 | C15: 2026-07 | D15: 2700 | E15: 46213 | F15: =IF($B15="","",UPPER(TRIM(SUBSTITUTE($B15&$C15," ","")))) | G15: =IF($A15="","",IF($E15="","",raporTarihi-$E15)) | H15: =IF($A15="","",IF($G15>say_icapEsikGun,ROUND($D15*say_gecikmeZammi,2),0)) | I15: =IF($A15="","",$D15+$H15) | J15: =IF($A15="","",($H15>0)+1)
A16: BRC-011 | B16: MLK-001 | C16: 2026-08 | D16: 2950 | E16: 46244 | F16: =IF($B16="","",UPPER(TRIM(SUBSTITUTE($B16&$C16," ","")))) | G16: =IF($A16="","",IF($E16="","",raporTarihi-$E16)) | H16: =IF($A16="","",IF($G16>say_icapEsikGun,ROUND($D16*say_gecikmeZammi,2),0)) | I16: =IF($A16="","",$D16+$H16) | J16: =IF($A16="","",($H16>0)+1)
A17: BRC-012 | B17: MLK-002 | C17: 2026-08 | D17: 2500 | E17: 46244 | F17: =IF($B17="","",UPPER(TRIM(SUBSTITUTE($B17&$C17," ","")))) | G17: =IF($A17="","",IF($E17="","",raporTarihi-$E17)) | H17: =IF($A17="","",IF($G17>say_icapEsikGun,ROUND($D17*say_gecikmeZammi,2),0)) | I17: =IF($A17="","",$D17+$H17) | J17: =IF($A17="","",($H17>0)+1)
... A25: BRC-026 | B25: MLK-012 | C25: 2026-08 | D25: 2550 | E25: 46244 | F25: =IF($B25="","",UPPER(TRIM(SUBSTITUTE($B25&$C25," ","")))) | G25: =IF($A25="","",IF($E25="","",raporTarihi-$E25)) | H25: =IF($A25="","",IF($G25>say_icapEsikGun,ROUND($D25*say_gecikmeZammi,2),0)) | I25: =IF($A25="","",$D25+$H25) | J25: =IF($A25="","",($H25>0)+1)
F26: =IF($B26="","",UPPER(TRIM(SUBSTITUTE($B26&$C26," ","")))) | G26: =IF($A26="","",IF($E26="","",raporTarihi-$E26)) | H26: =IF($A26="","",IF($G26>say_icapEsikGun,ROUND($D26*say_gecikmeZammi,2),0)) | I26: =IF($A26="","",$D26+$H26) | J26: =IF($A26="","",($H26>0)+1)
F27: =IF($B27="","",UPPER(TRIM(SUBSTITUTE($B27&$C27," ","")))) | G27: =IF($A27="","",IF($E27="","",raporTarihi-$E27)) | H27: =IF($A27="","",IF($G27>say_icapEsikGun,ROUND($D27*say_gecikmeZammi,2),0)) | I27: =IF($A27="","",$D27+$H27) | J27: =IF($A27="","",($H27>0)+1)
F28: =IF($B28="","",UPPER(TRIM(SUBSTITUTE($B28&$C28," ","")))) | G28: =IF($A28="","",IF($E28="","",raporTarihi-$E28)) | H28: =IF($A28="","",IF($G28>say_icapEsikGun,ROUND($D28*say_gecikmeZammi,2),0)) | I28: =IF($A28="","",$D28+$H28) | J28: =IF($A28="","",($H28>0)+1)
F29: =IF($B29="","",UPPER(TRIM(SUBSTITUTE($B29&$C29," ","")))) | G29: =IF($A29="","",IF($E29="","",raporTarihi-$E29)) | H29: =IF($A29="","",IF($G29>say_icapEsikGun,ROUND($D29*say_gecikmeZammi,2),0)) | I29: =IF($A29="","",$D29+$H29) | J29: =IF($A29="","",($H29>0)+1)
F30: =IF($B30="","",UPPER(TRIM(SUBSTITUTE($B30&$C30," ","")))) | G30: =IF($A30="","",IF($E30="","",raporTarihi-$E30)) | H30: =IF($A30="","",IF($G30>say_icapEsikGun,ROUND($D30*say_gecikmeZammi,2),0)) | I30: =IF($A30="","",$D30+$H30) | J30: =IF($A30="","",($H30>0)+1)
F31: =IF($B31="","",UPPER(TRIM(SUBSTITUTE($B31&$C31," ","")))) | G31: =IF($A31="","",IF($E31="","",raporTarihi-$E31)) | H31: =IF($A31="","",IF($G31>say_icapEsikGun,ROUND($D31*say_gecikmeZammi,2),0)) | I31: =IF($A31="","",$D31+$H31) | J31: =IF($A31="","",($H31>0)+1)
F32: =IF($B32="","",UPPER(TRIM(SUBSTITUTE($B32&$C32," ","")))) | G32: =IF($A32="","",IF($E32="","",raporTarihi-$E32)) | H32: =IF($A32="","",IF($G32>say_icapEsikGun,ROUND($D32*say_gecikmeZammi,2),0)) | I32: =IF($A32="","",$D32+$H32) | J32: =IF($A32="","",($H32>0)+1)
F33: =IF($B33="","",UPPER(TRIM(SUBSTITUTE($B33&$C33," ","")))) | G33: =IF($A33="","",IF($E33="","",raporTarihi-$E33)) | H33: =IF($A33="","",IF($G33>say_icapEsikGun,ROUND($D33*say_gecikmeZammi,2),0)) | I33: =IF($A33="","",$D33+$H33) | J33: =IF($A33="","",($H33>0)+1)
F34: =IF($B34="","",UPPER(TRIM(SUBSTITUTE($B34&$C34," ","")))) | G34: =IF($A34="","",IF($E34="","",raporTarihi-$E34)) | H34: =IF($A34="","",IF($G34>say_icapEsikGun,ROUND($D34*say_gecikmeZammi,2),0)) | I34: =IF($A34="","",$D34+$H34) | J34: =IF($A34="","",($H34>0)+1)
F35: =IF($B35="","",UPPER(TRIM(SUBSTITUTE($B35&$C35," ","")))) | G35: =IF($A35="","",IF($E35="","",raporTarihi-$E35)) | H35: =IF($A35="","",IF($G35>say_icapEsikGun,ROUND($D35*say_gecikmeZammi,2),0)) | I35: =IF($A35="","",$D35+$H35) | J35: =IF($A35="","",($H35>0)+1)
F36: =IF($B36="","",UPPER(TRIM(SUBSTITUTE($B36&$C36," ","")))) | G36: =IF($A36="","",IF($E36="","",raporTarihi-$E36)) | H36: =IF($A36="","",IF($G36>say_icapEsikGun,ROUND($D36*say_gecikmeZammi,2),0)) | I36: =IF($A36="","",$D36+$H36) | J36: =IF($A36="","",($H36>0)+1)
F37: =IF($B37="","",UPPER(TRIM(SUBSTITUTE($B37&$C37," ","")))) | G37: =IF($A37="","",IF($E37="","",raporTarihi-$E37)) | H37: =IF($A37="","",IF($G37>say_icapEsikGun,ROUND($D37*say_gecikmeZammi,2),0)) | I37: =IF($A37="","",$D37+$H37) | J37: =IF($A37="","",($H37>0)+1)
... F86: =IF($B86="","",UPPER(TRIM(SUBSTITUTE($B86&$C86," ","")))) | G86: =IF($A86="","",IF($E86="","",raporTarihi-$E86)) | H86: =IF($A86="","",IF($G86>say_icapEsikGun,ROUND($D86*say_gecikmeZammi,2),0)) | I86: =IF($A86="","",$D86+$H86) | J86: =IF($A86="","",($H86>0)+1)

Sheet TAHSILAT
A1: TAHSILAT — Site/Apartman Yönetim Sistemi
A3: Ödeme girişi — eşleştirme motoruna besleme
A5: OdemeId | B5: MalikId | C5: Donem | D5: OdemeTutari | E5: OdemeTarihi | F5: HamAnahtar | G5: KaynakKartId | H5: MotorAdim
A6: ODM-001 | B6: MLK-001 | C6: 2026-07 | D6: 2700 | E6: 46219 | F6: =IF($B6="","",UPPER(TRIM(SUBSTITUTE($B6&$C6," ","")))) | G6: =IF($A6="","",$B6) | H6: =IF($A6="","",1)
A7: ODM-002 | B7: MLK-002 | C7: 2026-07 | D7: 2900 | E7: 46220 | F7: =IF($B7="","",UPPER(TRIM(SUBSTITUTE($B7&$C7," ","")))) | G7: =IF($A7="","",$B7) | H7: =IF($A7="","",1)
A8: ODM-003 | B8: MLK-003 | C8: 2026-07 | D8: 2700 | E8: 46221 | F8: =IF($B8="","",UPPER(TRIM(SUBSTITUTE($B8&$C8," ","")))) | G8: =IF($A8="","",$B8) | H8: =IF($A8="","",1)
A9: ODM-004 | B9: MLK-004 | C9: 2026-07 | D9: 2700 | E9: 46222 | F9: =IF($B9="","",UPPER(TRIM(SUBSTITUTE($B9&$C9," ","")))) | G9: =IF($A9="","",$B9) | H9: =IF($A9="","",1)
A10: ODM-005 | B10: MLK-005 | C10: 2026-07 | D10: 2850 | E10: 46223 | F10: =IF($B10="","",UPPER(TRIM(SUBSTITUTE($B10&$C10," ","")))) | G10: =IF($A10="","",$B10) | H10: =IF($A10="","",1)
A11: ODM-006 | B11: MLK-006 | C11: 2026-07 | D11: 2500 | E11: 46224 | F11: =IF($B11="","",UPPER(TRIM(SUBSTITUTE($B11&$C11," ","")))) | G11: =IF($A11="","",$B11) | H11: =IF($A11="","",1)
A12: ODM-007 | B12: MLK-007 | C12: 2026-07 | D12: 2700 | E12: 46225 | F12: =IF($B12="","",UPPER(TRIM(SUBSTITUTE($B12&$C12," ","")))) | G12: =IF($A12="","",$B12) | H12: =IF($A12="","",1)
A13: ODM-008 | B13: MLK-008 | C13: 2026-07 | D13: 2900 | E13: 46226 | F13: =IF($B13="","",UPPER(TRIM(SUBSTITUTE($B13&$C13," ","")))) | G13: =IF($A13="","",$B13) | H13: =IF($A13="","",1)
A14: ODM-009 | B14: MLK-009 | C14: 2026-07 | D14: 2450 | E14: 46227 | F14: =IF($B14="","",UPPER(TRIM(SUBSTITUTE($B14&$C14," ","")))) | G14: =IF($A14="","",$B14) | H14: =IF($A14="","",1)
A15: ODM-010 | B15: MLK-010 | C15: 2026-07 | D15: 2700 | E15: 46228 | F15: =IF($B15="","",UPPER(TRIM(SUBSTITUTE($B15&$C15," ","")))) | G15: =IF($A15="","",$B15) | H15: =IF($A15="","",1)
A16: ODM-011 | B16: MLK-001 | C16: 2026-08 | D16: 2950 | E16: 46229 | F16: =IF($B16="","",UPPER(TRIM(SUBSTITUTE($B16&$C16," ","")))) | G16: =IF($A16="","",$B16) | H16: =IF($A16="","",1)
A17: ODM-012 | B17: MLK-002 | C17: 2026-08 | D17: 2500 | E17: 46230 | F17: =IF($B17="","",UPPER(TRIM(SUBSTITUTE($B17&$C17," ","")))) | G17: =IF($A17="","",$B17) | H17: =IF($A17="","",1)
... A21: ODM-022 | B21: MLK-999 | C21: 2026-08 | D21: 2500 | E21: 46239 | F21: =IF($B21="","",UPPER(TRIM(SUBSTITUTE($B21&$C21," ","")))) | G21: =IF($A21="","",$B21) | H21: =IF($A21="","",1)
F22: =IF($B22="","",UPPER(TRIM(SUBSTITUTE($B22&$C22," ","")))) | G22: =IF($A22="","",$B22) | H22: =IF($A22="","",1)
F23: =IF($B23="","",UPPER(TRIM(SUBSTITUTE($B23&$C23," ","")))) | G23: =IF($A23="","",$B23) | H23: =IF($A23="","",1)
F24: =IF($B24="","",UPPER(TRIM(SUBSTITUTE($B24&$C24," ","")))) | G24: =IF($A24="","",$B24) | H24: =IF($A24="","",1)
F25: =IF($B25="","",UPPER(TRIM(SUBSTITUTE($B25&$C25," ","")))) | G25: =IF($A25="","",$B25) | H25: =IF($A25="","",1)
F26: =IF($B26="","",UPPER(TRIM(SUBSTITUTE($B26&$C26," ","")))) | G26: =IF($A26="","",$B26) | H26: =IF($A26="","",1)
F27: =IF($B27="","",UPPER(TRIM(SUBSTITUTE($B27&$C27," ","")))) | G27: =IF($A27="","",$B27) | H27: =IF($A27="","",1)
F28: =IF($B28="","",UPPER(TRIM(SUBSTITUTE($B28&$C28," ","")))) | G28: =IF($A28="","",$B28) | H28: =IF($A28="","",1)
F29: =IF($B29="","",UPPER(TRIM(SUBSTITUTE($B29&$C29," ","")))) | G29: =IF($A29="","",$B29) | H29: =IF($A29="","",1)
F30: =IF($B30="","",UPPER(TRIM(SUBSTITUTE($B30&$C30," ","")))) | G30: =IF($A30="","",$B30) | H30: =IF($A30="","",1)
F31: =IF($B31="","",UPPER(TRIM(SUBSTITUTE($B31&$C31," ","")))) | G31: =IF($A31="","",$B31) | H31: =IF($A31="","",1)
F32: =IF($B32="","",UPPER(TRIM(SUBSTITUTE($B32&$C32," ","")))) | G32: =IF($A32="","",$B32) | H32: =IF($A32="","",1)
F33: =IF($B33="","",UPPER(TRIM(SUBSTITUTE($B33&$C33," ","")))) | G33: =IF($A33="","",$B33) | H33: =IF($A33="","",1)
... F86: =IF($B86="","",UPPER(TRIM(SUBSTITUTE($B86&$C86," ","")))) | G86: =IF($A86="","",$B86) | H86: =IF($A86="","",1)

Sheet ANAHTAR
A1: ANAHTAR — Site/Apartman Yönetim Sistemi
A3: Normalize malik+dönem anahtarı + duplike (E01/E05)
A4: A Tarafı (Borç) | I4: B Tarafı (Tahsilat)
A5: Ham | B5: Norm | C5: NormUzunluk | D5: IkincilAnahtar | E5: KaynakTaraf | F5: Duplike | G5: SatirNo | I5: HamB | J5: NormB | K5: NormUzunlukB | L5: IkincilB | M5: KaynakB | N5: DuplikeB | O5: SatirNoB
A6: =IF(DONEMLER!A6="","",DONEMLER!F6) | B6: =IF($A6="","",UPPER(TRIM(SUBSTITUTE($A6," ","")))) | C6: =IF($B6="",0,LEN($B6)) | D6: =IF($B6="","",LEFT($B6,say_ikincilUzunluk)) | E6: ="A" | F6: =IF($B6="","",IF(COUNTIF(tblAnahtarA[Norm],$B6)>1,"EVET","HAYIR")) | G6: =IF($A6="","",ROW()-ROW($A$5)) | I6: =IF(TAHSILAT!A6="","",TAHSILAT!F6) | J6: =IF($I6="","",UPPER(TRIM(SUBSTITUTE($I6," ","")))) | K6: =IF($J6="",0,LEN($J6)) | L6: =IF($J6="","",LEFT($J6,say_ikincilUzunluk)) | M6: ="B" | N6: =IF($J6="","",IF(COUNTIF(tblAnahtarB[NormB],$J6)>1,"EVET","HAYIR")) | O6: =IF($I6="","",ROW()-ROW($I$5))
A7: =IF(DONEMLER!A7="","",DONEMLER!F7) | B7: =IF($A7="","",UPPER(TRIM(SUBSTITUTE($A7," ","")))) | C7: =IF($B7="",0,LEN($B7)) | D7: =IF($B7="","",LEFT($B7,say_ikincilUzunluk)) | E7: ="A" | F7: =IF($B7="","",IF(COUNTIF(tblAnahtarA[Norm],$B7)>1,"EVET","HAYIR")) | G7: =IF($A7="","",ROW()-ROW($A$5)) | I7: =IF(TAHSILAT!A7="","",TAHSILAT!F7) | J7: =IF($I7="","",UPPER(TRIM(SUBSTITUTE($I7," ","")))) | K7: =IF($J7="",0,LEN($J7)) | L7: =IF($J7="","",LEFT($J7,say_ikincilUzunluk)) | M7: ="B" | N7: =IF($J7="","",IF(COUNTIF(tblAnahtarB[NormB],$J7)>1,"EVET","HAYIR")) | O7: =IF($I7="","",ROW()-ROW($I$5))
A8: =IF(DONEMLER!A8="","",DONEMLER!F8) | B8: =IF($A8="","",UPPER(TRIM(SUBSTITUTE($A8," ","")))) | C8: =IF($B8="",0,LEN($B8)) | D8: =IF($B8="","",LEFT($B8,say_ikincilUzunluk)) | E8: ="A" | F8: =IF($B8="","",IF(COUNTIF(tblAnahtarA[Norm],$B8)>1,"EVET","HAYIR")) | G8: =IF($A8="","",ROW()-ROW($A$5)) | I8: =IF(TAHSILAT!A8="","",TAHSILAT!F8) | J8: =IF($I8="","",UPPER(TRIM(SUBSTITUTE($I8," ","")))) | K8: =IF($J8="",0,LEN($J8)) | L8: =IF($J8="","",LEFT($J8,say_ikincilUzunluk)) | M8: ="B" | N8: =IF($J8="","",IF(COUNTIF(tblAnahtarB[NormB],$J8)>1,"EVET","HAYIR")) | O8: =IF($I8="","",ROW()-ROW($I$5))
A9: =IF(DONEMLER!A9="","",DONEMLER!F9) | B9: =IF($A9="","",UPPER(TRIM(SUBSTITUTE($A9," ","")))) | C9: =IF($B9="",0,LEN($B9)) | D9: =IF($B9="","",LEFT($B9,say_ikincilUzunluk)) | E9: ="A" | F9: =IF($B9="","",IF(COUNTIF(tblAnahtarA[Norm],$B9)>1,"EVET","HAYIR")) | G9: =IF($A9="","",ROW()-ROW($A$5)) | I9: =IF(TAHSILAT!A9="","",TAHSILAT!F9) | J9: =IF($I9="","",UPPER(TRIM(SUBSTITUTE($I9," ","")))) | K9: =IF($J9="",0,LEN($J9)) | L9: =IF($J9="","",LEFT($J9,say_ikincilUzunluk)) | M9: ="B" | N9: =IF($J9="","",IF(COUNTIF(tblAnahtarB[NormB],$J9)>1,"EVET","HAYIR")) | O9: =IF($I9="","",ROW()-ROW($I$5))
A10: =IF(DONEMLER!A10="","",DONEMLER!F10) | B10: =IF($A10="","",UPPER(TRIM(SUBSTITUTE($A10," ","")))) | C10: =IF($B10="",0,LEN($B10)) | D10: =IF($B10="","",LEFT($B10,say_ikincilUzunluk)) | E10: ="A" | F10: =IF($B10="","",IF(COUNTIF(tblAnahtarA[Norm],$B10)>1,"EVET","HAYIR")) | G10: =IF($A10="","",ROW()-ROW($A$5)) | I10: =IF(TAHSILAT!A10="","",TAHSILAT!F10) | J10: =IF($I10="","",UPPER(TRIM(SUBSTITUTE($I10," ","")))) | K10: =IF($J10="",0,LEN($J10)) | L10: =IF($J10="","",LEFT($J10,say_ikincilUzunluk)) | M10: ="B" | N10: =IF($J10="","",IF(COUNTIF(tblAnahtarB[NormB],$J10)>1,"EVET","HAYIR")) | O10: =IF($I10="","",ROW()-ROW($I$5))
A11: =IF(DONEMLER!A11="","",DONEMLER!F11) | B11: =IF($A11="","",UPPER(TRIM(SUBSTITUTE($A11," ","")))) | C11: =IF($B11="",0,LEN($B11)) | D11: =IF($B11="","",LEFT($B11,say_ikincilUzunluk)) | E11: ="A" | F11: =IF($B11="","",IF(COUNTIF(tblAnahtarA[Norm],$B11)>1,"EVET","HAYIR")) | G11: =IF($A11="","",ROW()-ROW($A$5)) | I11: =IF(TAHSILAT!A11="","",TAHSILAT!F11) | J11: =IF($I11="","",UPPER(TRIM(SUBSTITUTE($I11," ","")))) | K11: =IF($J11="",0,LEN($J11)) | L11: =IF($J11="","",LEFT($J11,say_ikincilUzunluk)) | M11: ="B" | N11: =IF($J11="","",IF(COUNTIF(tblAnahtarB[NormB],$J11)>1,"EVET","HAYIR")) | O11: =IF($I11="","",ROW()-ROW($I$5))
A12: =IF(DONEMLER!A12="","",DONEMLER!F12) | B12: =IF($A12="","",UPPER(TRIM(SUBSTITUTE($A12," ","")))) | C12: =IF($B12="",0,LEN($B12)) | D12: =IF($B12="","",LEFT($B12,say_ikincilUzunluk)) | E12: ="A" | F12: =IF($B12="","",IF(COUNTIF(tblAnahtarA[Norm],$B12)>1,"EVET","HAYIR")) | G12: =IF($A12="","",ROW()-ROW($A$5)) | I12: =IF(TAHSILAT!A12="","",TAHSILAT!F12) | J12: =IF($I12="","",UPPER(TRIM(SUBSTITUTE($I12," ","")))) | K12: =IF($J12="",0,LEN($J12)) | L12: =IF($J12="","",LEFT($J12,say_ikincilUzunluk)) | M12: ="B" | N12: =IF($J12="","",IF(COUNTIF(tblAnahtarB[NormB],$J12)>1,"EVET","HAYIR")) | O12: =IF($I12="","",ROW()-ROW($I$5))
A13: =IF(DONEMLER!A13="","",DONEMLER!F13) | B13: =IF($A13="","",UPPER(TRIM(SUBSTITUTE($A13," ","")))) | C13: =IF($B13="",0,LEN($B13)) | D13: =IF($B13="","",LEFT($B13,say_ikincilUzunluk)) | E13: ="A" | F13: =IF($B13="","",IF(COUNTIF(tblAnahtarA[Norm],$B13)>1,"EVET","HAYIR")) | G13: =IF($A13="","",ROW()-ROW($A$5)) | I13: =IF(TAHSILAT!A13="","",TAHSILAT!F13) | J13: =IF($I13="","",UPPER(TRIM(SUBSTITUTE($I13," ","")))) | K13: =IF($J13="",0,LEN($J13)) | L13: =IF($J13="","",LEFT($J13,say_ikincilUzunluk)) | M13: ="B" | N13: =IF($J13="","",IF(COUNTIF(tblAnahtarB[NormB],$J13)>1,"EVET","HAYIR")) | O13: =IF($I13="","",ROW()-ROW($I$5))
A14: =IF(DONEMLER!A14="","",DONEMLER!F14) | B14: =IF($A14="","",UPPER(TRIM(SUBSTITUTE($A14," ","")))) | C14: =IF($B14="",0,LEN($B14)) | D14: =IF($B14="","",LEFT($B14,say_ikincilUzunluk)) | E14: ="A" | F14: =IF($B14="","",IF(COUNTIF(tblAnahtarA[Norm],$B14)>1,"EVET","HAYIR")) | G14: =IF($A14="","",ROW()-ROW($A$5)) | I14: =IF(TAHSILAT!A14="","",TAHSILAT!F14) | J14: =IF($I14="","",UPPER(TRIM(SUBSTITUTE($I14," ","")))) | K14: =IF($J14="",0,LEN($J14)) | L14: =IF($J14="","",LEFT($J14,say_ikincilUzunluk)) | M14: ="B" | N14: =IF($J14="","",IF(COUNTIF(tblAnahtarB[NormB],$J14)>1,"EVET","HAYIR")) | O14: =IF($I14="","",ROW()-ROW($I$5))
A15: =IF(DONEMLER!A15="","",DONEMLER!F15) | B15: =IF($A15="","",UPPER(TRIM(SUBSTITUTE($A15," ","")))) | C15: =IF($B15="",0,LEN($B15)) | D15: =IF($B15="","",LEFT($B15,say_ikincilUzunluk)) | E15: ="A" | F15: =IF($B15="","",IF(COUNTIF(tblAnahtarA[Norm],$B15)>1,"EVET","HAYIR")) | G15: =IF($A15="","",ROW()-ROW($A$5)) | I15: =IF(TAHSILAT!A15="","",TAHSILAT!F15) | J15: =IF($I15="","",UPPER(TRIM(SUBSTITUTE($I15," ","")))) | K15: =IF($J15="",0,LEN($J15)) | L15: =IF($J15="","",LEFT($J15,say_ikincilUzunluk)) | M15: ="B" | N15: =IF($J15="","",IF(COUNTIF(tblAnahtarB[NormB],$J15)>1,"EVET","HAYIR")) | O15: =IF($I15="","",ROW()-ROW($I$5))
A16: =IF(DONEMLER!A16="","",DONEMLER!F16) | B16: =IF($A16="","",UPPER(TRIM(SUBSTITUTE($A16," ","")))) | C16: =IF($B16="",0,LEN($B16)) | D16: =IF($B16="","",LEFT($B16,say_ikincilUzunluk)) | E16: ="A" | F16: =IF($B16="","",IF(COUNTIF(tblAnahtarA[Norm],$B16)>1,"EVET","HAYIR")) | G16: =IF($A16="","",ROW()-ROW($A$5)) | I16: =IF(TAHSILAT!A16="","",TAHSILAT!F16) | J16: =IF($I16="","",UPPER(TRIM(SUBSTITUTE($I16," ","")))) | K16: =IF($J16="",0,LEN($J16)) | L16: =IF($J16="","",LEFT($J16,say_ikincilUzunluk)) | M16: ="B" | N16: =IF($J16="","",IF(COUNTIF(tblAnahtarB[NormB],$J16)>1,"EVET","HAYIR")) | O16: =IF($I16="","",ROW()-ROW($I$5))
A17: =IF(DONEMLER!A17="","",DONEMLER!F17) | B17: =IF($A17="","",UPPER(TRIM(SUBSTITUTE($A17," ","")))) | C17: =IF($B17="",0,LEN($B17)) | D17: =IF($B17="","",LEFT($B17,say_ikincilUzunluk)) | E17: ="A" | F17: =IF($B17="","",IF(COUNTIF(tblAnahtarA[Norm],$B17)>1,"EVET","HAYIR")) | G17: =IF($A17="","",ROW()-ROW($A$5)) | I17: =IF(TAHSILAT!A17="","",TAHSILAT!F17) | J17: =IF($I17="","",UPPER(TRIM(SUBSTITUTE($I17," ","")))) | K17: =IF($J17="",0,LEN($J17)) | L17: =IF($J17="","",LEFT($J17,say_ikincilUzunluk)) | M17: ="B" | N17: =IF($J17="","",IF(COUNTIF(tblAnahtarB[NormB],$J17)>1,"EVET","HAYIR")) | O17: =IF($I17="","",ROW()-ROW($I$5))
... A26: =IF(DONEMLER!A26="","",DONEMLER!F26) | B26: =IF($A26="","",UPPER(TRIM(SUBSTITUTE($A26," ","")))) | C26: =IF($B26="",0,LEN($B26)) | D26: =IF($B26="","",LEFT($B26,say_ikincilUzunluk)) | E26: ="A" | F26: =IF($B26="","",IF(COUNTIF(tblAnahtarA[Norm],$B26)>1,"EVET","HAYIR")) | G26: =IF($A26="","",ROW()-ROW($A$5)) | I26: =IF(TAHSILAT!A26="","",TAHSILAT!F26) | J26: =IF($I26="","",UPPER(TRIM(SUBSTITUTE($I26," ","")))) | K26: =IF($J26="",0,LEN($J26)) | L26: =IF($J26="","",LEFT($J26,say_ikincilUzunluk)) | M26: ="B" | N26: =IF($J26="","",IF(COUNTIF(tblAnahtarB[NormB],$J26)>1,"EVET","HAYIR")) | O26: =IF($I26="","",ROW()-ROW($I$5))
A27: =IF(DONEMLER!A27="","",DONEMLER!F27) | B27: =IF($A27="","",UPPER(TRIM(SUBSTITUTE($A27," ","")))) | C27: =IF($B27="",0,LEN($B27)) | D27: =IF($B27="","",LEFT($B27,say_ikincilUzunluk)) | E27: ="A" | F27: =IF($B27="","",IF(COUNTIF(tblAnahtarA[Norm],$B27)>1,"EVET","HAYIR")) | G27: =IF($A27="","",ROW()-ROW($A$5)) | J27: =IF($I27="","",UPPER(TRIM(SUBSTITUTE($I27," ","")))) | K27: =IF($J27="",0,LEN($J27)) | L27: =IF($J27="","",LEFT($J27,say_ikincilUzunluk)) | M27: ="B" | N27: =IF($J27="","",IF(COUNTIF(tblAnahtarB[NormB],$J27)>1,"EVET","HAYIR")) | O27: =IF($I27="","",ROW()-ROW($I$5))
A28: =IF(DONEMLER!A28="","",DONEMLER!F28) | B28: =IF($A28="","",UPPER(TRIM(SUBSTITUTE($A28," ","")))) | C28: =IF($B28="",0,LEN($B28)) | D28: =IF($B28="","",LEFT($B28,say_ikincilUzunluk)) | E28: ="A" | F28: =IF($B28="","",IF(COUNTIF(tblAnahtarA[Norm],$B28)>1,"EVET","HAYIR")) | G28: =IF($A28="","",ROW()-ROW($A$5)) | J28: =IF($I28="","",UPPER(TRIM(SUBSTITUTE($I28," ","")))) | K28: =IF($J28="",0,LEN($J28)) | L28: =IF($J28="","",LEFT($J28,say_ikincilUzunluk)) | M28: ="B" | N28: =IF($J28="","",IF(COUNTIF(tblAnahtarB[NormB],$J28)>1,"EVET","HAYIR")) | O28: =IF($I28="","",ROW()-ROW($I$5))
A29: =IF(DONEMLER!A29="","",DONEMLER!F29) | B29: =IF($A29="","",UPPER(TRIM(SUBSTITUTE($A29," ","")))) | C29: =IF($B29="",0,LEN($B29)) | D29: =IF($B29="","",LEFT($B29,say_ikincilUzunluk)) | E29: ="A" | F29: =IF($B29="","",IF(COUNTIF(tblAnahtarA[Norm],$B29)>1,"EVET","HAYIR")) | G29: =IF($A29="","",ROW()-ROW($A$5)) | J29: =IF($I29="","",UPPER(TRIM(SUBSTITUTE($I29," ","")))) | K29: =IF($J29="",0,LEN($J29)) | L29: =IF($J29="","",LEFT($J29,say_ikincilUzunluk)) | M29: ="B" | N29: =IF($J29="","",IF(COUNTIF(tblAnahtarB[NormB],$J29)>1,"EVET","HAYIR")) | O29: =IF($I29="","",ROW()-ROW($I$5))
A30: =IF(DONEMLER!A30="","",DONEMLER!F30) | B30: =IF($A30="","",UPPER(TRIM(SUBSTITUTE($A30," ","")))) | C30: =IF($B30="",0,LEN($B30)) | D30: =IF($B30="","",LEFT($B30,say_ikincilUzunluk)) | E30: ="A" | F30: =IF($B30="","",IF(COUNTIF(tblAnahtarA[Norm],$B30)>1,"EVET","HAYIR")) | G30: =IF($A30="","",ROW()-ROW($A$5)) | J30: =IF($I30="","",UPPER(TRIM(SUBSTITUTE($I30," ","")))) | K30: =IF($J30="",0,LEN($J30)) | L30: =IF($J30="","",LEFT($J30,say_ikincilUzunluk)) | M30: ="B" | N30: =IF($J30="","",IF(COUNTIF(tblAnahtarB[NormB],$J30)>1,"EVET","HAYIR")) | O30: =IF($I30="","",ROW()-ROW($I$5))
B31: =IF($A31="","",UPPER(TRIM(SUBSTITUTE($A31," ","")))) | C31: =IF($B31="",0,LEN($B31)) | D31: =IF($B31="","",LEFT($B31,say_ikincilUzunluk)) | E31: ="A" | F31: =IF($B31="","",IF(COUNTIF(tblAnahtarA[Norm],$B31)>1,"EVET","HAYIR")) | G31: =IF($A31="","",ROW()-ROW($A$5)) | J31: =IF($I31="","",UPPER(TRIM(SUBSTITUTE($I31," ","")))) | K31: =IF($J31="",0,LEN($J31)) | L31: =IF($J31="","",LEFT($J31,say_ikincilUzunluk)) | M31: ="B" | N31: =IF($J31="","",IF(COUNTIF(tblAnahtarB[NormB],$J31)>1,"EVET","HAYIR")) | O31: =IF($I31="","",ROW()-ROW($I$5))
B32: =IF($A32="","",UPPER(TRIM(SUBSTITUTE($A32," ","")))) | C32: =IF($B32="",0,LEN($B32)) | D32: =IF($B32="","",LEFT($B32,say_ikincilUzunluk)) | E32: ="A" | F32: =IF($B32="","",IF(COUNTIF(tblAnahtarA[Norm],$B32)>1,"EVET","HAYIR")) | G32: =IF($A32="","",ROW()-ROW($A$5)) | J32: =IF($I32="","",UPPER(TRIM(SUBSTITUTE($I32," ","")))) | K32: =IF($J32="",0,LEN($J32)) | L32: =IF($J32="","",LEFT($J32,say_ikincilUzunluk)) | M32: ="B" | N32: =IF($J32="","",IF(COUNTIF(tblAnahtarB[NormB],$J32)>1,"EVET","HAYIR")) | O32: =IF($I32="","",ROW()-ROW($I$5))
B33: =IF($A33="","",UPPER(TRIM(SUBSTITUTE($A33," ","")))) | C33: =IF($B33="",0,LEN($B33)) | D33: =IF($B33="","",LEFT($B33,say_ikincilUzunluk)) | E33: ="A" | F33: =IF($B33="","",IF(COUNTIF(tblAnahtarA[Norm],$B33)>1,"EVET","HAYIR")) | G33: =IF($A33="","",ROW()-ROW($A$5)) | J33: =IF($I33="","",UPPER(TRIM(SUBSTITUTE($I33," ","")))) | K33: =IF($J33="",0,LEN($J33)) | L33: =IF($J33="","",LEFT($J33,say_ikincilUzunluk)) | M33: ="B" | N33: =IF($J33="","",IF(COUNTIF(tblAnahtarB[NormB],$J33)>1,"EVET","HAYIR")) | O33: =IF($I33="","",ROW()-ROW($I$5))
B34: =IF($A34="","",UPPER(TRIM(SUBSTITUTE($A34," ","")))) | C34: =IF($B34="",0,LEN($B34)) | D34: =IF($B34="","",LEFT($B34,say_ikincilUzunluk)) | E34: ="A" | F34: =IF($B34="","",IF(COUNTIF(tblAnahtarA[Norm],$B34)>1,"EVET","HAYIR")) | G34: =IF($A34="","",ROW()-ROW($A$5)) | J34: =IF($I34="","",UPPER(TRIM(SUBSTITUTE($I34," ","")))) | K34: =IF($J34="",0,LEN($J34)) | L34: =IF($J34="","",LEFT($J34,say_ikincilUzunluk)) | M34: ="B" | N34: =IF($J34="","",IF(COUNTIF(tblAnahtarB[NormB],$J34)>1,"EVET","HAYIR")) | O34: =IF($I34="","",ROW()-ROW($I$5))
B35: =IF($A35="","",UPPER(TRIM(SUBSTITUTE($A35," ","")))) | C35: =IF($B35="",0,LEN($B35)) | D35: =IF($B35="","",LEFT($B35,say_ikincilUzunluk)) | E35: ="A" | F35: =IF($B35="","",IF(COUNTIF(tblAnahtarA[Norm],$B35)>1,"EVET","HAYIR")) | G35: =IF($A35="","",ROW()-ROW($A$5)) | J35: =IF($I35="","",UPPER(TRIM(SUBSTITUTE($I35," ","")))) | K35: =IF($J35="",0,LEN($J35)) | L35: =IF($J35="","",LEFT($J35,say_ikincilUzunluk)) | M35: ="B" | N35: =IF($J35="","",IF(COUNTIF(tblAnahtarB[NormB],$J35)>1,"EVET","HAYIR")) | O35: =IF($I35="","",ROW()-ROW($I$5))
B36: =IF($A36="","",UPPER(TRIM(SUBSTITUTE($A36," ","")))) | C36: =IF($B36="",0,LEN($B36)) | D36: =IF($B36="","",LEFT($B36,say_ikincilUzunluk)) | E36: ="A" | F36: =IF($B36="","",IF(COUNTIF(tblAnahtarA[Norm],$B36)>1,"EVET","HAYIR")) | G36: =IF($A36="","",ROW()-ROW($A$5)) | J36: =IF($I36="","",UPPER(TRIM(SUBSTITUTE($I36," ","")))) | K36: =IF($J36="",0,LEN($J36)) | L36: =IF($J36="","",LEFT($J36,say_ikincilUzunluk)) | M36: ="B" | N36: =IF($J36="","",IF(COUNTIF(tblAnahtarB[NormB],$J36)>1,"EVET","HAYIR")) | O36: =IF($I36="","",ROW()-ROW($I$5))
B37: =IF($A37="","",UPPER(TRIM(SUBSTITUTE($A37," ","")))) | C37: =IF($B37="",0,LEN($B37)) | D37: =IF($B37="","",LEFT($B37,say_ikincilUzunluk)) | E37: ="A" | F37: =IF($B37="","",IF(COUNTIF(tblAnahtarA[Norm],$B37)>1,"EVET","HAYIR")) | G37: =IF($A37="","",ROW()-ROW($A$5)) | J37: =IF($I37="","",UPPER(TRIM(SUBSTITUTE($I37," ","")))) | K37: =IF($J37="",0,LEN($J37)) | L37: =IF($J37="","",LEFT($J37,say_ikincilUzunluk)) | M37: ="B" | N37: =IF($J37="","",IF(COUNTIF(tblAnahtarB[NormB],$J37)>1,"EVET","HAYIR")) | O37: =IF($I37="","",ROW()-ROW($I$5))
B38: =IF($A38="","",UPPER(TRIM(SUBSTITUTE($A38," ","")))) | C38: =IF($B38="",0,LEN($B38)) | D38: =IF($B38="","",LEFT($B38,say_ikincilUzunluk)) | E38: ="A" | F38: =IF($B38="","",IF(COUNTIF(tblAnahtarA[Norm],$B38)>1,"EVET","HAYIR")) | G38: =IF($A38="","",ROW()-ROW($A$5)) | J38: =IF($I38="","",UPPER(TRIM(SUBSTITUTE($I38," ","")))) | K38: =IF($J38="",0,LEN($J38)) | L38: =IF($J38="","",LEFT($J38,say_ikincilUzunluk)) | M38: ="B" | N38: =IF($J38="","",IF(COUNTIF(tblAnahtarB[NormB],$J38)>1,"EVET","HAYIR")) | O38: =IF($I38="","",ROW()-ROW($I$5))
B39: =IF($A39="","",UPPER(TRIM(SUBSTITUTE($A39," ","")))) | C39: =IF($B39="",0,LEN($B39)) | D39: =IF($B39="","",LEFT($B39,say_ikincilUzunluk)) | E39: ="A" | F39: =IF($B39="","",IF(COUNTIF(tblAnahtarA[Norm],$B39)>1,"EVET","HAYIR")) | G39: =IF($A39="","",ROW()-ROW($A$5)) | J39: =IF($I39="","",UPPER(TRIM(SUBSTITUTE($I39," ","")))) | K39: =IF($J39="",0,LEN($J39)) | L39: =IF($J39="","",LEFT($J39,say_ikincilUzunluk)) | M39: ="B" | N39: =IF($J39="","",IF(COUNTIF(tblAnahtarB[NormB],$J39)>1,"EVET","HAYIR")) | O39: =IF($I39="","",ROW()-ROW($I$5))
B40: =IF($A40="","",UPPER(TRIM(SUBSTITUTE($A40," ","")))) | C40: =IF($B40="",0,LEN($B40)) | D40: =IF($B40="","",LEFT($B40,say_ikincilUzunluk)) | E40: ="A" | F40: =IF($B40="","",IF(COUNTIF(tblAnahtarA[Norm],$B40)>1,"EVET","HAYIR")) | G40: =IF($A40="","",ROW()-ROW($A$5)) | J40: =IF($I40="","",UPPER(TRIM(SUBSTITUTE($I40," ","")))) | K40: =IF($J40="",0,LEN($J40)) | L40: =IF($J40="","",LEFT($J40,say_ikincilUzunluk)) | M40: ="B" | N40: =IF($J40="","",IF(COUNTIF(tblAnahtarB[NormB],$J40)>1,"EVET","HAYIR")) | O40: =IF($I40="","",ROW()-ROW($I$5))
B41: =IF($A41="","",UPPER(TRIM(SUBSTITUTE($A41," ","")))) | C41: =IF($B41="",0,LEN($B41)) | D41: =IF($B41="","",LEFT($B41,say_ikincilUzunluk)) | E41: ="A" | F41: =IF($B41="","",IF(COUNTIF(tblAnahtarA[Norm],$B41)>1,"EVET","HAYIR")) | G41: =IF($A41="","",ROW()-ROW($A$5)) | J41: =IF($I41="","",UPPER(TRIM(SUBSTITUTE($I41," ","")))) | K41: =IF($J41="",0,LEN($J41)) | L41: =IF($J41="","",LEFT($J41,say_ikincilUzunluk)) | M41: ="B" | N41: =IF($J41="","",IF(COUNTIF(tblAnahtarB[NormB],$J41)>1,"EVET","HAYIR")) | O41: =IF($I41="","",ROW()-ROW($I$5))
B42: =IF($A42="","",UPPER(TRIM(SUBSTITUTE($A42," ","")))) | C42: =IF($B42="",0,LEN($B42)) | D42: =IF($B42="","",LEFT($B42,say_ikincilUzunluk)) | E42: ="A" | F42: =IF($B42="","",IF(COUNTIF(tblAnahtarA[Norm],$B42)>1,"EVET","HAYIR")) | G42: =IF($A42="","",ROW()-ROW($A$5)) | J42: =IF($I42="","",UPPER(TRIM(SUBSTITUTE($I42," ","")))) | K42: =IF($J42="",0,LEN($J42)) | L42: =IF($J42="","",LEFT($J42,say_ikincilUzunluk)) | M42: ="B" | N42: =IF($J42="","",IF(COUNTIF(tblAnahtarB[NormB],$J42)>1,"EVET","HAYIR")) | O42: =IF($I42="","",ROW()-ROW($I$5))
... B86: =IF($A86="","",UPPER(TRIM(SUBSTITUTE($A86," ","")))) | C86: =IF($B86="",0,LEN($B86)) | D86: =IF($B86="","",LEFT($B86,say_ikincilUzunluk)) | E86: ="A" | F86: =IF($B86="","",IF(COUNTIF(tblAnahtarA[Norm],$B86)>1,"EVET","HAYIR")) | G86: =IF($A86="","",ROW()-ROW($A$5)) | J86: =IF($I86="","",UPPER(TRIM(SUBSTITUTE($I86," ","")))) | K86: =IF($J86="",0,LEN($J86)) | L86: =IF($J86="","",LEFT($J86,say_ikincilUzunluk)) | M86: ="B" | N86: =IF($J86="","",IF(COUNTIF(tblAnahtarB[NormB],$J86)>1,"EVET","HAYIR")) | O86: =IF($I86="","",ROW()-ROW($I$5))

Sheet ESLESTIRME
A1: ESLESTIRME — Site/Apartman Yönetim Sistemi
A2: Kova bütünlük | C2: =IF(COUNTIF(tblEslesme[Kova],"eslesti")+COUNTIF(tblEslesme[Kova],"tolerans_icinde")+COUNTIF(tblEslesme[Kova],"tutar_farki")+COUNTIF(tblEslesme[Kova],"eslesmedi")=COUNTA(tblEslesme[A_Norm]),"BUTUN","KAYIP")
A3: Dört kova — borç↔tahsilat (E02/E03)
A5: A_Norm | B5: B_Sayim | C5: B_Tutar | D5: A_Tutar | E5: Fark | F5: AbsFark | G5: Kova | H5: IkincilEslesme | I5: DuplikeBayrak | J5: FarkOran | K5: YuvarlakA | L5: YuvarlakB | M5: ToleransTest | N5: EsikUstu | O5: NetKatki | P5: MotorAdim
A6: =IF('ANAHTAR'!$B6="","",'ANAHTAR'!$B6) | B6: =IF($A6="","",COUNTIF(tblAnahtarB[NormB],$A6)) | C6: =IF($A6="","",SUMIF(tblAnahtarB[NormB],$A6,tblTahsilat[OdemeTutari])) | D6: =IF($A6="","",SUMIF(tblAnahtarA[Norm],$A6,tblDonem[ToplamBorc])) | E6: =IF($A6="","",ROUND($D6,2)-ROUND($C6,2)) | F6: =IF($A6="","",ABS($E6)) | G6: =IF($A6="","",IF($B6=0,"eslesmedi",IF(ROUND($D6,2)=ROUND($C6,2),"eslesti",IF(ABS(ROUND($D6,2)-ROUND($C6,2))<=toleransKurus,"tolerans_icinde","tutar_farki")))) | H6: =IF($A6="","",IF($B6>0,"BIRINCIL",IF(COUNTIF(tblAnahtarB[IkincilB],'ANAHTAR'!$D6)>0,"IKINCIL","YOK"))) | I6: =IF($A6="","",'ANAHTAR'!$F6) | J6: =IF(OR($A6="",$D6=0),0,$F6/ABS($D6)) | K6: =IF($A6="","",ROUND($D6,2)) | L6: =IF($A6="","",ROUND($C6,2)) | M6: =IF($A6="","",--($F6<=toleransKurus)) | N6: =IF($A6="","",--($F6>say_esikFark)) | O6: =IF($A6="","",IF(OR($G6="eslesti",$G6="tolerans_icinde"),$D6,0)) | P6: =IF($A6="","",$B6+$M6+$N6)
A7: =IF('ANAHTAR'!$B7="","",'ANAHTAR'!$B7) | B7: =IF($A7="","",COUNTIF(tblAnahtarB[NormB],$A7)) | C7: =IF($A7="","",SUMIF(tblAnahtarB[NormB],$A7,tblTahsilat[OdemeTutari])) | D7: =IF($A7="","",SUMIF(tblAnahtarA[Norm],$A7,tblDonem[ToplamBorc])) | E7: =IF($A7="","",ROUND($D7,2)-ROUND($C7,2)) | F7: =IF($A7="","",ABS($E7)) | G7: =IF($A7="","",IF($B7=0,"eslesmedi",IF(ROUND($D7,2)=ROUND($C7,2),"eslesti",IF(ABS(ROUND($D7,2)-ROUND($C7,2))<=toleransKurus,"tolerans_icinde","tutar_farki")))) | H7: =IF($A7="","",IF($B7>0,"BIRINCIL",IF(COUNTIF(tblAnahtarB[IkincilB],'ANAHTAR'!$D7)>0,"IKINCIL","YOK"))) | I7: =IF($A7="","",'ANAHTAR'!$F7) | J7: =IF(OR($A7="",$D7=0),0,$F7/ABS($D7)) | K7: =IF($A7="","",ROUND($D7,2)) | L7: =IF($A7="","",ROUND($C7,2)) | M7: =IF($A7="","",--($F7<=toleransKurus)) | N7: =IF($A7="","",--($F7>say_esikFark)) | O7: =IF($A7="","",IF(OR($G7="eslesti",$G7="tolerans_icinde"),$D7,0)) | P7: =IF($A7="","",$B7+$M7+$N7)
A8: =IF('ANAHTAR'!$B8="","",'ANAHTAR'!$B8) | B8: =IF($A8="","",COUNTIF(tblAnahtarB[NormB],$A8)) | C8: =IF($A8="","",SUMIF(tblAnahtarB[NormB],$A8,tblTahsilat[OdemeTutari])) | D8: =IF($A8="","",SUMIF(tblAnahtarA[Norm],$A8,tblDonem[ToplamBorc])) | E8: =IF($A8="","",ROUND($D8,2)-ROUND($C8,2)) | F8: =IF($A8="","",ABS($E8)) | G8: =IF($A8="","",IF($B8=0,"eslesmedi",IF(ROUND($D8,2)=ROUND($C8,2),"eslesti",IF(ABS(ROUND($D8,2)-ROUND($C8,2))<=toleransKurus,"tolerans_icinde","tutar_farki")))) | H8: =IF($A8="","",IF($B8>0,"BIRINCIL",IF(COUNTIF(tblAnahtarB[IkincilB],'ANAHTAR'!$D8)>0,"IKINCIL","YOK"))) | I8: =IF($A8="","",'ANAHTAR'!$F8) | J8: =IF(OR($A8="",$D8=0),0,$F8/ABS($D8)) | K8: =IF($A8="","",ROUND($D8,2)) | L8: =IF($A8="","",ROUND($C8,2)) | M8: =IF($A8="","",--($F8<=toleransKurus)) | N8: =IF($A8="","",--($F8>say_esikFark)) | O8: =IF($A8="","",IF(OR($G8="eslesti",$G8="tolerans_icinde"),$D8,0)) | P8: =IF($A8="","",$B8+$M8+$N8)
A9: =IF('ANAHTAR'!$B9="","",'ANAHTAR'!$B9) | B9: =IF($A9="","",COUNTIF(tblAnahtarB[NormB],$A9)) | C9: =IF($A9="","",SUMIF(tblAnahtarB[NormB],$A9,tblTahsilat[OdemeTutari])) | D9: =IF($A9="","",SUMIF(tblAnahtarA[Norm],$A9,tblDonem[ToplamBorc])) | E9: =IF($A9="","",ROUND($D9,2)-ROUND($C9,2)) | F9: =IF($A9="","",ABS($E9)) | G9: =IF($A9="","",IF($B9=0,"eslesmedi",IF(ROUND($D9,2)=ROUND($C9,2),"eslesti",IF(ABS(ROUND($D9,2)-ROUND($C9,2))<=toleransKurus,"tolerans_icinde","tutar_farki")))) | H9: =IF($A9="","",IF($B9>0,"BIRINCIL",IF(COUNTIF(tblAnahtarB[IkincilB],'ANAHTAR'!$D9)>0,"IKINCIL","YOK"))) | I9: =IF($A9="","",'ANAHTAR'!$F9) | J9: =IF(OR($A9="",$D9=0),0,$F9/ABS($D9)) | K9: =IF($A9="","",ROUND($D9,2)) | L9: =IF($A9="","",ROUND($C9,2)) | M9: =IF($A9="","",--($F9<=toleransKurus)) | N9: =IF($A9="","",--($F9>say_esikFark)) | O9: =IF($A9="","",IF(OR($G9="eslesti",$G9="tolerans_icinde"),$D9,0)) | P9: =IF($A9="","",$B9+$M9+$N9)
A10: =IF('ANAHTAR'!$B10="","",'ANAHTAR'!$B10) | B10: =IF($A10="","",COUNTIF(tblAnahtarB[NormB],$A10)) | C10: =IF($A10="","",SUMIF(tblAnahtarB[NormB],$A10,tblTahsilat[OdemeTutari])) | D10: =IF($A10="","",SUMIF(tblAnahtarA[Norm],$A10,tblDonem[ToplamBorc])) | E10: =IF($A10="","",ROUND($D10,2)-ROUND($C10,2)) | F10: =IF($A10="","",ABS($E10)) | G10: =IF($A10="","",IF($B10=0,"eslesmedi",IF(ROUND($D10,2)=ROUND($C10,2),"eslesti",IF(ABS(ROUND($D10,2)-ROUND($C10,2))<=toleransKurus,"tolerans_icinde","tutar_farki")))) | H10: =IF($A10="","",IF($B10>0,"BIRINCIL",IF(COUNTIF(tblAnahtarB[IkincilB],'ANAHTAR'!$D10)>0,"IKINCIL","YOK"))) | I10: =IF($A10="","",'ANAHTAR'!$F10) | J10: =IF(OR($A10="",$D10=0),0,$F10/ABS($D10)) | K10: =IF($A10="","",ROUND($D10,2)) | L10: =IF($A10="","",ROUND($C10,2)) | M10: =IF($A10="","",--($F10<=toleransKurus)) | N10: =IF($A10="","",--($F10>say_esikFark)) | O10: =IF($A10="","",IF(OR($G10="eslesti",$G10="tolerans_icinde"),$D10,0)) | P10: =IF($A10="","",$B10+$M10+$N10)
A11: =IF('ANAHTAR'!$B11="","",'ANAHTAR'!$B11) | B11: =IF($A11="","",COUNTIF(tblAnahtarB[NormB],$A11)) | C11: =IF($A11="","",SUMIF(tblAnahtarB[NormB],$A11,tblTahsilat[OdemeTutari])) | D11: =IF($A11="","",SUMIF(tblAnahtarA[Norm],$A11,tblDonem[ToplamBorc])) | E11: =IF($A11="","",ROUND($D11,2)-ROUND($C11,2)) | F11: =IF($A11="","",ABS($E11)) | G11: =IF($A11="","",IF($B11=0,"eslesmedi",IF(ROUND($D11,2)=ROUND($C11,2),"eslesti",IF(ABS(ROUND($D11,2)-ROUND($C11,2))<=toleransKurus,"tolerans_icinde","tutar_farki")))) | H11: =IF($A11="","",IF($B11>0,"BIRINCIL",IF(COUNTIF(tblAnahtarB[IkincilB],'ANAHTAR'!$D11)>0,"IKINCIL","YOK"))) | I11: =IF($A11="","",'ANAHTAR'!$F11) | J11: =IF(OR($A11="",$D11=0),0,$F11/ABS($D11)) | K11: =IF($A11="","",ROUND($D11,2)) | L11: =IF($A11="","",ROUND($C11,2)) | M11: =IF($A11="","",--($F11<=toleransKurus)) | N11: =IF($A11="","",--($F11>say_esikFark)) | O11: =IF($A11="","",IF(OR($G11="eslesti",$G11="tolerans_icinde"),$D11,0)) | P11: =IF($A11="","",$B11+$M11+$N11)
A12: =IF('ANAHTAR'!$B12="","",'ANAHTAR'!$B12) | B12: =IF($A12="","",COUNTIF(tblAnahtarB[NormB],$A12)) | C12: =IF($A12="","",SUMIF(tblAnahtarB[NormB],$A12,tblTahsilat[OdemeTutari])) | D12: =IF($A12="","",SUMIF(tblAnahtarA[Norm],$A12,tblDonem[ToplamBorc])) | E12: =IF($A12="","",ROUND($D12,2)-ROUND($C12,2)) | F12: =IF($A12="","",ABS($E12)) | G12: =IF($A12="","",IF($B12=0,"eslesmedi",IF(ROUND($D12,2)=ROUND($C12,2),"eslesti",IF(ABS(ROUND($D12,2)-ROUND($C12,2))<=toleransKurus,"tolerans_icinde","tutar_farki")))) | H12: =IF($A12="","",IF($B12>0,"BIRINCIL",IF(COUNTIF(tblAnahtarB[IkincilB],'ANAHTAR'!$D12)>0,"IKINCIL","YOK"))) | I12: =IF($A12="","",'ANAHTAR'!$F12) | J12: =IF(OR($A12="",$D12=0),0,$F12/ABS($D12)) | K12: =IF($A12="","",ROUND($D12,2)) | L12: =IF($A12="","",ROUND($C12,2)) | M12: =IF($A12="","",--($F12<=toleransKurus)) | N12: =IF($A12="","",--($F12>say_esikFark)) | O12: =IF($A12="","",IF(OR($G12="eslesti",$G12="tolerans_icinde"),$D12,0)) | P12: =IF($A12="","",$B12+$M12+$N12)
A13: =IF('ANAHTAR'!$B13="","",'ANAHTAR'!$B13) | B13: =IF($A13="","",COUNTIF(tblAnahtarB[NormB],$A13)) | C13: =IF($A13="","",SUMIF(tblAnahtarB[NormB],$A13,tblTahsilat[OdemeTutari])) | D13: =IF($A13="","",SUMIF(tblAnahtarA[Norm],$A13,tblDonem[ToplamBorc])) | E13: =IF($A13="","",ROUND($D13,2)-ROUND($C13,2)) | F13: =IF($A13="","",ABS($E13)) | G13: =IF($A13="","",IF($B13=0,"eslesmedi",IF(ROUND($D13,2)=ROUND($C13,2),"eslesti",IF(ABS(ROUND($D13,2)-ROUND($C13,2))<=toleransKurus,"tolerans_icinde","tutar_farki")))) | H13: =IF($A13="","",IF($B13>0,"BIRINCIL",IF(COUNTIF(tblAnahtarB[IkincilB],'ANAHTAR'!$D13)>0,"IKINCIL","YOK"))) | I13: =IF($A13="","",'ANAHTAR'!$F13) | J13: =IF(OR($A13="",$D13=0),0,$F13/ABS($D13)) | K13: =IF($A13="","",ROUND($D13,2)) | L13: =IF($A13="","",ROUND($C13,2)) | M13: =IF($A13="","",--($F13<=toleransKurus)) | N13: =IF($A13="","",--($F13>say_esikFark)) | O13: =IF($A13="","",IF(OR($G13="eslesti",$G13="tolerans_icinde"),$D13,0)) | P13: =IF($A13="","",$B13+$M13+$N13)
A14: =IF('ANAHTAR'!$B14="","",'ANAHTAR'!$B14) | B14: =IF($A14="","",COUNTIF(tblAnahtarB[NormB],$A14)) | C14: =IF($A14="","",SUMIF(tblAnahtarB[NormB],$A14,tblTahsilat[OdemeTutari])) | D14: =IF($A14="","",SUMIF(tblAnahtarA[Norm],$A14,tblDonem[ToplamBorc])) | E14: =IF($A14="","",ROUND($D14,2)-ROUND($C14,2)) | F14: =IF($A14="","",ABS($E14)) | G14: =IF($A14="","",IF($B14=0,"eslesmedi",IF(ROUND($D14,2)=ROUND($C14,2),"eslesti",IF(ABS(ROUND($D14,2)-ROUND($C14,2))<=toleransKurus,"tolerans_icinde","tutar_farki")))) | H14: =IF($A14="","",IF($B14>0,"BIRINCIL",IF(COUNTIF(tblAnahtarB[IkincilB],'ANAHTAR'!$D14)>0,"IKINCIL","YOK"))) | I14: =IF($A14="","",'ANAHTAR'!$F14) | J14: =IF(OR($A14="",$D14=0),0,$F14/ABS($D14)) | K14: =IF($A14="","",ROUND($D14,2)) | L14: =IF($A14="","",ROUND($C14,2)) | M14: =IF($A14="","",--($F14<=toleransKurus)) | N14: =IF($A14="","",--($F14>say_esikFark)) | O14: =IF($A14="","",IF(OR($G14="eslesti",$G14="tolerans_icinde"),$D14,0)) | P14: =IF($A14="","",$B14+$M14+$N14)
A15: =IF('ANAHTAR'!$B15="","",'ANAHTAR'!$B15) | B15: =IF($A15="","",COUNTIF(tblAnahtarB[NormB],$A15)) | C15: =IF($A15="","",SUMIF(tblAnahtarB[NormB],$A15,tblTahsilat[OdemeTutari])) | D15: =IF($A15="","",SUMIF(tblAnahtarA[Norm],$A15,tblDonem[ToplamBorc])) | E15: =IF($A15="","",ROUND($D15,2)-ROUND($C15,2)) | F15: =IF($A15="","",ABS($E15)) | G15: =IF($A15="","",IF($B15=0,"eslesmedi",IF(ROUND($D15,2)=ROUND($C15,2),"eslesti",IF(ABS(ROUND($D15,2)-ROUND($C15,2))<=toleransKurus,"tolerans_icinde","tutar_farki")))) | H15: =IF($A15="","",IF($B15>0,"BIRINCIL",IF(COUNTIF(tblAnahtarB[IkincilB],'ANAHTAR'!$D15)>0,"IKINCIL","YOK"))) | I15: =IF($A15="","",'ANAHTAR'!$F15) | J15: =IF(OR($A15="",$D15=0),0,$F15/ABS($D15)) | K15: =IF($A15="","",ROUND($D15,2)) | L15: =IF($A15="","",ROUND($C15,2)) | M15: =IF($A15="","",--($F15<=toleransKurus)) | N15: =IF($A15="","",--($F15>say_esikFark)) | O15: =IF($A15="","",IF(OR($G15="eslesti",$G15="tolerans_icinde"),$D15,0)) | P15: =IF($A15="","",$B15+$M15+$N15)
A16: =IF('ANAHTAR'!$B16="","",'ANAHTAR'!$B16) | B16: =IF($A16="","",COUNTIF(tblAnahtarB[NormB],$A16)) | C16: =IF($A16="","",SUMIF(tblAnahtarB[NormB],$A16,tblTahsilat[OdemeTutari])) | D16: =IF($A16="","",SUMIF(tblAnahtarA[Norm],$A16,tblDonem[ToplamBorc])) | E16: =IF($A16="","",ROUND($D16,2)-ROUND($C16,2)) | F16: =IF($A16="","",ABS($E16)) | G16: =IF($A16="","",IF($B16=0,"eslesmedi",IF(ROUND($D16,2)=ROUND($C16,2),"eslesti",IF(ABS(ROUND($D16,2)-ROUND($C16,2))<=toleransKurus,"tolerans_icinde","tutar_farki")))) | H16: =IF($A16="","",IF($B16>0,"BIRINCIL",IF(COUNTIF(tblAnahtarB[IkincilB],'ANAHTAR'!$D16)>0,"IKINCIL","YOK"))) | I16: =IF($A16="","",'ANAHTAR'!$F16) | J16: =IF(OR($A16="",$D16=0),0,$F16/ABS($D16)) | K16: =IF($A16="","",ROUND($D16,2)) | L16: =IF($A16="","",ROUND($C16,2)) | M16: =IF($A16="","",--($F16<=toleransKurus)) | N16: =IF($A16="","",--($F16>say_esikFark)) | O16: =IF($A16="","",IF(OR($G16="eslesti",$G16="tolerans_icinde"),$D16,0)) | P16: =IF($A16="","",$B16+$M16+$N16)
A17: =IF('ANAHTAR'!$B17="","",'ANAHTAR'!$B17) | B17: =IF($A17="","",COUNTIF(tblAnahtarB[NormB],$A17)) | C17: =IF($A17="","",SUMIF(tblAnahtarB[NormB],$A17,tblTahsilat[OdemeTutari])) | D17: =IF($A17="","",SUMIF(tblAnahtarA[Norm],$A17,tblDonem[ToplamBorc])) | E17: =IF($A17="","",ROUND($D17,2)-ROUND($C17,2)) | F17: =IF($A17="","",ABS($E17)) | G17: =IF($A17="","",IF($B17=0,"eslesmedi",IF(ROUND($D17,2)=ROUND($C17,2),"eslesti",IF(ABS(ROUND($D17,2)-ROUND($C17,2))<=toleransKurus,"tolerans_icinde","tutar_farki")))) | H17: =IF($A17="","",IF($B17>0,"BIRINCIL",IF(COUNTIF(tblAnahtarB[IkincilB],'ANAHTAR'!$D17)>0,"IKINCIL","YOK"))) | I17: =IF($A17="","",'ANAHTAR'!$F17) | J17: =IF(OR($A17="",$D17=0),0,$F17/ABS($D17)) | K17: =IF($A17="","",ROUND($D17,2)) | L17: =IF($A17="","",ROUND($C17,2)) | M17: =IF($A17="","",--($F17<=toleransKurus)) | N17: =IF($A17="","",--($F17>say_esikFark)) | O17: =IF($A17="","",IF(OR($G17="eslesti",$G17="tolerans_icinde"),$D17,0)) | P17: =IF($A17="","",$B17+$M17+$N17)
... A86: =IF('ANAHTAR'!$B86="","",'ANAHTAR'!$B86) | B86: =IF($A86="","",COUNTIF(tblAnahtarB[NormB],$A86)) | C86: =IF($A86="","",SUMIF(tblAnahtarB[NormB],$A86,tblTahsilat[OdemeTutari])) | D86: =IF($A86="","",SUMIF(tblAnahtarA[Norm],$A86,tblDonem[ToplamBorc])) | E86: =IF($A86="","",ROUND($D86,2)-ROUND($C86,2)) | F86: =IF($A86="","",ABS($E86)) | G86: =IF($A86="","",IF($B86=0,"eslesmedi",IF(ROUND($D86,2)=ROUND($C86,2),"eslesti",IF(ABS(ROUND($D86,2)-ROUND($C86,2))<=toleransKurus,"tolerans_icinde","tutar_farki")))) | H86: =IF($A86="","",IF($B86>0,"BIRINCIL",IF(COUNTIF(tblAnahtarB[IkincilB],'ANAHTAR'!$D86)>0,"IKINCIL","YOK"))) | I86: =IF($A86="","",'ANAHTAR'!$F86) | J86: =IF(OR($A86="",$D86=0),0,$F86/ABS($D86)) | K86: =IF($A86="","",ROUND($D86,2)) | L86: =IF($A86="","",ROUND($C86,2)) | M86: =IF($A86="","",--($F86<=toleransKurus)) | N86: =IF($A86="","",--($F86>say_esikFark)) | O86: =IF($A86="","",IF(OR($G86="eslesti",$G86="tolerans_icinde"),$D86,0)) | P86: =IF($A86="","",$B86+$M86+$N86)

Sheet KOK_NEDEN
A1: KOK NEDEN — Site/Apartman Yönetim Sistemi
A3: Kök neden — eşleşmeyen fark; TANIMSIZ elle incele (E04)
H4: Sıra | I4: Neden kodu | J4: Test | K4: Açıklama
A5: Norm | B5: Fark | C5: Kova | D5: NedenKodu | E5: Aciklama | F5: ElleIncele | H5: 1 | I5: EKSIK_ODEME | J5: fark>0 | K5: Borç tahsilattan büyük — eksik ödeme
A6: =IFERROR(IF(INDEX(tblEslesme[A_Norm],ROW()-ROW($A$5))="","",INDEX(tblEslesme[A_Norm],ROW()-ROW($A$5))),"") | B6: =IF($A6="","",IFERROR(INDEX(tblEslesme[Fark],ROW()-ROW($A$5)),0)) | C6: =IF($A6="","",IFERROR(INDEX(tblEslesme[Kova],ROW()-ROW($A$5)),"")) | D6: =IF($A6="","",IF($C6="eslesti","",IF($C6="tolerans_icinde","",IF($B6>0,"EKSIK_ODEME",IF($B6<0,"FAZLA_ODEME","TANIMSIZ"))))) | E6: =IF($D6="","",IF($D6="TANIMSIZ","Elle incele — TANIMSIZ kova",IF($D6="EKSIK_ODEME","Eksik ödeme / gecikme",IF($D6="FAZLA_ODEME","Fazla veya yanlış dönem","İncele")))) | F6: =IF($D6="TANIMSIZ","EVET","HAYIR") | H6: 2 | I6: FAZLA_ODEME | J6: fark<0 | K6: Tahsilat borçtan büyük — fazla/yanlış dönem
A7: =IFERROR(IF(INDEX(tblEslesme[A_Norm],ROW()-ROW($A$5))="","",INDEX(tblEslesme[A_Norm],ROW()-ROW($A$5))),"") | B7: =IF($A7="","",IFERROR(INDEX(tblEslesme[Fark],ROW()-ROW($A$5)),0)) | C7: =IF($A7="","",IFERROR(INDEX(tblEslesme[Kova],ROW()-ROW($A$5)),"")) | D7: =IF($A7="","",IF($C7="eslesti","",IF($C7="tolerans_icinde","",IF($B7>0,"EKSIK_ODEME",IF($B7<0,"FAZLA_ODEME","TANIMSIZ"))))) | E7: =IF($D7="","",IF($D7="TANIMSIZ","Elle incele — TANIMSIZ kova",IF($D7="EKSIK_ODEME","Eksik ödeme / gecikme",IF($D7="FAZLA_ODEME","Fazla veya yanlış dönem","İncele")))) | F7: =IF($D7="TANIMSIZ","EVET","HAYIR") | H7: 3 | I7: DONEM_UYUSMAZ | J7: ikincil=YOK | K7: Dönem anahtarı eşleşmedi
A8: =IFERROR(IF(INDEX(tblEslesme[A_Norm],ROW()-ROW($A$5))="","",INDEX(tblEslesme[A_Norm],ROW()-ROW($A$5))),"") | B8: =IF($A8="","",IFERROR(INDEX(tblEslesme[Fark],ROW()-ROW($A$5)),0)) | C8: =IF($A8="","",IFERROR(INDEX(tblEslesme[Kova],ROW()-ROW($A$5)),"")) | D8: =IF($A8="","",IF($C8="eslesti","",IF($C8="tolerans_icinde","",IF($B8>0,"EKSIK_ODEME",IF($B8<0,"FAZLA_ODEME","TANIMSIZ"))))) | E8: =IF($D8="","",IF($D8="TANIMSIZ","Elle incele — TANIMSIZ kova",IF($D8="EKSIK_ODEME","Eksik ödeme / gecikme",IF($D8="FAZLA_ODEME","Fazla veya yanlış dönem","İncele")))) | F8: =IF($D8="TANIMSIZ","EVET","HAYIR") | H8: 4 | I8: DUPLIKE | J8: duplike=EVET | K8: Çift kayıt şüphesi
A9: =IFERROR(IF(INDEX(tblEslesme[A_Norm],ROW()-ROW($A$5))="","",INDEX(tblEslesme[A_Norm],ROW()-ROW($A$5))),"") | B9: =IF($A9="","",IFERROR(INDEX(tblEslesme[Fark],ROW()-ROW($A$5)),0)) | C9: =IF($A9="","",IFERROR(INDEX(tblEslesme[Kova],ROW()-ROW($A$5)),"")) | D9: =IF($A9="","",IF($C9="eslesti","",IF($C9="tolerans_icinde","",IF($B9>0,"EKSIK_ODEME",IF($B9<0,"FAZLA_ODEME","TANIMSIZ"))))) | E9: =IF($D9="","",IF($D9="TANIMSIZ","Elle incele — TANIMSIZ kova",IF($D9="EKSIK_ODEME","Eksik ödeme / gecikme",IF($D9="FAZLA_ODEME","Fazla veya yanlış dönem","İncele")))) | F9: =IF($D9="TANIMSIZ","EVET","HAYIR") | H9: 5 | I9: TANIMSIZ | J9: TRUE | K9: Hiçbir kurala girmedi — elle incele
A10: =IFERROR(IF(INDEX(tblEslesme[A_Norm],ROW()-ROW($A$5))="","",INDEX(tblEslesme[A_Norm],ROW()-ROW($A$5))),"") | B10: =IF($A10="","",IFERROR(INDEX(tblEslesme[Fark],ROW()-ROW($A$5)),0)) | C10: =IF($A10="","",IFERROR(INDEX(tblEslesme[Kova],ROW()-ROW($A$5)),"")) | D10: =IF($A10="","",IF($C10="eslesti","",IF($C10="tolerans_icinde","",IF($B10>0,"EKSIK_ODEME",IF($B10<0,"FAZLA_ODEME","TANIMSIZ"))))) | E10: =IF($D10="","",IF($D10="TANIMSIZ","Elle incele — TANIMSIZ kova",IF($D10="EKSIK_ODEME","Eksik ödeme / gecikme",IF($D10="FAZLA_ODEME","Fazla veya yanlış dönem","İncele")))) | F10: =IF($D10="TANIMSIZ","EVET","HAYIR")
A11: =IFERROR(IF(INDEX(tblEslesme[A_Norm],ROW()-ROW($A$5))="","",INDEX(tblEslesme[A_Norm],ROW()-ROW($A$5))),"") | B11: =IF($A11="","",IFERROR(INDEX(tblEslesme[Fark],ROW()-ROW($A$5)),0)) | C11: =IF($A11="","",IFERROR(INDEX(tblEslesme[Kova],ROW()-ROW($A$5)),"")) | D11: =IF($A11="","",IF($C11="eslesti","",IF($C11="tolerans_icinde","",IF($B11>0,"EKSIK_ODEME",IF($B11<0,"FAZLA_ODEME","TANIMSIZ"))))) | E11: =IF($D11="","",IF($D11="TANIMSIZ","Elle incele — TANIMSIZ kova",IF($D11="EKSIK_ODEME","Eksik ödeme / gecikme",IF($D11="FAZLA_ODEME","Fazla veya yanlış dönem","İncele")))) | F11: =IF($D11="TANIMSIZ","EVET","HAYIR")
A12: =IFERROR(IF(INDEX(tblEslesme[A_Norm],ROW()-ROW($A$5))="","",INDEX(tblEslesme[A_Norm],ROW()-ROW($A$5))),"") | B12: =IF($A12="","",IFERROR(INDEX(tblEslesme[Fark],ROW()-ROW($A$5)),0)) | C12: =IF($A12="","",IFERROR(INDEX(tblEslesme[Kova],ROW()-ROW($A$5)),"")) | D12: =IF($A12="","",IF($C12="eslesti","",IF($C12="tolerans_icinde","",IF($B12>0,"EKSIK_ODEME",IF($B12<0,"FAZLA_ODEME","TANIMSIZ"))))) | E12: =IF($D12="","",IF($D12="TANIMSIZ","Elle incele — TANIMSIZ kova",IF($D12="EKSIK_ODEME","Eksik ödeme / gecikme",IF($D12="FAZLA_ODEME","Fazla veya yanlış dönem","İncele")))) | F12: =IF($D12="TANIMSIZ","EVET","HAYIR")
A13: =IFERROR(IF(INDEX(tblEslesme[A_Norm],ROW()-ROW($A$5))="","",INDEX(tblEslesme[A_Norm],ROW()-ROW($A$5))),"") | B13: =IF($A13="","",IFERROR(INDEX(tblEslesme[Fark],ROW()-ROW($A$5)),0)) | C13: =IF($A13="","",IFERROR(INDEX(tblEslesme[Kova],ROW()-ROW($A$5)),"")) | D13: =IF($A13="","",IF($C13="eslesti","",IF($C13="tolerans_icinde","",IF($B13>0,"EKSIK_ODEME",IF($B13<0,"FAZLA_ODEME","TANIMSIZ"))))) | E13: =IF($D13="","",IF($D13="TANIMSIZ","Elle incele — TANIMSIZ kova",IF($D13="EKSIK_ODEME","Eksik ödeme / gecikme",IF($D13="FAZLA_ODEME","Fazla veya yanlış dönem","İncele")))) | F13: =IF($D13="TANIMSIZ","EVET","HAYIR")
A14: =IFERROR(IF(INDEX(tblEslesme[A_Norm],ROW()-ROW($A$5))="","",INDEX(tblEslesme[A_Norm],ROW()-ROW($A$5))),"") | B14: =IF($A14="","",IFERROR(INDEX(tblEslesme[Fark],ROW()-ROW($A$5)),0)) | C14: =IF($A14="","",IFERROR(INDEX(tblEslesme[Kova],ROW()-ROW($A$5)),"")) | D14: =IF($A14="","",IF($C14="eslesti","",IF($C14="tolerans_icinde","",IF($B14>0,"EKSIK_ODEME",IF($B14<0,"FAZLA_ODEME","TANIMSIZ"))))) | E14: =IF($D14="","",IF($D14="TANIMSIZ","Elle incele — TANIMSIZ kova",IF($D14="EKSIK_ODEME","Eksik ödeme / gecikme",IF($D14="FAZLA_ODEME","Fazla veya yanlış dönem","İncele")))) | F14: =IF($D14="TANIMSIZ","EVET","HAYIR")
A15: =IFERROR(IF(INDEX(tblEslesme[A_Norm],ROW()-ROW($A$5))="","",INDEX(tblEslesme[A_Norm],ROW()-ROW($A$5))),"") | B15: =IF($A15="","",IFERROR(INDEX(tblEslesme[Fark],ROW()-ROW($A$5)),0)) | C15: =IF($A15="","",IFERROR(INDEX(tblEslesme[Kova],ROW()-ROW($A$5)),"")) | D15: =IF($A15="","",IF($C15="eslesti","",IF($C15="tolerans_icinde","",IF($B15>0,"EKSIK_ODEME",IF($B15<0,"FAZLA_ODEME","TANIMSIZ"))))) | E15: =IF($D15="","",IF($D15="TANIMSIZ","Elle incele — TANIMSIZ kova",IF($D15="EKSIK_ODEME","Eksik ödeme / gecikme",IF($D15="FAZLA_ODEME","Fazla veya yanlış dönem","İncele")))) | F15: =IF($D15="TANIMSIZ","EVET","HAYIR")
A16: =IFERROR(IF(INDEX(tblEslesme[A_Norm],ROW()-ROW($A$5))="","",INDEX(tblEslesme[A_Norm],ROW()-ROW($A$5))),"") | B16: =IF($A16="","",IFERROR(INDEX(tblEslesme[Fark],ROW()-ROW($A$5)),0)) | C16: =IF($A16="","",IFERROR(INDEX(tblEslesme[Kova],ROW()-ROW($A$5)),"")) | D16: =IF($A16="","",IF($C16="eslesti","",IF($C16="tolerans_icinde","",IF($B16>0,"EKSIK_ODEME",IF($B16<0,"FAZLA_ODEME","TANIMSIZ"))))) | E16: =IF($D16="","",IF($D16="TANIMSIZ","Elle incele — TANIMSIZ kova",IF($D16="EKSIK_ODEME","Eksik ödeme / gecikme",IF($D16="FAZLA_ODEME","Fazla veya yanlış dönem","İncele")))) | F16: =IF($D16="TANIMSIZ","EVET","HAYIR")
A17: =IFERROR(IF(INDEX(tblEslesme[A_Norm],ROW()-ROW($A$5))="","",INDEX(tblEslesme[A_Norm],ROW()-ROW($A$5))),"") | B17: =IF($A17="","",IFERROR(INDEX(tblEslesme[Fark],ROW()-ROW($A$5)),0)) | C17: =IF($A17="","",IFERROR(INDEX(tblEslesme[Kova],ROW()-ROW($A$5)),"")) | D17: =IF($A17="","",IF($C17="eslesti","",IF($C17="tolerans_icinde","",IF($B17>0,"EKSIK_ODEME",IF($B17<0,"FAZLA_ODEME","TANIMSIZ"))))) | E17: =IF($D17="","",IF($D17="TANIMSIZ","Elle incele — TANIMSIZ kova",IF($D17="EKSIK_ODEME","Eksik ödeme / gecikme",IF($D17="FAZLA_ODEME","Fazla veya yanlış dönem","İncele")))) | F17: =IF($D17="TANIMSIZ","EVET","HAYIR")
A18: =IFERROR(IF(INDEX(tblEslesme[A_Norm],ROW()-ROW($A$5))="","",INDEX(tblEslesme[A_Norm],ROW()-ROW($A$5))),"") | B18: =IF($A18="","",IFERROR(INDEX(tblEslesme[Fark],ROW()-ROW($A$5)),0)) | C18: =IF($A18="","",IFERROR(INDEX(tblEslesme[Kova],ROW()-ROW($A$5)),"")) | D18: =IF($A18="","",IF($C18="eslesti","",IF($C18="tolerans_icinde","",IF($B18>0,"EKSIK_ODEME",IF($B18<0,"FAZLA_ODEME","TANIMSIZ"))))) | E18: =IF($D18="","",IF($D18="TANIMSIZ","Elle incele — TANIMSIZ kova",IF($D18="EKSIK_ODEME","Eksik ödeme / gecikme",IF($D18="FAZLA_ODEME","Fazla veya yanlış dönem","İncele")))) | F18: =IF($D18="TANIMSIZ","EVET","HAYIR")
A19: =IFERROR(IF(INDEX(tblEslesme[A_Norm],ROW()-ROW($A$5))="","",INDEX(tblEslesme[A_Norm],ROW()-ROW($A$5))),"") | B19: =IF($A19="","",IFERROR(INDEX(tblEslesme[Fark],ROW()-ROW($A$5)),0)) | C19: =IF($A19="","",IFERROR(INDEX(tblEslesme[Kova],ROW()-ROW($A$5)),"")) | D19: =IF($A19="","",IF($C19="eslesti","",IF($C19="tolerans_icinde","",IF($B19>0,"EKSIK_ODEME",IF($B19<0,"FAZLA_ODEME","TANIMSIZ"))))) | E19: =IF($D19="","",IF($D19="TANIMSIZ","Elle incele — TANIMSIZ kova",IF($D19="EKSIK_ODEME","Eksik ödeme / gecikme",IF($D19="FAZLA_ODEME","Fazla veya yanlış dönem","İncele")))) | F19: =IF($D19="TANIMSIZ","EVET","HAYIR")
A20: =IFERROR(IF(INDEX(tblEslesme[A_Norm],ROW()-ROW($A$5))="","",INDEX(tblEslesme[A_Norm],ROW()-ROW($A$5))),"") | B20: =IF($A20="","",IFERROR(INDEX(tblEslesme[Fark],ROW()-ROW($A$5)),0)) | C20: =IF($A20="","",IFERROR(INDEX(tblEslesme[Kova],ROW()-ROW($A$5)),"")) | D20: =IF($A20="","",IF($C20="eslesti","",IF($C20="tolerans_icinde","",IF($B20>0,"EKSIK_ODEME",IF($B20<0,"FAZLA_ODEME","TANIMSIZ"))))) | E20: =IF($D20="","",IF($D20="TANIMSIZ","Elle incele — TANIMSIZ kova",IF($D20="EKSIK_ODEME","Eksik ödeme / gecikme",IF($D20="FAZLA_ODEME","Fazla veya yanlış dönem","İncele")))) | F20: =IF($D20="TANIMSIZ","EVET","HAYIR")
A21: =IFERROR(IF(INDEX(tblEslesme[A_Norm],ROW()-ROW($A$5))="","",INDEX(tblEslesme[A_Norm],ROW()-ROW($A$5))),"") | B21: =IF($A21="","",IFERROR(INDEX(tblEslesme[Fark],ROW()-ROW($A$5)),0)) | C21: =IF($A21="","",IFERROR(INDEX(tblEslesme[Kova],ROW()-ROW($A$5)),"")) | D21: =IF($A21="","",IF($C21="eslesti","",IF($C21="tolerans_icinde","",IF($B21>0,"EKSIK_ODEME",IF($B21<0,"FAZLA_ODEME","TANIMSIZ"))))) | E21: =IF($D21="","",IF($D21="TANIMSIZ","Elle incele — TANIMSIZ kova",IF($D21="EKSIK_ODEME","Eksik ödeme / gecikme",IF($D21="FAZLA_ODEME","Fazla veya yanlış dönem","İncele")))) | F21: =IF($D21="TANIMSIZ","EVET","HAYIR")
... A86: =IFERROR(IF(INDEX(tblEslesme[A_Norm],ROW()-ROW($A$5))="","",INDEX(tblEslesme[A_Norm],ROW()-ROW($A$5))),"") | B86: =IF($A86="","",IFERROR(INDEX(tblEslesme[Fark],ROW()-ROW($A$5)),0)) | C86: =IF($A86="","",IFERROR(INDEX(tblEslesme[Kova],ROW()-ROW($A$5)),"")) | D86: =IF($A86="","",IF($C86="eslesti","",IF($C86="tolerans_icinde","",IF($B86>0,"EKSIK_ODEME",IF($B86<0,"FAZLA_ODEME","TANIMSIZ"))))) | E86: =IF($D86="","",IF($D86="TANIMSIZ","Elle incele — TANIMSIZ kova",IF($D86="EKSIK_ODEME","Eksik ödeme / gecikme",IF($D86="FAZLA_ODEME","Fazla veya yanlış dönem","İncele")))) | F86: =IF($D86="TANIMSIZ","EVET","HAYIR")

Sheet AKIS
A1: AKIS — Site/Apartman Yönetim Sistemi
A3: İcap durum makinesi — yetim / geçersiz geçiş / ZİNCİR KIRIK
A5: IslemId | B5: KaynakKartId | C5: BorcId | D5: VadeTarihi | E5: OdemeTarihi | F5: OncekiDurum | G5: Durum | H5: BorcTutari | I5: OdemeTutari | J5: Tutar | K5: GecikmeGun | L5: YetimBayrak | M5: GecisUyarisi | N5: ZincirBayrak | O5: KayitDolu
A6: ICP-001 | B6: MLK-001 | C6: BRC-001 | D6: 46213 | G6: ACIK | H6: 2500 | I6: 0 | J6: =IF($A6="","",$H6-$I6) | K6: =IF($A6="","",IF(OR($G6="TAHSIL",$G6="KAPALI"),0,IF($D6="","",raporTarihi-$D6))) | L6: =IF($A6="","",IF($B6="","YETİM",IF(COUNTIF(tblPaydas[MalikId],$B6)=0,"YETİM",""))) | M6: =IF(OR($A6="",$F6=""),"",IF(OR($F6&"|"&$G6="",COUNTIF(ListeIzinliGecis,$F6&"|"&$G6)>0),"","GEÇERSİZ GEÇİŞ")) | N6: =IF($A6="","",IF(OR($G6="TAHSIL",$I6>0),IF(OR($H6="",$I6=""),"",IF(ABS($I6-$H6)>zincirTolerans,"ZİNCİR KIRIK","OK")),"OK")) | O6: =IF($A6="","",1)
A7: ICP-002 | B7: MLK-002 | C7: BRC-002 | D7: 46214 | F7: ACIK | G7: HATIRLATMA | H7: 2550 | I7: 0 | J7: =IF($A7="","",$H7-$I7) | K7: =IF($A7="","",IF(OR($G7="TAHSIL",$G7="KAPALI"),0,IF($D7="","",raporTarihi-$D7))) | L7: =IF($A7="","",IF($B7="","YETİM",IF(COUNTIF(tblPaydas[MalikId],$B7)=0,"YETİM",""))) | M7: =IF(OR($A7="",$F7=""),"",IF(OR($F7&"|"&$G7="",COUNTIF(ListeIzinliGecis,$F7&"|"&$G7)>0),"","GEÇERSİZ GEÇİŞ")) | N7: =IF($A7="","",IF(OR($G7="TAHSIL",$I7>0),IF(OR($H7="",$I7=""),"",IF(ABS($I7-$H7)>zincirTolerans,"ZİNCİR KIRIK","OK")),"OK")) | O7: =IF($A7="","",1)
A8: ICP-003 | B8: MLK-003 | C8: BRC-003 | D8: 46215 | F8: HATIRLATMA | G8: ICAP | H8: 2600 | I8: 0 | J8: =IF($A8="","",$H8-$I8) | K8: =IF($A8="","",IF(OR($G8="TAHSIL",$G8="KAPALI"),0,IF($D8="","",raporTarihi-$D8))) | L8: =IF($A8="","",IF($B8="","YETİM",IF(COUNTIF(tblPaydas[MalikId],$B8)=0,"YETİM",""))) | M8: =IF(OR($A8="",$F8=""),"",IF(OR($F8&"|"&$G8="",COUNTIF(ListeIzinliGecis,$F8&"|"&$G8)>0),"","GEÇERSİZ GEÇİŞ")) | N8: =IF($A8="","",IF(OR($G8="TAHSIL",$I8>0),IF(OR($H8="",$I8=""),"",IF(ABS($I8-$H8)>zincirTolerans,"ZİNCİR KIRIK","OK")),"OK")) | O8: =IF($A8="","",1)
A9: ICP-004 | B9: MLK-004 | C9: BRC-004 | D9: 46216 | E9: 46235 | F9: ICAP | G9: TAHSIL | H9: 2650 | I9: 2650 | J9: =IF($A9="","",$H9-$I9) | K9: =IF($A9="","",IF(OR($G9="TAHSIL",$G9="KAPALI"),0,IF($D9="","",raporTarihi-$D9))) | L9: =IF($A9="","",IF($B9="","YETİM",IF(COUNTIF(tblPaydas[MalikId],$B9)=0,"YETİM",""))) | M9: =IF(OR($A9="",$F9=""),"",IF(OR($F9&"|"&$G9="",COUNTIF(ListeIzinliGecis,$F9&"|"&$G9)>0),"","GEÇERSİZ GEÇİŞ")) | N9: =IF($A9="","",IF(OR($G9="TAHSIL",$I9>0),IF(OR($H9="",$I9=""),"",IF(ABS($I9-$H9)>zincirTolerans,"ZİNCİR KIRIK","OK")),"OK")) | O9: =IF($A9="","",1)
A10: ICP-005 | B10: MLK-005 | C10: BRC-005 | D10: 46217 | E10: 46235 | F10: ICAP | G10: KAPALI | H10: 2700 | I10: 2700 | J10: =IF($A10="","",$H10-$I10) | K10: =IF($A10="","",IF(OR($G10="TAHSIL",$G10="KAPALI"),0,IF($D10="","",raporTarihi-$D10))) | L10: =IF($A10="","",IF($B10="","YETİM",IF(COUNTIF(tblPaydas[MalikId],$B10)=0,"YETİM",""))) | M10: =IF(OR($A10="",$F10=""),"",IF(OR($F10&"|"&$G10="",COUNTIF(ListeIzinliGecis,$F10&"|"&$G10)>0),"","GEÇERSİZ GEÇİŞ")) | N10: =IF($A10="","",IF(OR($G10="TAHSIL",$I10>0),IF(OR($H10="",$I10=""),"",IF(ABS($I10-$H10)>zincirTolerans,"ZİNCİR KIRIK","OK")),"OK")) | O10: =IF($A10="","",1)
A11: ICP-006 | B11: MLK-006 | C11: BRC-006 | D11: 46218 | G11: ACIK | H11: 2750 | I11: 0 | J11: =IF($A11="","",$H11-$I11) | K11: =IF($A11="","",IF(OR($G11="TAHSIL",$G11="KAPALI"),0,IF($D11="","",raporTarihi-$D11))) | L11: =IF($A11="","",IF($B11="","YETİM",IF(COUNTIF(tblPaydas[MalikId],$B11)=0,"YETİM",""))) | M11: =IF(OR($A11="",$F11=""),"",IF(OR($F11&"|"&$G11="",COUNTIF(ListeIzinliGecis,$F11&"|"&$G11)>0),"","GEÇERSİZ GEÇİŞ")) | N11: =IF($A11="","",IF(OR($G11="TAHSIL",$I11>0),IF(OR($H11="",$I11=""),"",IF(ABS($I11-$H11)>zincirTolerans,"ZİNCİR KIRIK","OK")),"OK")) | O11: =IF($A11="","",1)
A12: ICP-007 | B12: MLK-007 | C12: BRC-007 | D12: 46219 | F12: ACIK | G12: HATIRLATMA | H12: 2800 | I12: 0 | J12: =IF($A12="","",$H12-$I12) | K12: =IF($A12="","",IF(OR($G12="TAHSIL",$G12="KAPALI"),0,IF($D12="","",raporTarihi-$D12))) | L12: =IF($A12="","",IF($B12="","YETİM",IF(COUNTIF(tblPaydas[MalikId],$B12)=0,"YETİM",""))) | M12: =IF(OR($A12="",$F12=""),"",IF(OR($F12&"|"&$G12="",COUNTIF(ListeIzinliGecis,$F12&"|"&$G12)>0),"","GEÇERSİZ GEÇİŞ")) | N12: =IF($A12="","",IF(OR($G12="TAHSIL",$I12>0),IF(OR($H12="",$I12=""),"",IF(ABS($I12-$H12)>zincirTolerans,"ZİNCİR KIRIK","OK")),"OK")) | O12: =IF($A12="","",1)
A13: ICP-008 | B13: MLK-008 | C13: BRC-008 | D13: 46220 | F13: HATIRLATMA | G13: ICAP | H13: 2850 | I13: 0 | J13: =IF($A13="","",$H13-$I13) | K13: =IF($A13="","",IF(OR($G13="TAHSIL",$G13="KAPALI"),0,IF($D13="","",raporTarihi-$D13))) | L13: =IF($A13="","",IF($B13="","YETİM",IF(COUNTIF(tblPaydas[MalikId],$B13)=0,"YETİM",""))) | M13: =IF(OR($A13="",$F13=""),"",IF(OR($F13&"|"&$G13="",COUNTIF(ListeIzinliGecis,$F13&"|"&$G13)>0),"","GEÇERSİZ GEÇİŞ")) | N13: =IF($A13="","",IF(OR($G13="TAHSIL",$I13>0),IF(OR($H13="",$I13=""),"",IF(ABS($I13-$H13)>zincirTolerans,"ZİNCİR KIRIK","OK")),"OK")) | O13: =IF($A13="","",1)
A14: ICP-009 | B14: MLK-009 | C14: BRC-009 | D14: 46221 | G14: ACIK | H14: 2900 | I14: 0 | J14: =IF($A14="","",$H14-$I14) | K14: =IF($A14="","",IF(OR($G14="TAHSIL",$G14="KAPALI"),0,IF($D14="","",raporTarihi-$D14))) | L14: =IF($A14="","",IF($B14="","YETİM",IF(COUNTIF(tblPaydas[MalikId],$B14)=0,"YETİM",""))) | M14: =IF(OR($A14="",$F14=""),"",IF(OR($F14&"|"&$G14="",COUNTIF(ListeIzinliGecis,$F14&"|"&$G14)>0),"","GEÇERSİZ GEÇİŞ")) | N14: =IF($A14="","",IF(OR($G14="TAHSIL",$I14>0),IF(OR($H14="",$I14=""),"",IF(ABS($I14-$H14)>zincirTolerans,"ZİNCİR KIRIK","OK")),"OK")) | O14: =IF($A14="","",1)
A15: ICP-010 | B15: MLK-010 | C15: BRC-010 | D15: 46222 | F15: ACIK | G15: HATIRLATMA | H15: 2950 | I15: 0 | J15: =IF($A15="","",$H15-$I15) | K15: =IF($A15="","",IF(OR($G15="TAHSIL",$G15="KAPALI"),0,IF($D15="","",raporTarihi-$D15))) | L15: =IF($A15="","",IF($B15="","YETİM",IF(COUNTIF(tblPaydas[MalikId],$B15)=0,"YETİM",""))) | M15: =IF(OR($A15="",$F15=""),"",IF(OR($F15&"|"&$G15="",COUNTIF(ListeIzinliGecis,$F15&"|"&$G15)>0),"","GEÇERSİZ GEÇİŞ")) | N15: =IF($A15="","",IF(OR($G15="TAHSIL",$I15>0),IF(OR($H15="",$I15=""),"",IF(ABS($I15-$H15)>zincirTolerans,"ZİNCİR KIRIK","OK")),"OK")) | O15: =IF($A15="","",1)
A16: ICP-011 | B16: MLK-011 | C16: BRC-011 | D16: 46223 | F16: ACIK | G16: ICAP | H16: 3000 | I16: 0 | J16: =IF($A16="","",$H16-$I16) | K16: =IF($A16="","",IF(OR($G16="TAHSIL",$G16="KAPALI"),0,IF($D16="","",raporTarihi-$D16))) | L16: =IF($A16="","",IF($B16="","YETİM",IF(COUNTIF(tblPaydas[MalikId],$B16)=0,"YETİM",""))) | M16: =IF(OR($A16="",$F16=""),"",IF(OR($F16&"|"&$G16="",COUNTIF(ListeIzinliGecis,$F16&"|"&$G16)>0),"","GEÇERSİZ GEÇİŞ")) | N16: =IF($A16="","",IF(OR($G16="TAHSIL",$I16>0),IF(OR($H16="",$I16=""),"",IF(ABS($I16-$H16)>zincirTolerans,"ZİNCİR KIRIK","OK")),"OK")) | O16: =IF($A16="","",1)
A17: ICP-012 | B17: MLK-012 | C17: BRC-012 | D17: 46224 | E17: 46235 | F17: ICAP | G17: TAHSIL | H17: 3050 | I17: 3050 | J17: =IF($A17="","",$H17-$I17) | K17: =IF($A17="","",IF(OR($G17="TAHSIL",$G17="KAPALI"),0,IF($D17="","",raporTarihi-$D17))) | L17: =IF($A17="","",IF($B17="","YETİM",IF(COUNTIF(tblPaydas[MalikId],$B17)=0,"YETİM",""))) | M17: =IF(OR($A17="",$F17=""),"",IF(OR($F17&"|"&$G17="",COUNTIF(ListeIzinliGecis,$F17&"|"&$G17)>0),"","GEÇERSİZ GEÇİŞ")) | N17: =IF($A17="","",IF(OR($G17="TAHSIL",$I17>0),IF(OR($H17="",$I17=""),"",IF(ABS($I17-$H17)>zincirTolerans,"ZİNCİR KIRIK","OK")),"OK")) | O17: =IF($A17="","",1)
A18: ICP-013 | B18: MLK-001 | C18: BRC-013 | D18: 46225 | E18: 46235 | F18: ICAP | G18: KAPALI | H18: 3100 | I18: 3100 | J18: =IF($A18="","",$H18-$I18) | K18: =IF($A18="","",IF(OR($G18="TAHSIL",$G18="KAPALI"),0,IF($D18="","",raporTarihi-$D18))) | L18: =IF($A18="","",IF($B18="","YETİM",IF(COUNTIF(tblPaydas[MalikId],$B18)=0,"YETİM",""))) | M18: =IF(OR($A18="",$F18=""),"",IF(OR($F18&"|"&$G18="",COUNTIF(ListeIzinliGecis,$F18&"|"&$G18)>0),"","GEÇERSİZ GEÇİŞ")) | N18: =IF($A18="","",IF(OR($G18="TAHSIL",$I18>0),IF(OR($H18="",$I18=""),"",IF(ABS($I18-$H18)>zincirTolerans,"ZİNCİR KIRIK","OK")),"OK")) | O18: =IF($A18="","",1)
A19: ICP-014 | B19: MLK-002 | C19: BRC-014 | D19: 46226 | G19: ACIK | H19: 3150 | I19: 0 | J19: =IF($A19="","",$H19-$I19) | K19: =IF($A19="","",IF(OR($G19="TAHSIL",$G19="KAPALI"),0,IF($D19="","",raporTarihi-$D19))) | L19: =IF($A19="","",IF($B19="","YETİM",IF(COUNTIF(tblPaydas[MalikId],$B19)=0,"YETİM",""))) | M19: =IF(OR($A19="",$F19=""),"",IF(OR($F19&"|"&$G19="",COUNTIF(ListeIzinliGecis,$F19&"|"&$G19)>0),"","GEÇERSİZ GEÇİŞ")) | N19: =IF($A19="","",IF(OR($G19="TAHSIL",$I19>0),IF(OR($H19="",$I19=""),"",IF(ABS($I19-$H19)>zincirTolerans,"ZİNCİR KIRIK","OK")),"OK")) | O19: =IF($A19="","",1)
A20: ICP-015 | B20: MLK-003 | C20: BRC-015 | D20: 46227 | F20: ACIK | G20: HATIRLATMA | H20: 3200 | I20: 0 | J20: =IF($A20="","",$H20-$I20) | K20: =IF($A20="","",IF(OR($G20="TAHSIL",$G20="KAPALI"),0,IF($D20="","",raporTarihi-$D20))) | L20: =IF($A20="","",IF($B20="","YETİM",IF(COUNTIF(tblPaydas[MalikId],$B20)=0,"YETİM",""))) | M20: =IF(OR($A20="",$F20=""),"",IF(OR($F20&"|"&$G20="",COUNTIF(ListeIzinliGecis,$F20&"|"&$G20)>0),"","GEÇERSİZ GEÇİŞ")) | N20: =IF($A20="","",IF(OR($G20="TAHSIL",$I20>0),IF(OR($H20="",$I20=""),"",IF(ABS($I20-$H20)>zincirTolerans,"ZİNCİR KIRIK","OK")),"OK")) | O20: =IF($A20="","",1)
A21: ICP-016 | B21: MLK-999 | C21: BRC-016 | D21: 46228 | F21: HATIRLATMA | G21: ICAP | H21: 3250 | I21: 0 | J21: =IF($A21="","",$H21-$I21) | K21: =IF($A21="","",IF(OR($G21="TAHSIL",$G21="KAPALI"),0,IF($D21="","",raporTarihi-$D21))) | L21: =IF($A21="","",IF($B21="","YETİM",IF(COUNTIF(tblPaydas[MalikId],$B21)=0,"YETİM",""))) | M21: =IF(OR($A21="",$F21=""),"",IF(OR($F21&"|"&$G21="",COUNTIF(ListeIzinliGecis,$F21&"|"&$G21)>0),"","GEÇERSİZ GEÇİŞ")) | N21: =IF($A21="","",IF(OR($G21="TAHSIL",$I21>0),IF(OR($H21="",$I21=""),"",IF(ABS($I21-$H21)>zincirTolerans,"ZİNCİR KIRIK","OK")),"OK")) | O21: =IF($A21="","",1)
A22: ICP-017 | B22: MLK-005 | C22: BRC-017 | D22: 46229 | G22: ACIK | H22: 3300 | I22: 0 | J22: =IF($A22="","",$H22-$I22) | K22: =IF($A22="","",IF(OR($G22="TAHSIL",$G22="KAPALI"),0,IF($D22="","",raporTarihi-$D22))) | L22: =IF($A22="","",IF($B22="","YETİM",IF(COUNTIF(tblPaydas[MalikId],$B22)=0,"YETİM",""))) | M22: =IF(OR($A22="",$F22=""),"",IF(OR($F22&"|"&$G22="",COUNTIF(ListeIzinliGecis,$F22&"|"&$G22)>0),"","GEÇERSİZ GEÇİŞ")) | N22: =IF($A22="","",IF(OR($G22="TAHSIL",$I22>0),IF(OR($H22="",$I22=""),"",IF(ABS($I22-$H22)>zincirTolerans,"ZİNCİR KIRIK","OK")),"OK")) | O22: =IF($A22="","",1)
A23: ICP-018 | B23: MLK-006 | C23: BRC-018 | D23: 46230 | F23: ACIK | G23: HATIRLATMA | H23: 3350 | I23: 0 | J23: =IF($A23="","",$H23-$I23) | K23: =IF($A23="","",IF(OR($G23="TAHSIL",$G23="KAPALI"),0,IF($D23="","",raporTarihi-$D23))) | L23: =IF($A23="","",IF($B23="","YETİM",IF(COUNTIF(tblPaydas[MalikId],$B23)=0,"YETİM",""))) | M23: =IF(OR($A23="",$F23=""),"",IF(OR($F23&"|"&$G23="",COUNTIF(ListeIzinliGecis,$F23&"|"&$G23)>0),"","GEÇERSİZ GEÇİŞ")) | N23: =IF($A23="","",IF(OR($G23="TAHSIL",$I23>0),IF(OR($H23="",$I23=""),"",IF(ABS($I23-$H23)>zincirTolerans,"ZİNCİR KIRIK","OK")),"OK")) | O23: =IF($A23="","",1)
J24: =IF($A24="","",$H24-$I24) | K24: =IF($A24="","",IF(OR($G24="TAHSIL",$G24="KAPALI"),0,IF($D24="","",raporTarihi-$D24))) | L24: =IF($A24="","",IF($B24="","YETİM",IF(COUNTIF(tblPaydas[MalikId],$B24)=0,"YETİM",""))) | M24: =IF(OR($A24="",$F24=""),"",IF(OR($F24&"|"&$G24="",COUNTIF(ListeIzinliGecis,$F24&"|"&$G24)>0),"","GEÇERSİZ GEÇİŞ")) | N24: =IF($A24="","",IF(OR($G24="TAHSIL",$I24>0),IF(OR($H24="",$I24=""),"",IF(ABS($I24-$H24)>zincirTolerans,"ZİNCİR KIRIK","OK")),"OK")) | O24: =IF($A24="","",1)
J25: =IF($A25="","",$H25-$I25) | K25: =IF($A25="","",IF(OR($G25="TAHSIL",$G25="KAPALI"),0,IF($D25="","",raporTarihi-$D25))) | L25: =IF($A25="","",IF($B25="","YETİM",IF(COUNTIF(tblPaydas[MalikId],$B25)=0,"YETİM",""))) | M25: =IF(OR($A25="",$F25=""),"",IF(OR($F25&"|"&$G25="",COUNTIF(ListeIzinliGecis,$F25&"|"&$G25)>0),"","GEÇERSİZ GEÇİŞ")) | N25: =IF($A25="","",IF(OR($G25="TAHSIL",$I25>0),IF(OR($H25="",$I25=""),"",IF(ABS($I25-$H25)>zincirTolerans,"ZİNCİR KIRIK","OK")),"OK")) | O25: =IF($A25="","",1)
J26: =IF($A26="","",$H26-$I26) | K26: =IF($A26="","",IF(OR($G26="TAHSIL",$G26="KAPALI"),0,IF($D26="","",raporTarihi-$D26))) | L26: =IF($A26="","",IF($B26="","YETİM",IF(COUNTIF(tblPaydas[MalikId],$B26)=0,"YETİM",""))) | M26: =IF(OR($A26="",$F26=""),"",IF(OR($F26&"|"&$G26="",COUNTIF(ListeIzinliGecis,$F26&"|"&$G26)>0),"","GEÇERSİZ GEÇİŞ")) | N26: =IF($A26="","",IF(OR($G26="TAHSIL",$I26>0),IF(OR($H26="",$I26=""),"",IF(ABS($I26-$H26)>zincirTolerans,"ZİNCİR KIRIK","OK")),"OK")) | O26: =IF($A26="","",1)
J27: =IF($A27="","",$H27-$I27) | K27: =IF($A27="","",IF(OR($G27="TAHSIL",$G27="KAPALI"),0,IF($D27="","",raporTarihi-$D27))) | L27: =IF($A27="","",IF($B27="","YETİM",IF(COUNTIF(tblPaydas[MalikId],$B27)=0,"YETİM",""))) | M27: =IF(OR($A27="",$F27=""),"",IF(OR($F27&"|"&$G27="",COUNTIF(ListeIzinliGecis,$F27&"|"&$G27)>0),"","GEÇERSİZ GEÇİŞ")) | N27: =IF($A27="","",IF(OR($G27="TAHSIL",$I27>0),IF(OR($H27="",$I27=""),"",IF(ABS($I27-$H27)>zincirTolerans,"ZİNCİR KIRIK","OK")),"OK")) | O27: =IF($A27="","",1)
J28: =IF($A28="","",$H28-$I28) | K28: =IF($A28="","",IF(OR($G28="TAHSIL",$G28="KAPALI"),0,IF($D28="","",raporTarihi-$D28))) | L28: =IF($A28="","",IF($B28="","YETİM",IF(COUNTIF(tblPaydas[MalikId],$B28)=0,"YETİM",""))) | M28: =IF(OR($A28="",$F28=""),"",IF(OR($F28&"|"&$G28="",COUNTIF(ListeIzinliGecis,$F28&"|"&$G28)>0),"","GEÇERSİZ GEÇİŞ")) | N28: =IF($A28="","",IF(OR($G28="TAHSIL",$I28>0),IF(OR($H28="",$I28=""),"",IF(ABS($I28-$H28)>zincirTolerans,"ZİNCİR KIRIK","OK")),"OK")) | O28: =IF($A28="","",1)
J29: =IF($A29="","",$H29-$I29) | K29: =IF($A29="","",IF(OR($G29="TAHSIL",$G29="KAPALI"),0,IF($D29="","",raporTarihi-$D29))) | L29: =IF($A29="","",IF($B29="","YETİM",IF(COUNTIF(tblPaydas[MalikId],$B29)=0,"YETİM",""))) | M29: =IF(OR($A29="",$F29=""),"",IF(OR($F29&"|"&$G29="",COUNTIF(ListeIzinliGecis,$F29&"|"&$G29)>0),"","GEÇERSİZ GEÇİŞ")) | N29: =IF($A29="","",IF(OR($G29="TAHSIL",$I29>0),IF(OR($H29="",$I29=""),"",IF(ABS($I29-$H29)>zincirTolerans,"ZİNCİR KIRIK","OK")),"OK")) | O29: =IF($A29="","",1)
J30: =IF($A30="","",$H30-$I30) | K30: =IF($A30="","",IF(OR($G30="TAHSIL",$G30="KAPALI"),0,IF($D30="","",raporTarihi-$D30))) | L30: =IF($A30="","",IF($B30="","YETİM",IF(COUNTIF(tblPaydas[MalikId],$B30)=0,"YETİM",""))) | M30: =IF(OR($A30="",$F30=""),"",IF(OR($F30&"|"&$G30="",COUNTIF(ListeIzinliGecis,$F30&"|"&$G30)>0),"","GEÇERSİZ GEÇİŞ")) | N30: =IF($A30="","",IF(OR($G30="TAHSIL",$I30>0),IF(OR($H30="",$I30=""),"",IF(ABS($I30-$H30)>zincirTolerans,"ZİNCİR KIRIK","OK")),"OK")) | O30: =IF($A30="","",1)
J31: =IF($A31="","",$H31-$I31) | K31: =IF($A31="","",IF(OR($G31="TAHSIL",$G31="KAPALI"),0,IF($D31="","",raporTarihi-$D31))) | L31: =IF($A31="","",IF($B31="","YETİM",IF(COUNTIF(tblPaydas[MalikId],$B31)=0,"YETİM",""))) | M31: =IF(OR($A31="",$F31=""),"",IF(OR($F31&"|"&$G31="",COUNTIF(ListeIzinliGecis,$F31&"|"&$G31)>0),"","GEÇERSİZ GEÇİŞ")) | N31: =IF($A31="","",IF(OR($G31="TAHSIL",$I31>0),IF(OR($H31="",$I31=""),"",IF(ABS($I31-$H31)>zincirTolerans,"ZİNCİR KIRIK","OK")),"OK")) | O31: =IF($A31="","",1)
J32: =IF($A32="","",$H32-$I32) | K32: =IF($A32="","",IF(OR($G32="TAHSIL",$G32="KAPALI"),0,IF($D32="","",raporTarihi-$D32))) | L32: =IF($A32="","",IF($B32="","YETİM",IF(COUNTIF(tblPaydas[MalikId],$B32)=0,"YETİM",""))) | M32: =IF(OR($A32="",$F32=""),"",IF(OR($F32&"|"&$G32="",COUNTIF(ListeIzinliGecis,$F32&"|"&$G32)>0),"","GEÇERSİZ GEÇİŞ")) | N32: =IF($A32="","",IF(OR($G32="TAHSIL",$I32>0),IF(OR($H32="",$I32=""),"",IF(ABS($I32-$H32)>zincirTolerans,"ZİNCİR KIRIK","OK")),"OK")) | O32: =IF($A32="","",1)
J33: =IF($A33="","",$H33-$I33) | K33: =IF($A33="","",IF(OR($G33="TAHSIL",$G33="KAPALI"),0,IF($D33="","",raporTarihi-$D33))) | L33: =IF($A33="","",IF($B33="","YETİM",IF(COUNTIF(tblPaydas[MalikId],$B33)=0,"YETİM",""))) | M33: =IF(OR($A33="",$F33=""),"",IF(OR($F33&"|"&$G33="",COUNTIF(ListeIzinliGecis,$F33&"|"&$G33)>0),"","GEÇERSİZ GEÇİŞ")) | N33: =IF($A33="","",IF(OR($G33="TAHSIL",$I33>0),IF(OR($H33="",$I33=""),"",IF(ABS($I33-$H33)>zincirTolerans,"ZİNCİR KIRIK","OK")),"OK")) | O33: =IF($A33="","",1)
J34: =IF($A34="","",$H34-$I34) | K34: =IF($A34="","",IF(OR($G34="TAHSIL",$G34="KAPALI"),0,IF($D34="","",raporTarihi-$D34))) | L34: =IF($A34="","",IF($B34="","YETİM",IF(COUNTIF(tblPaydas[MalikId],$B34)=0,"YETİM",""))) | M34: =IF(OR($A34="",$F34=""),"",IF(OR($F34&"|"&$G34="",COUNTIF(ListeIzinliGecis,$F34&"|"&$G34)>0),"","GEÇERSİZ GEÇİŞ")) | N34: =IF($A34="","",IF(OR($G34="TAHSIL",$I34>0),IF(OR($H34="",$I34=""),"",IF(ABS($I34-$H34)>zincirTolerans,"ZİNCİR KIRIK","OK")),"OK")) | O34: =IF($A34="","",1)
J35: =IF($A35="","",$H35-$I35) | K35: =IF($A35="","",IF(OR($G35="TAHSIL",$G35="KAPALI"),0,IF($D35="","",raporTarihi-$D35))) | L35: =IF($A35="","",IF($B35="","YETİM",IF(COUNTIF(tblPaydas[MalikId],$B35)=0,"YETİM",""))) | M35: =IF(OR($A35="",$F35=""),"",IF(OR($F35&"|"&$G35="",COUNTIF(ListeIzinliGecis,$F35&"|"&$G35)>0),"","GEÇERSİZ GEÇİŞ")) | N35: =IF($A35="","",IF(OR($G35="TAHSIL",$I35>0),IF(OR($H35="",$I35=""),"",IF(ABS($I35-$H35)>zincirTolerans,"ZİNCİR KIRIK","OK")),"OK")) | O35: =IF($A35="","",1)
... J86: =IF($A86="","",$H86-$I86) | K86: =IF($A86="","",IF(OR($G86="TAHSIL",$G86="KAPALI"),0,IF($D86="","",raporTarihi-$D86))) | L86: =IF($A86="","",IF($B86="","YETİM",IF(COUNTIF(tblPaydas[MalikId],$B86)=0,"YETİM",""))) | M86: =IF(OR($A86="",$F86=""),"",IF(OR($F86&"|"&$G86="",COUNTIF(ListeIzinliGecis,$F86&"|"&$G86)>0),"","GEÇERSİZ GEÇİŞ")) | N86: =IF($A86="","",IF(OR($G86="TAHSIL",$I86>0),IF(OR($H86="",$I86=""),"",IF(ABS($I86-$H86)>zincirTolerans,"ZİNCİR KIRIK","OK")),"OK")) | O86: =IF($A86="","",1)

Sheet GIDER
A1: GIDER — Site/Apartman Yönetim Sistemi
A3: Gider takibi — bütçe vs gerçekleşen
A5: GiderId | B5: Kalem | C5: Butce | D5: Gerceklesen | E5: Donem | F5: Sapma | G5: SapmaOran | H5: MotorAdim
A6: GDR-01 | B6: Temizlik | C6: 12000 | D6: 11500 | E6: 2026-08 | F6: =IF($A6="","",$D6-$C6) | G6: =IF(OR($A6="",$C6=0),0,$F6/ABS($C6)) | H6: =IF($A6="","",1)
A7: GDR-02 | B7: Güvenlik | C7: 18000 | D7: 18200 | E7: 2026-08 | F7: =IF($A7="","",$D7-$C7) | G7: =IF(OR($A7="",$C7=0),0,$F7/ABS($C7)) | H7: =IF($A7="","",1)
A8: GDR-03 | B8: Asansör bakım | C8: 4500 | D8: 4800 | E8: 2026-08 | F8: =IF($A8="","",$D8-$C8) | G8: =IF(OR($A8="",$C8=0),0,$F8/ABS($C8)) | H8: =IF($A8="","",1)
A9: GDR-04 | B9: Elektrik ortak | C9: 8500 | D9: 9200 | E9: 2026-08 | F9: =IF($A9="","",$D9-$C9) | G9: =IF(OR($A9="",$C9=0),0,$F9/ABS($C9)) | H9: =IF($A9="","",1)
A10: GDR-05 | B10: Su ortak | C10: 3200 | D10: 3100 | E10: 2026-08 | F10: =IF($A10="","",$D10-$C10) | G10: =IF(OR($A10="",$C10=0),0,$F10/ABS($C10)) | H10: =IF($A10="","",1)
A11: GDR-06 | B11: Bahçe | C11: 2800 | D11: 2500 | E11: 2026-08 | F11: =IF($A11="","",$D11-$C11) | G11: =IF(OR($A11="",$C11=0),0,$F11/ABS($C11)) | H11: =IF($A11="","",1)
A12: GDR-07 | B12: Sigorta | C12: 6000 | D12: 6000 | E12: 2026-08 | F12: =IF($A12="","",$D12-$C12) | G12: =IF(OR($A12="",$C12=0),0,$F12/ABS($C12)) | H12: =IF($A12="","",1)
A13: GDR-08 | B13: Yönetim ücreti | C13: 7500 | D13: 7500 | E13: 2026-08 | F13: =IF($A13="","",$D13-$C13) | G13: =IF(OR($A13="",$C13=0),0,$F13/ABS($C13)) | H13: =IF($A13="","",1)
A14: GDR-09 | B14: Küçük onarım | C14: 4000 | D14: 5200 | E14: 2026-08 | F14: =IF($A14="","",$D14-$C14) | G14: =IF(OR($A14="",$C14=0),0,$F14/ABS($C14)) | H14: =IF($A14="","",1)
A15: GDR-10 | B15: Hukuk danışman | C15: 2000 | D15: 0 | E15: 2026-08 | F15: =IF($A15="","",$D15-$C15) | G15: =IF(OR($A15="",$C15=0),0,$F15/ABS($C15)) | H15: =IF($A15="","",1)
F16: =IF($A16="","",$D16-$C16) | G16: =IF(OR($A16="",$C16=0),0,$F16/ABS($C16)) | H16: =IF($A16="","",1)
F17: =IF($A17="","",$D17-$C17) | G17: =IF(OR($A17="",$C17=0),0,$F17/ABS($C17)) | H17: =IF($A17="","",1)
F18: =IF($A18="","",$D18-$C18) | G18: =IF(OR($A18="",$C18=0),0,$F18/ABS($C18)) | H18: =IF($A18="","",1)
F19: =IF($A19="","",$D19-$C19) | G19: =IF(OR($A19="",$C19=0),0,$F19/ABS($C19)) | H19: =IF($A19="","",1)
F20: =IF($A20="","",$D20-$C20) | G20: =IF(OR($A20="",$C20=0),0,$F20/ABS($C20)) | H20: =IF($A20="","",1)
F21: =IF($A21="","",$D21-$C21) | G21: =IF(OR($A21="",$C21=0),0,$F21/ABS($C21)) | H21: =IF($A21="","",1)
F22: =IF($A22="","",$D22-$C22) | G22: =IF(OR($A22="",$C22=0),0,$F22/ABS($C22)) | H22: =IF($A22="","",1)
F23: =IF($A23="","",$D23-$C23) | G23: =IF(OR($A23="",$C23=0),0,$F23/ABS($C23)) | H23: =IF($A23="","",1)
F24: =IF($A24="","",$D24-$C24) | G24: =IF(OR($A24="",$C24=0),0,$F24/ABS($C24)) | H24: =IF($A24="","",1)
F25: =IF($A25="","",$D25-$C25) | G25: =IF(OR($A25="",$C25=0),0,$F25/ABS($C25)) | H25: =IF($A25="","",1)
F26: =IF($A26="","",$D26-$C26) | G26: =IF(OR($A26="",$C26=0),0,$F26/ABS($C26)) | H26: =IF($A26="","",1)
F27: =IF($A27="","",$D27-$C27) | G27: =IF(OR($A27="",$C27=0),0,$F27/ABS($C27)) | H27: =IF($A27="","",1)
... F86: =IF($A86="","",$D86-$C86) | G86: =IF(OR($A86="",$C86=0),0,$F86/ABS($C86)) | H86: =IF($A86="","",1)

Sheet KARARLAR
A1: KARARLAR — Site/Apartman Yönetim Sistemi
A3: Genel kurul / yönetim kararları — kanıt niteliğinde defter
A5: KararId | B5: Tarih | C5: Konu | D5: Sonuc | E5: Organ | F5: MotorAdim
A6: KR-01 | B6: 46037 | C6: 2026 bütçe onayı | D6: ONAY | E6: YK | F6: =IF($A6="","",1)
A7: KR-02 | B7: 46101 | C7: Asansör ihalesi | D7: ONAY | E7: GK | F7: =IF($A7="","",1)
A8: KR-03 | B8: 46152 | C8: Aidat artışı %8 | D8: ONAY | E8: GK | F8: =IF($A8="","",1)
A9: KR-04 | B9: 46185 | C9: Bahçe yenileme | D9: ERTELE | E9: YK | F9: =IF($A9="","",1)
A10: KR-05 | B10: 46211 | C10: İcap prosedürü | D10: ONAY | E10: YK | F10: =IF($A10="","",1)
A11: KR-06 | B11: 46239 | C11: Genel kurul gündemi | D11: TASLAK | E11: YK | F11: =IF($A11="","",1)
F12: =IF($A12="","",1)
F13: =IF($A13="","",1)
F14: =IF($A14="","",1)
F15: =IF($A15="","",1)
F16: =IF($A16="","",1)
F17: =IF($A17="","",1)
F18: =IF($A18="","",1)
F19: =IF($A19="","",1)
F20: =IF($A20="","",1)
F21: =IF($A21="","",1)
F22: =IF($A22="","",1)
F23: =IF($A23="","",1)
... F86: =IF($A86="","",1)

Sheet KARAR
A1: KARAR — Site/Apartman Yönetim Sistemi
A3: Karar kapısı ve gerekçe
A5: Karar | B5: =say_kararKapi
A6: Gerekçe | B6: =say_kararGerekce
A8: Tahsilat oranı | B8: =say_tahsilatOrani
A9: Hedef | B9: =GIRDI!B9
A10: Zincir kırık | B10: =say_zincirKirik
A11: Yetim | B11: =say_yetimKayit
A13: Modül özeti
A14: T1 Tahsilat oranı | B14: =say_modulT1 | C14: =say_modulT1Yorum
A15: T2 Trend Ağustos | B15: =say_modulT2 | C15: =say_modulT2Yorum
A16: O1 Geciken | B16: =say_modulO1 | C16: =say_modulO1Yorum
A17: O2 Tornado | B17: =say_modulO2 | C17: =say_modulO2Yorum
A18: O3 Senaryo bandı | B18: =say_modulO3 | C18: =say_modulO3Yorum
A19: O6 Gider HHI | B19: =say_modulO6 | C19: =say_modulO6Yorum
A20: O8 Kalite | B20: =say_modulO8 | C20: =say_modulO8Yorum
A21: I1 Tahmin | B21: =say_modulI1 | C21: =say_modulI1Yorum
A22: I2 P90 | B22: =say_modulI2 | C22: =say_modulI2Yorum

Sheet RAPOR
A1: RAPOR — Site/Apartman Yönetim Sistemi
A2: GENEL KURUL / DENETİM KANIT RAPORU
A3: Ürün: Site/Apartman Yönetim Sistemi · Sürüm 1.0.0
A4: Rapor tarihi | B4: =raporTarihi
A5: Site | B5: =GIRDI!B5
A6: Karar | B6: =say_kararKapi
A8: Özet KPI
A9: Toplam borç | B9: =say_toplamBorc
A10: Toplam tahsilat | B10: =say_toplamTahsilat
A11: Tahsilat oranı | B11: =say_tahsilatOrani
A12: Kasa bakiyesi | B12: =say_kasaBakiye
A13: Gider sapması | B13: =say_giderSapma
A14: İcap kuyruk | B14: =say_icapKuyruk
A16: Varsayımlar
A17: Gecikme zammı oranı AYARLAR.say_gecikmeZammi (KMK md.20 çerçevesi). Bu çıktı hukuki tavsiye değildir; karar destek kanıtıdır.
A20: İmza — Yönetici | C20: İmza — Denetçi
A22: ________________ | C22: ________________
A24: Uyarılar: Yetim / geçersiz geçiş / ZİNCİR KIRIK sayıları PANO'da.

Sheet KONTROLLER
A1: KONTROLLER — Site/Apartman Yönetim Sistemi
A3: Çalışma kitabı sağlık paneli
A5: Paydaş dolu mu? | B5: =IF(COUNTA(tblPaydas[MalikId])=0,"BOŞ","DOLU")
A6: Borç satırı var mı? | B6: =IF(COUNTA(tblDonem[BorcId])=0,"BOŞ","DOLU")
A7: Tahsilat var mı? | B7: =IF(COUNTA(tblTahsilat[OdemeId])=0,"BOŞ","DOLU")
A8: Kova bütünlük | B8: =say_kovaButunluk
A9: Yetim var mı? | B9: =IF(say_yetimKayit>0,"HATALI","TEMİZ")
A10: Geçersiz geçiş | B10: =IF(say_gecersizGecis>0,"HATALI","TEMİZ")
A11: Zincir kırık | B11: =IF(say_zincirKirik>0,"ALARM","TEMİZ")
A12: Karar kapısı | B12: =say_kararKapi

Sheet ORNEK_VERI
A1: ORNEK VERI — Site/Apartman Yönetim Sistemi
A3: Demo veri özeti — üretim örnekleri
A5: Malik sayısı | B5: 12
A6: Borç satırı | B6: 20
A7: Tahsilat satırı | B7: 16
A8: İcap satırı | B8: 18
A10: Not: Sarı hücrelere kendi site verinizi yazın; formüller otomatik güncellenir.

Sheet LISTELER
A1: LISTELER — Site/Apartman Yönetim Sistemi
A3: Açılır listeler
A5: EvetHayir | C5: Durum | E5: KararSonuc | G5: Organ | I5: IzinliGecis
A6: EVET | C6: ACIK | E6: ONAY | G6: YK | I6: ACIK|HATIRLATMA
A7: HAYIR | C7: HATIRLATMA | E7: ERTELE | G7: GK | I7: HATIRLATMA|ICAP
C8: ICAP | E8: TASLAK | I8: HATIRLATMA|ACIK
C9: TAHSIL | E9: RED | I9: ICAP|TAHSIL
C10: KAPALI | I10: ICAP|KAPALI

Sheet AYARLAR
A1: AYARLAR — Site/Apartman Yönetim Sistemi
A3: Tek kaynak parametreler + durum haritası (A01/A06)
A4: anahtar | B4: deger | C4: birim | D4: kaynak | E4: yururluk_tarihi | F4: aciklama
A5: raporTarihi | B5: 46245 | C5: tarih | D5: Yönetim kurulu | E5: 01.01.2026 | F5: Rapor tarihi | G5: durum_id | H5: durum_adi | I5: sira | J5: izinli_sonraki_durumlar | K5: kategori
A6: toleransKurus | B6: 0.05 | C6: TL | D6: Mutabakat politikası | E6: 01.01.2026 | F6: Eşleştirme toleransı | G6: ACIK | H6: Açık | I6: 1 | J6: HATIRLATMA | K6: acik | M6: Ayna / karar motoru
A7: zincirTolerans | B7: 100 | C7: TL | D7: İcap prosedürü | E7: 01.01.2026 | F7: ZİNCİR KIRIK eşiği | G7: HATIRLATMA | H7: Hatırlatma | I7: 2 | J7: ICAP|ACIK | K7: acik | M7: say_toplamBorc | N7: =SUMIF(tblDonem[BorcId],"<>",tblDonem[ToplamBorc])
A8: say_gecikmeZammi | B8: 0.05 | C8: oran | D8: KMK md.20 | E8: 01.01.2026 | F8: Gecikme zammı | G8: ICAP | H8: İcap | I8: 3 | J8: TAHSIL|KAPALI | K8: acik | M8: say_toplamTahsilat | N8: =SUMIF(tblTahsilat[OdemeId],"<>",tblTahsilat[OdemeTutari])
A9: say_icapEsikGun | B9: 30 | C9: gun | D9: KMK md.20 | E9: 01.01.2026 | F9: İcap gün eşiği | G9: TAHSIL | H9: Tahsil | I9: 4 | K9: kapali | M9: say_tahsilatOrani | N9: =IF(say_toplamBorc=0,0,say_toplamTahsilat/say_toplamBorc)
A10: say_esikFark | B10: 50 | C10: TL | D10: Yönetim kurulu | E10: 01.01.2026 | F10: Fark alarm eşiği | G10: KAPALI | H10: Kapalı | I10: 5 | K10: kapali | M10: say_kasaBakiye | N10: =say_toplamTahsilat-SUMIF(tblGider[GiderId],"<>",tblGider[Gerceklesen])
A11: say_ikincilUzunluk | B11: 12 | C11: adet | D11: Anahtar stratejisi | E11: 01.01.2026 | F11: İkincil anahtar | M11: say_gecikenMalik | N11: =COUNTIFS(tblPaydas[Bakiye],">0",tblPaydas[Aktif],"EVET")
A12: say_hedefTahsilat | B12: 0.92 | C12: oran | D12: Bütçe kararı | E12: 01.01.2026 | F12: Hedef tahsilat | M12: say_icapKuyruk | N12: =COUNTIF(tblAkis[Durum],"ICAP")+COUNTIF(tblAkis[Durum],"HATIRLATMA")
A13: say_senaryoIyimser | B13: 1.08 | C13: oran | D13: Senaryo motoru | E13: 01.01.2026 | F13: İyimser çarpan | M13: say_yetimKayit | N13: =COUNTIF(tblAkis[YetimBayrak],"YETİM")
A14: say_senaryoKotumser | B14: 0.85 | C14: oran | D14: Senaryo motoru | E14: 01.01.2026 | F14: Kötümser çarpan | M14: say_gecersizGecis | N14: =COUNTIF(tblAkis[GecisUyarisi],"GEÇERSİZ GEÇİŞ")
A15: say_fiyatModeli | B15: 9900 | C15: TL | D15: Fiyat çapası D0 | E15: 01.01.2026 | F15: Satış fiyatı | M15: say_zincirKirik | N15: =COUNTIF(tblAkis[ZincirBayrak],"ZİNCİR KIRIK")
A16: say_olcekHedef | B16: 50000 | C16: satir | D16: SPEC olcek | E16: 01.01.2026 | F16: Ölçek sözleşmesi | M16: say_eslesmeOrani | N16: =IF(COUNTA(tblEslesme[A_Norm])=0,0,(COUNTIF(tblEslesme[Kova],"eslesti")+COUNTIF(tblEslesme[Kova],"tolerans_icinde"))/COUNTA(tblEslesme[A_Norm]))
A17: say_trendOcak | B17: 0.78 | C17: oran | D17: Tarihsel tahsilat | E17: 01.01.2026 | F17: Ocak trend | M17: say_giderSapma | N17: =SUMIF(tblGider[GiderId],"<>",tblGider[Sapma])
A18: say_trendSubat | B18: 0.8 | C18: oran | D18: Tarihsel tahsilat | E18: 01.01.2026 | F18: Subat trend | M18: say_kararSayisi | N18: =COUNTA(tblKararlar[KararId])
A19: say_trendMart | B19: 0.82 | C19: oran | D19: Tarihsel tahsilat | E19: 01.01.2026 | F19: Mart trend | M19: say_kovaButunluk | N19: =ESLESTIRME!C2
A20: say_trendNisan | B20: 0.85 | C20: oran | D20: Tarihsel tahsilat | E20: 01.01.2026 | F20: Nisan trend | M20: say_kararKapi | N20: =IF(COUNTA(tblDonem[BorcId])=0,"VERİ YOK",IF(OR(say_tahsilatOrani<say_hedefTahsilat*say_kritikCarpan,say_zincirKirik>0),"KRİTİK",IF(OR(say_tahsilatOrani<say_hedefTahsilat,say_yetimKayit>0,say_gecersizGecis>0),"DİKKAT","UYGUN")))
A21: say_trendMayis | B21: 0.88 | C21: oran | D21: Tarihsel tahsilat | E21: 01.01.2026 | F21: Mayis trend | M21: say_kararGerekce | N21: =IF(say_kararKapi="VERİ YOK","Borç satırı yok — veri girin",IF(say_kararKapi="KRİTİK","Tahsilat oranı kritik veya ZİNCİR KIRIK var",IF(say_kararKapi="DİKKAT","Hedef altı tahsilat veya yetim/geçersiz geçiş","Tahsilat ve akış eşikleri içinde")))
A22: say_trendHaziran | B22: 0.9 | C22: oran | D22: Tarihsel tahsilat | E22: 01.01.2026 | F22: Haziran trend | M22: say_normAnahtar | N22: =COUNTA(tblAnahtarA[Norm])
A23: say_trendTemmuz | B23: 0.95 | C23: oran | D23: Tarihsel tahsilat | E23: 01.01.2026 | F23: Temmuz trend | M23: say_tanimsizKova | N23: =COUNTIF(tblKok[NedenKodu],"TANIMSIZ")
A24: say_trendAgustos | B24: 1 | C24: oran | D24: Tarihsel tahsilat | E24: 01.01.2026 | F24: Agustos trend | M24: say_durumHaritasi | N24: =COUNTA(AYARLAR!G6:G10)
A25: say_trendEylul | B25: 0.97 | C25: oran | D25: Tarihsel tahsilat | E25: 01.01.2026 | F25: Eylul trend | M25: say_kanitRaporu | N25: =IF(say_kararSayisi>0,1,)
A26: say_trendEkim | B26: 0.93 | C26: oran | D26: Tarihsel tahsilat | E26: 01.01.2026 | F26: Ekim trend | M26: say_kapaliDusum | N26: =COUNTIF(tblAkis[Durum],"TAHSIL")+COUNTIF(tblAkis[Durum],"KAPALI")
A27: say_trendKasim | B27: 0.9 | C27: oran | D27: Tarihsel tahsilat | E27: 01.01.2026 | F27: Kasim trend | M27: say_modulT1 | N27: =say_tahsilatOrani
A28: say_trendAralik | B28: 0.88 | C28: oran | D28: Tarihsel tahsilat | E28: 01.01.2026 | F28: Aralik trend | M28: say_modulT1Yorum | N28: ="Tahsilat oranı: "&TEXT(say_modulT1,"0.0%")
M29: say_modulT2 | N29: =say_trendAgustos
M30: say_modulT2Yorum | N30: ="Ağustos trend endeksi "&TEXT(say_modulT2,"0.00")
M31: say_modulO1 | N31: =say_gecikenMalik
M32: say_modulO1Yorum | N32: ="Geciken aktif malik: "&say_modulO1
M33: say_modulO2 | N33: =say_toplamBorc*say_gecikmeZammi
M34: say_modulO2Yorum | N34: ="Tornado: gecikme zammı etkisi"
M35: say_modulO3 | N35: =say_toplamTahsilat*(say_senaryoIyimser-say_senaryoKotumser)
M36: say_modulO3Yorum | N36: ="Senaryo bandı genişliği"
M37: say_modulO6 | N37: =IF(SUMIF(tblGider[GiderId],"<>",tblGider[Gerceklesen])=0,0,SUMIF(tblGider[Gerceklesen],">0")/100000)
M38: say_modulO6Yorum | N38: ="Gider yoğunlaşma vekili"
M39: say_modulO8 | N39: =IF(COUNTA(tblDonem[BorcId])=0,0,ROUND(100*(1-(say_yetimKayit+say_gecersizGecis+say_zincirKirik)/10),0))
M40: say_modulO8Yorum | N40: ="Veri kalite skoru 0-100"
M41: say_modulI1 | N41: =say_toplamTahsilat*say_trendEylul
M42: say_modulI1Yorum | N42: ="Sonraki ay tahmin (Eylül endeksi)"
M43: say_modulI2 | N43: =IFERROR(PERCENTILE(tblDonem[GecikmeGun],0.9),0)
M44: say_modulI2Yorum | N44: ="Gecikme günü P90"
M45: say_kvkkBeyani | N45: 1
M46: say_kritikCarpan | N46: 0.85

Sheet KILAVUZ
A1: KILAVUZ — Site/Apartman Yönetim Sistemi
A3: Kullanım kılavuzu
A5: 1. GIRDI: Site adı, dönem, aidat tabanı ve hedefleri sarı hücrelere yazın.
A6: 2. PAYDASLAR: Her malik için benzersiz MalikId kullanın.
A7: 3. DONEMLER: Aylık borçlandırma; gecikme zammı AYARLAR.say_gecikmeZammi ile hesaplanır.
A8: 4. TAHSILAT: Ödemeleri malik+dönem anahtarıyla girin; ANAHTAR/ESLESTIRME otomatik çalışır.
A9: 5. AKIS: İcap sürecini durum haritasına uygun ilerletin; geçersiz geçiş uyarılır.
A10: 6. GIDER / KARARLAR: Bütçe sapması ve genel kurul kararlarını kaydedin.
A11: 7. PANO / KARAR / RAPOR: Yönetim özeti ve genel kurul kanıt çıktısı.
A12: 8. Korumalı alanlar şifre 1234 ile kilitlidir; sarı giriş hücreleri açıktır.
A13: 9. Bu araç hukuki tavsiye değildir; KMK çerçevesinde karar destek kanıtı üretir.
